{
"type": "FeatureCollection",
"name": "vancouver_lts_scored",
"crs": { "type": "name", "properties": { "name": "urn:ogc:def:crs:OGC:1.3:CRS84" } },
"features": [
{ "type": "Feature", "properties": { "lts_score": 1, "facility_type": "bike_lane", "highway": "tertiary", "name": "Yukon Street" }, "geometry": { "type": "LineString", "coordinates": [ [ -123.1127754, 49.2666433 ], [ -123.1127722, 49.2667026 ], [ -123.1127708, 49.2667191 ], [ -123.1127624, 49.2669348 ], [ -123.1127286, 49.2670763 ], [ -123.112718, 49.2672139 ], [ -123.1127086, 49.2673515 ] ] } },
{ "type": "Feature", "properties": { "lts_score": 3, "facility_type": "mixed", "highway": "residential", "name": "West 5th Avenue" }, "geometry": { "type": "LineString", "coordinates": [ [ -123.1127754, 49.2666433 ], [ -123.1128712, 49.2666451 ], [ -123.1129239, 49.2666463 ], [ -123.1129339, 49.2666465 ], [ -123.1130287, 49.2666485 ], [ -123.113537, 49.26666 ], [ -123.1142641, 49.2666741 ], [ -123.1143016, 49.266716 ], [ -123.1143197, 49.2667363 ], [ -123.1143753, 49.2667986 ] ] } },
{ "type": "Feature", "properties": { "lts_score": 1, "facility_type": "mixed", "highway": "residential", "name": "West 5th Avenue" }, "geometry": { "type": "LineString", "coordinates": [ [ -123.1127754, 49.2666433 ], [ -123.1126573, 49.2666409 ], [ -123.1126307, 49.2666403 ], [ -123.1109402, 49.2666052 ], [ -123.1108254, 49.2666028 ] ] } },
{ "type": "Feature", "properties": { "lts_score": 1, "facility_type": "bike_lane", "highway": "tertiary", "name": "Yukon Street" }, "geometry": { "type": "LineString", "coordinates": [ [ -123.1127754, 49.2666433 ], [ -123.1127788, 49.2665655 ], [ -123.1127802, 49.2665378 ], [ -123.1127834, 49.2664673 ], [ -123.1127885, 49.2663542 ], [ -123.1127963, 49.2661843 ], [ -123.1128077, 49.2659315 ], [ -123.1128133, 49.2658078 ], [ -123.1128168, 49.2657303 ] ] } },
{ "type": "Feature", "properties": { "lts_score": 1, "facility_type": "bike_lane", "highway": "tertiary", "name": "Yukon Street" }, "geometry": { "type": "LineString", "coordinates": [ [ -123.1128579, 49.2648225 ], [ -123.1128613, 49.2647492 ], [ -123.1128622, 49.2647276 ], [ -123.1128638, 49.2646928 ], [ -123.1128788, 49.2643615 ], [ -123.1128799, 49.2643387 ], [ -123.1128825, 49.2642804 ], [ -123.1128941, 49.2640241 ], [ -123.1128955, 49.2639931 ], [ -123.112899, 49.2639164 ] ] } },
{ "type": "Feature", "properties": { "lts_score": 1, "facility_type": "bike_lane", "highway": "tertiary", "name": "Yukon Street" }, "geometry": { "type": "LineString", "coordinates": [ [ -123.1128579, 49.2648225 ], [ -123.112855, 49.2649031 ], [ -123.112853, 49.2649313 ], [ -123.1128389, 49.2652767 ], [ -123.1128204, 49.2656508 ], [ -123.1128168, 49.2657303 ] ] } },
{ "type": "Feature", "properties": { "lts_score": 3, "facility_type": "bike_lane", "highway": "tertiary", "name": "West 7th Avenue" }, "geometry": { "type": "LineString", "coordinates": [ [ -123.1128579, 49.2648225 ], [ -123.1129561, 49.2648237 ], [ -123.112985, 49.2648243 ], [ -123.1130796, 49.2648264 ], [ -123.1134153, 49.2648337 ], [ -123.1134774, 49.2648367 ], [ -123.1138842, 49.2648482 ], [ -123.1140881, 49.264854 ], [ -123.1141298, 49.2648563 ], [ -123.1142143, 49.264861 ], [ -123.1145454, 49.2648881 ], [ -123.1145856, 49.2648918 ], [ -123.114704, 49.2649128 ] ] } },
{ "type": "Feature", "properties": { "lts_score": 3, "facility_type": "mixed", "highway": "tertiary", "name": "West 7th Avenue" }, "geometry": { "type": "LineString", "coordinates": [ [ -123.1128579, 49.2648225 ], [ -123.1127252, 49.2648196 ], [ -123.1126794, 49.2648186 ], [ -123.1110046, 49.2647836 ], [ -123.1109006, 49.2647822 ] ] } },
{ "type": "Feature", "properties": { "lts_score": 1, "facility_type": "mixed", "highway": "residential", "name": "Prince Edward Street" }, "geometry": { "type": "LineString", "coordinates": [ [ -123.0958435, 49.2645232 ], [ -123.0958366, 49.2645906 ], [ -123.0958356, 49.2646006 ], [ -123.0957945, 49.2649651 ], [ -123.0957652, 49.2652257 ], [ -123.0957586, 49.2652856 ] ] } },
{ "type": "Feature", "properties": { "lts_score": 1, "facility_type": "mixed", "highway": "residential", "name": "East 7th Avenue" }, "geometry": { "type": "LineString", "coordinates": [ [ -123.0958435, 49.2645232 ], [ -123.0959413, 49.2645251 ], [ -123.0959599, 49.2645255 ], [ -123.0964487, 49.2645348 ], [ -123.0968633, 49.2645434 ], [ -123.0969734, 49.2645455 ] ] } },
{ "type": "Feature", "properties": { "lts_score": 1, "facility_type": "mixed", "highway": "residential", "name": [ "East 7th Avenue", "Guelph Street" ] }, "geometry": { "type": "LineString", "coordinates": [ [ -123.0958435, 49.2645232 ], [ -123.0958425, 49.2644857 ], [ -123.0958266, 49.2644516 ], [ -123.0958228, 49.2644435 ], [ -123.095793, 49.2644214 ], [ -123.0957367, 49.2643971 ], [ -123.0957092, 49.2643953 ], [ -123.0950189, 49.2643847 ], [ -123.0949719, 49.2643882 ], [ -123.0949313, 49.264403 ], [ -123.0949178, 49.2644236 ], [ -123.0949111, 49.2644489 ], [ -123.0948994, 49.2648326 ], [ -123.0948908, 49.2651921 ], [ -123.0948915, 49.2652074 ], [ -123.0948892, 49.2652791 ] ] } },
{ "type": "Feature", "properties": { "lts_score": 1, "facility_type": "mixed", "highway": "residential", "name": "East 7th Avenue" }, "geometry": { "type": "LineString", "coordinates": [ [ -123.0969734, 49.2645455 ], [ -123.0970841, 49.2645477 ], [ -123.0987635, 49.2645791 ], [ -123.0987972, 49.2645799 ], [ -123.098903, 49.2645791 ] ] } },
{ "type": "Feature", "properties": { "lts_score": 1, "facility_type": "mixed", "highway": "residential", "name": "Brunswick Street" }, "geometry": { "type": "LineString", "coordinates": [ [ -123.0969734, 49.2645455 ], [ -123.0969763, 49.2644711 ], [ -123.0969766, 49.2644556 ], [ -123.0969912, 49.2640802 ], [ -123.0969954, 49.2639702 ], [ -123.097006, 49.2636972 ], [ -123.0970065, 49.2636806 ] ] } },
{ "type": "Feature", "properties": { "lts_score": 1, "facility_type": "mixed", "highway": "residential", "name": "East 7th Avenue" }, "geometry": { "type": "LineString", "coordinates": [ [ -123.0969734, 49.2645455 ], [ -123.0968633, 49.2645434 ], [ -123.0964487, 49.2645348 ], [ -123.0959599, 49.2645255 ], [ -123.0959413, 49.2645251 ], [ -123.0958435, 49.2645232 ] ] } },
{ "type": "Feature", "properties": { "lts_score": 1, "facility_type": "mixed", "highway": "residential", "name": "Brunswick Street" }, "geometry": { "type": "LineString", "coordinates": [ [ -123.0969734, 49.2645455 ], [ -123.0969711, 49.2646066 ], [ -123.0969703, 49.264625 ], [ -123.0969566, 49.2649835 ], [ -123.0969526, 49.2650874 ], [ -123.0969417, 49.2653743 ], [ -123.0969381, 49.2653868 ] ] } },
{ "type": "Feature", "properties": { "lts_score": 4, "facility_type": "mixed", "highway": "primary", "name": "East Broadway" }, "geometry": { "type": "LineString", "coordinates": [ [ -123.0970402, 49.2628008 ], [ -123.0968525, 49.2627954 ], [ -123.096699, 49.262783 ], [ -123.0965636, 49.2627609 ], [ -123.0963429, 49.2627139 ], [ -123.0961694, 49.262678 ], [ -123.096136, 49.262671 ], [ -123.0960054, 49.2626429 ] ] } },
{ "type": "Feature", "properties": { "lts_score": 4, "facility_type": "mixed", "highway": "primary", "name": "East Broadway" }, "geometry": { "type": "LineString", "coordinates": [ [ -123.0970402, 49.2628008 ], [ -123.098512, 49.2628338 ], [ -123.0989661, 49.2628463 ] ] } },
{ "type": "Feature", "properties": { "lts_score": 1, "facility_type": "mixed", "highway": "residential", "name": "Brunswick Street" }, "geometry": { "type": "LineString", "coordinates": [ [ -123.0970402, 49.2628008 ], [ -123.0970361, 49.2629027 ], [ -123.0970353, 49.2629266 ], [ -123.0970256, 49.2631818 ], [ -123.0970229, 49.2632531 ], [ -123.097011, 49.263563 ], [ -123.0970101, 49.263585 ] ] } },
{ "type": "Feature", "properties": { "lts_score": 1, "facility_type": "mixed", "highway": "residential", "name": "Scotia Street" }, "geometry": { "type": "LineString", "coordinates": [ [ -123.098863, 49.2654719 ], [ -123.0988611, 49.2655544 ], [ -123.0988582, 49.2655794 ], [ -123.0988456, 49.2659238 ], [ -123.0988339, 49.2663176 ], [ -123.098831, 49.2663771 ] ] } },
{ "type": "Feature", "properties": { "lts_score": 1, "facility_type": "mixed", "highway": "residential", "name": "East 6th Avenue" }, "geometry": { "type": "LineString", "coordinates": [ [ -123.098863, 49.2654719 ], [ -123.0987451, 49.2654698 ], [ -123.0981842, 49.2654592 ], [ -123.0970473, 49.2654378 ], [ -123.0970149, 49.2654371 ] ] } },
{ "type": "Feature", "properties": { "lts_score": 1, "facility_type": "mixed", "highway": "residential", "name": "Scotia Street" }, "geometry": { "type": "LineString", "coordinates": [ [ -123.098863, 49.2654719 ], [ -123.0988655, 49.2654072 ], [ -123.0988659, 49.2653814 ], [ -123.0988757, 49.2651162 ], [ -123.0988794, 49.265016 ], [ -123.0988998, 49.2646487 ], [ -123.098903, 49.2645791 ] ] } },
{ "type": "Feature", "properties": { "lts_score": 1, "facility_type": "mixed", "highway": "residential", "name": "East 6th Avenue" }, "geometry": { "type": "LineString", "coordinates": [ [ -123.098863, 49.2654719 ], [ -123.0989866, 49.2654741 ], [ -123.1000619, 49.2654996 ], [ -123.100649, 49.2655085 ], [ -123.100674, 49.2655089 ], [ -123.1008544, 49.265512 ] ] } },
{ "type": "Feature", "properties": { "lts_score": 4, "facility_type": "mixed", "highway": "secondary", "name": "East 2nd Avenue" }, "geometry": { "type": "LineString", "coordinates": [ [ -123.1008046, 49.2690392 ], [ -123.100633, 49.2689859 ] ] } },
{ "type": "Feature", "properties": { "lts_score": 4, "facility_type": "mixed", "highway": "primary", "name": "Main Street" }, "geometry": { "type": "LineString", "coordinates": [ [ -123.1008046, 49.2690392 ], [ -123.10081, 49.2689452 ], [ -123.1008365, 49.2682938 ], [ -123.1007582, 49.2682199 ] ] } },
{ "type": "Feature", "properties": { "lts_score": 1, "facility_type": "mixed", "highway": "residential", "name": "East 8th Avenue" }, "geometry": { "type": "LineString", "coordinates": [ [ -123.0959128, 49.2634892 ], [ -123.0958011, 49.2634865 ], [ -123.0957391, 49.2634851 ], [ -123.0953336, 49.2634781 ], [ -123.095025, 49.2634763 ], [ -123.0949602, 49.263476 ], [ -123.0949193, 49.2634756 ] ] } },
{ "type": "Feature", "properties": { "lts_score": 1, "facility_type": "mixed", "highway": "residential", "name": "East 8th Avenue" }, "geometry": { "type": "LineString", "coordinates": [ [ -123.0959128, 49.2634892 ], [ -123.0959194, 49.2635419 ], [ -123.0959344, 49.2635608 ], [ -123.0959591, 49.2635798 ], [ -123.0959878, 49.2635908 ], [ -123.0960276, 49.2636029 ], [ -123.0960699, 49.2636103 ], [ -123.0961154, 49.2636154 ], [ -123.0969037, 49.2636319 ], [ -123.0969318, 49.2636324 ] ] } },
{ "type": "Feature", "properties": { "lts_score": 1, "facility_type": "mixed", "highway": "residential", "name": "Prince Edward Street" }, "geometry": { "type": "LineString", "coordinates": [ [ -123.0959128, 49.2634892 ], [ -123.0959227, 49.2634104 ], [ -123.0959241, 49.2633961 ], [ -123.0959486, 49.263157 ], [ -123.0959955, 49.262792 ], [ -123.0959972, 49.2627628 ], [ -123.0960054, 49.2626429 ] ] } },
{ "type": "Feature", "properties": { "lts_score": 1, "facility_type": "mixed", "highway": "residential", "name": "West 5th Avenue" }, "geometry": { "type": "LineString", "coordinates": [ [ -123.1047599, 49.2664761 ], [ -123.104871, 49.2664779 ], [ -123.1049042, 49.2664787 ], [ -123.1054661, 49.2664927 ], [ -123.1059964, 49.2665058 ], [ -123.1063496, 49.2665146 ], [ -123.1065795, 49.2665203 ], [ -123.1066983, 49.2665228 ] ] } },
{ "type": "Feature", "properties": { "lts_score": 1, "facility_type": "mixed", "highway": "residential", "name": "East 5th Avenue" }, "geometry": { "type": "LineString", "coordinates": [ [ -123.1047599, 49.2664761 ], [ -123.1046583, 49.2664744 ], [ -123.1046419, 49.2664741 ], [ -123.1029861, 49.2664482 ], [ -123.1029406, 49.2664468 ], [ -123.1028248, 49.2664443 ] ] } },
{ "type": "Feature", "properties": { "lts_score": 1, "facility_type": "mixed", "highway": "residential", "name": "Ontario Street" }, "geometry": { "type": "LineString", "coordinates": [ [ -123.1047599, 49.2664761 ], [ -123.1047626, 49.2664027 ], [ -123.1047625, 49.2663894 ], [ -123.1047763, 49.2660371 ], [ -123.1047952, 49.2656513 ], [ -123.1047977, 49.26558 ] ] } },
{ "type": "Feature", "properties": { "lts_score": 1, "facility_type": "mixed", "highway": "residential", "name": "West 6th Avenue" }, "geometry": { "type": "LineString", "coordinates": [ [ -123.110857, 49.2656955 ], [ -123.1109875, 49.2656976 ], [ -123.1110228, 49.2656982 ], [ -123.1126402, 49.2657263 ], [ -123.1126868, 49.2657271 ], [ -123.1128168, 49.2657303 ] ] } },
{ "type": "Feature", "properties": { "lts_score": 1, "facility_type": "mixed", "highway": "residential", "name": "West 6th Avenue" }, "geometry": { "type": "LineString", "coordinates": [ [ -123.110857, 49.2656955 ], [ -123.1107611, 49.2656938 ], [ -123.1107124, 49.2656931 ], [ -123.1096083, 49.2656721 ], [ -123.1095452, 49.2656709 ], [ -123.1094459, 49.265669 ] ] } },
{ "type": "Feature", "properties": { "lts_score": 1, "facility_type": "mixed", "highway": "residential", "name": "Alberta Street" }, "geometry": { "type": "LineString", "coordinates": [ [ -123.110857, 49.2656955 ], [ -123.1108593, 49.2656234 ], [ -123.1108788, 49.2652419 ], [ -123.110897, 49.2648761 ], [ -123.1108982, 49.2648576 ], [ -123.1109006, 49.2647822 ] ] } },
{ "type": "Feature", "properties": { "lts_score": 1, "facility_type": "mixed", "highway": "residential", "name": "Alberta Street" }, "geometry": { "type": "LineString", "coordinates": [ [ -123.110857, 49.2656955 ], [ -123.1108546, 49.265772 ], [ -123.1108426, 49.2661413 ], [ -123.1108282, 49.2664933 ], [ -123.1108271, 49.2665251 ], [ -123.1108254, 49.2666028 ] ] } },
{ "type": "Feature", "properties": { "lts_score": 1, "facility_type": "mixed", "highway": "residential", "name": "Manitoba Street" }, "geometry": { "type": "LineString", "coordinates": [ [ -123.1067369, 49.2656108 ], [ -123.1067402, 49.2655301 ], [ -123.1067406, 49.2655193 ], [ -123.1067558, 49.2651627 ], [ -123.1067667, 49.2648651 ], [ -123.1067692, 49.2647973 ], [ -123.1067698, 49.2647823 ], [ -123.1067726, 49.2647075 ] ] } },
{ "type": "Feature", "properties": { "lts_score": 1, "facility_type": "mixed", "highway": "residential", "name": "Manitoba Street" }, "geometry": { "type": "LineString", "coordinates": [ [ -123.1067369, 49.2656108 ], [ -123.1067335, 49.2656936 ], [ -123.1067329, 49.2657082 ], [ -123.1067178, 49.2660629 ], [ -123.106702, 49.2664185 ], [ -123.1067017, 49.2664415 ], [ -123.1066983, 49.2665228 ] ] } },
{ "type": "Feature", "properties": { "lts_score": 1, "facility_type": "mixed", "highway": "residential", "name": "West 6th Avenue" }, "geometry": { "type": "LineString", "coordinates": [ [ -123.1067369, 49.2656108 ], [ -123.1066247, 49.2656084 ], [ -123.1049361, 49.2655811 ], [ -123.1049134, 49.2655809 ], [ -123.1047977, 49.26558 ] ] } },
{ "type": "Feature", "properties": { "lts_score": 1, "facility_type": "mixed", "highway": "residential", "name": "West 6th Avenue" }, "geometry": { "type": "LineString", "coordinates": [ [ -123.1067369, 49.2656108 ], [ -123.1068462, 49.265613 ], [ -123.107863, 49.2656354 ], [ -123.1093035, 49.2656659 ], [ -123.1093361, 49.2656666 ], [ -123.1094459, 49.265669 ] ] } },
{ "type": "Feature", "properties": { "lts_score": 1, "facility_type": "mixed", "highway": "residential", "name": "East 6th Avenue" }, "geometry": { "type": "LineString", "coordinates": [ [ -123.1028655, 49.2655498 ], [ -123.1027582, 49.2655477 ], [ -123.1027185, 49.2655469 ], [ -123.102306, 49.2655359 ], [ -123.1016586, 49.2655267 ], [ -123.1011112, 49.2655166 ], [ -123.1010937, 49.2655163 ], [ -123.1010618, 49.2655155 ], [ -123.1008544, 49.265512 ] ] } },
{ "type": "Feature", "properties": { "lts_score": 1, "facility_type": "mixed", "highway": "residential", "name": "East 6th Avenue" }, "geometry": { "type": "LineString", "coordinates": [ [ -123.1028655, 49.2655498 ], [ -123.1029776, 49.2655519 ], [ -123.103024, 49.2655528 ], [ -123.1046555, 49.2655788 ], [ -123.1046935, 49.2655791 ], [ -123.1047977, 49.26558 ] ] } },
{ "type": "Feature", "properties": { "lts_score": 2, "facility_type": "mixed", "highway": "unclassified", "name": "Quebec Street" }, "geometry": { "type": "LineString", "coordinates": [ [ -123.1028655, 49.2655498 ], [ -123.1028677, 49.2654843 ], [ -123.1028869, 49.2650893 ], [ -123.1029021, 49.2647307 ], [ -123.1029031, 49.2647101 ], [ -123.102906, 49.2646366 ] ] } },
{ "type": "Feature", "properties": { "lts_score": 2, "facility_type": "mixed", "highway": "unclassified", "name": "Quebec Street" }, "geometry": { "type": "LineString", "coordinates": [ [ -123.1028655, 49.2655498 ], [ -123.1028632, 49.2656153 ], [ -123.1028424, 49.2659923 ], [ -123.102838, 49.2661073 ], [ -123.1028318, 49.2662701 ], [ -123.10283, 49.2663409 ], [ -123.1028295, 49.2663628 ], [ -123.1028291, 49.2663777 ], [ -123.1028248, 49.2664443 ] ] } },
{ "type": "Feature", "properties": { "lts_score": 1, "facility_type": "mixed", "highway": "residential", "name": "West 6th Avenue" }, "geometry": { "type": "LineString", "coordinates": [ [ -123.1128168, 49.2657303 ], [ -123.1126868, 49.2657271 ], [ -123.1126402, 49.2657263 ], [ -123.1110228, 49.2656982 ], [ -123.1109875, 49.2656976 ], [ -123.110857, 49.2656955 ] ] } },
{ "type": "Feature", "properties": { "lts_score": 1, "facility_type": "mixed", "highway": "residential", "name": "West 6th Avenue" }, "geometry": { "type": "LineString", "coordinates": [ [ -123.1128168, 49.2657303 ], [ -123.1129408, 49.2657311 ], [ -123.1129583, 49.2657312 ], [ -123.1134004, 49.2657348 ], [ -123.1136096, 49.2657402 ], [ -123.114422, 49.2657587 ] ] } },
{ "type": "Feature", "properties": { "lts_score": 1, "facility_type": "bike_lane", "highway": "tertiary", "name": "Yukon Street" }, "geometry": { "type": "LineString", "coordinates": [ [ -123.1128168, 49.2657303 ], [ -123.1128204, 49.2656508 ], [ -123.1128389, 49.2652767 ], [ -123.112853, 49.2649313 ], [ -123.112855, 49.2649031 ], [ -123.1128579, 49.2648225 ] ] } },
{ "type": "Feature", "properties": { "lts_score": 1, "facility_type": "bike_lane", "highway": "tertiary", "name": "Yukon Street" }, "geometry": { "type": "LineString", "coordinates": [ [ -123.1128168, 49.2657303 ], [ -123.1128133, 49.2658078 ], [ -123.1128077, 49.2659315 ], [ -123.1127963, 49.2661843 ], [ -123.1127885, 49.2663542 ], [ -123.1127834, 49.2664673 ], [ -123.1127802, 49.2665378 ], [ -123.1127788, 49.2665655 ], [ -123.1127754, 49.2666433 ] ] } },
{ "type": "Feature", "properties": { "lts_score": 1, "facility_type": "mixed", "highway": "residential", "name": "East 6th Avenue" }, "geometry": { "type": "LineString", "coordinates": [ [ -123.1047977, 49.26558 ], [ -123.1046935, 49.2655791 ], [ -123.1046555, 49.2655788 ], [ -123.103024, 49.2655528 ], [ -123.1029776, 49.2655519 ], [ -123.1028655, 49.2655498 ] ] } },
{ "type": "Feature", "properties": { "lts_score": 1, "facility_type": "mixed", "highway": "residential", "name": "Ontario Street" }, "geometry": { "type": "LineString", "coordinates": [ [ -123.1047977, 49.26558 ], [ -123.1048004, 49.2655036 ], [ -123.1048117, 49.2651235 ] ] } },
{ "type": "Feature", "properties": { "lts_score": 1, "facility_type": "mixed", "highway": "residential", "name": "Ontario Street" }, "geometry": { "type": "LineString", "coordinates": [ [ -123.1047977, 49.26558 ], [ -123.1047952, 49.2656513 ], [ -123.1047763, 49.2660371 ], [ -123.1047625, 49.2663894 ], [ -123.1047626, 49.2664027 ], [ -123.1047599, 49.2664761 ] ] } },
{ "type": "Feature", "properties": { "lts_score": 1, "facility_type": "mixed", "highway": "residential", "name": "West 6th Avenue" }, "geometry": { "type": "LineString", "coordinates": [ [ -123.1047977, 49.26558 ], [ -123.1049134, 49.2655809 ], [ -123.1049361, 49.2655811 ], [ -123.1066247, 49.2656084 ], [ -123.1067369, 49.2656108 ] ] } },
{ "type": "Feature", "properties": { "lts_score": 3, "facility_type": "mixed", "highway": "tertiary", "name": "East 16th Avenue" }, "geometry": { "type": "LineString", "coordinates": [ [ -123.1012309, 49.2565854 ], [ -123.1010617, 49.2565916 ], [ -123.1010161, 49.2565919 ], [ -123.1006706, 49.2565939 ], [ -123.0999693, 49.2565941 ], [ -123.099178, 49.2565829 ], [ -123.09855, 49.2565735 ], [ -123.0984453, 49.2565712 ] ] } },
{ "type": "Feature", "properties": { "lts_score": 3, "facility_type": "mixed", "highway": "secondary", "name": "Main Street" }, "geometry": { "type": "LineString", "coordinates": [ [ -123.1012309, 49.2565854 ], [ -123.1012257, 49.2566704 ], [ -123.1012246, 49.2566941 ], [ -123.1011875, 49.2574989 ] ] } },
{ "type": "Feature", "properties": { "lts_score": 1, "facility_type": "mixed", "highway": "residential", "name": "East 7th Avenue" }, "geometry": { "type": "LineString", "coordinates": [ [ -123.098903, 49.2645791 ], [ -123.0990272, 49.2645764 ], [ -123.0990495, 49.2645751 ], [ -123.1000612, 49.2645882 ], [ -123.1006619, 49.2645971 ], [ -123.100698, 49.2645976 ], [ -123.100807, 49.2645992 ] ] } },
{ "type": "Feature", "properties": { "lts_score": 1, "facility_type": "mixed", "highway": "residential", "name": "East 7th Avenue" }, "geometry": { "type": "LineString", "coordinates": [ [ -123.098903, 49.2645791 ], [ -123.0987972, 49.2645799 ], [ -123.0987635, 49.2645791 ], [ -123.0970841, 49.2645477 ], [ -123.0969734, 49.2645455 ] ] } },
{ "type": "Feature", "properties": { "lts_score": 1, "facility_type": "mixed", "highway": "residential", "name": "Scotia Street" }, "geometry": { "type": "LineString", "coordinates": [ [ -123.098903, 49.2645791 ], [ -123.0989044, 49.2645035 ], [ -123.0989195, 49.2641234 ], [ -123.098937, 49.2637331 ] ] } },
{ "type": "Feature", "properties": { "lts_score": 1, "facility_type": "mixed", "highway": "residential", "name": "Scotia Street" }, "geometry": { "type": "LineString", "coordinates": [ [ -123.098903, 49.2645791 ], [ -123.0988998, 49.2646487 ], [ -123.0988794, 49.265016 ], [ -123.0988757, 49.2651162 ], [ -123.0988659, 49.2653814 ], [ -123.0988655, 49.2654072 ], [ -123.098863, 49.2654719 ] ] } },
{ "type": "Feature", "properties": { "lts_score": 3, "facility_type": "mixed", "highway": "tertiary", "name": "East 12th Avenue" }, "geometry": { "type": "LineString", "coordinates": [ [ -123.1009978, 49.2602007 ], [ -123.1011762, 49.2602035 ] ] } },
{ "type": "Feature", "properties": { "lts_score": 4, "facility_type": "mixed", "highway": "secondary", "name": "Main Street" }, "geometry": { "type": "LineString", "coordinates": [ [ -123.1009978, 49.2602007 ], [ -123.100992, 49.260299 ], [ -123.1009706, 49.2611165 ] ] } },
{ "type": "Feature", "properties": { "lts_score": 4, "facility_type": "mixed", "highway": "tertiary", "name": "East 12th Avenue" }, "geometry": { "type": "LineString", "coordinates": [ [ -123.1009978, 49.2602007 ], [ -123.100894, 49.2601992 ], [ -123.1008587, 49.2601993 ], [ -123.1004533, 49.2602 ], [ -123.1001994, 49.2602002 ], [ -123.099368, 49.2602009 ], [ -123.0991467, 49.260201 ], [ -123.0987462, 49.2602013 ], [ -123.0984754, 49.260197 ], [ -123.0984366, 49.260196 ], [ -123.0983212, 49.2601836 ] ] } },
{ "type": "Feature", "properties": { "lts_score": 4, "facility_type": "mixed", "highway": "primary", "name": "Kingsway" }, "geometry": { "type": "LineString", "coordinates": [ [ -123.0962944, 49.2595347 ], [ -123.0961043, 49.2594081 ], [ -123.095886, 49.2592826 ] ] } },
{ "type": "Feature", "properties": { "lts_score": 3, "facility_type": "mixed", "highway": "residential", "name": "Prince Edward Street" }, "geometry": { "type": "LineString", "coordinates": [ [ -123.0962944, 49.2595347 ], [ -123.096304, 49.2594389 ], [ -123.0963103, 49.2593233 ], [ -123.0963143, 49.259248 ] ] } },
{ "type": "Feature", "properties": { "lts_score": 1, "facility_type": "mixed", "highway": "residential", "name": "Scotia Street" }, "geometry": { "type": "LineString", "coordinates": [ [ -123.0989384, 49.2636602 ], [ -123.098937, 49.2637331 ] ] } },
{ "type": "Feature", "properties": { "lts_score": 1, "facility_type": "mixed", "highway": "residential", "name": "Scotia Street" }, "geometry": { "type": "LineString", "coordinates": [ [ -123.0989384, 49.2636602 ], [ -123.0989397, 49.2635884 ] ] } },
{ "type": "Feature", "properties": { "lts_score": 1, "facility_type": "mixed", "highway": "residential", "name": "East 8th Avenue" }, "geometry": { "type": "LineString", "coordinates": [ [ -123.0989384, 49.2636602 ], [ -123.0990679, 49.2636626 ], [ -123.0990976, 49.2636632 ], [ -123.0993888, 49.263669 ], [ -123.099556, 49.2636697 ], [ -123.099979, 49.2636816 ], [ -123.1, 49.2636774 ], [ -123.1000098, 49.2636742 ], [ -123.1001073, 49.2636341 ] ] } },
{ "type": "Feature", "properties": { "lts_score": 4, "facility_type": "mixed", "highway": "primary", "name": "East Broadway" }, "geometry": { "type": "LineString", "coordinates": [ [ -123.0989661, 49.2628463 ], [ -123.0992042, 49.2628527 ], [ -123.0992553, 49.2628543 ], [ -123.0995111, 49.2628635 ] ] } },
{ "type": "Feature", "properties": { "lts_score": 4, "facility_type": "mixed", "highway": "primary", "name": "East Broadway" }, "geometry": { "type": "LineString", "coordinates": [ [ -123.0989661, 49.2628463 ], [ -123.098512, 49.2628338 ], [ -123.0970402, 49.2628008 ] ] } },
{ "type": "Feature", "properties": { "lts_score": 1, "facility_type": "mixed", "highway": "residential", "name": "Scotia Street" }, "geometry": { "type": "LineString", "coordinates": [ [ -123.0989661, 49.2628463 ], [ -123.0989639, 49.2629495 ], [ -123.0989624, 49.2629718 ], [ -123.0989556, 49.2632183 ], [ -123.0989397, 49.2635884 ] ] } },
{ "type": "Feature", "properties": { "lts_score": 1, "facility_type": "mixed", "highway": "residential", "name": "East 10th Avenue" }, "geometry": { "type": "LineString", "coordinates": [ [ -123.1030094, 49.2620502 ], [ -123.1029206, 49.2620492 ], [ -123.1024575, 49.262041 ], [ -123.101679, 49.2620273 ], [ -123.1012481, 49.2620217 ], [ -123.1012197, 49.2620207 ], [ -123.1010138, 49.2620132 ] ] } },
{ "type": "Feature", "properties": { "lts_score": 1, "facility_type": "mixed", "highway": "residential", "name": "Quebec Street" }, "geometry": { "type": "LineString", "coordinates": [ [ -123.1030094, 49.2620502 ], [ -123.1030065, 49.2621188 ], [ -123.1030056, 49.2621415 ], [ -123.1029901, 49.262509 ] ] } },
{ "type": "Feature", "properties": { "lts_score": 3, "facility_type": "mixed", "highway": "residential", "name": "Quebec Street" }, "geometry": { "type": "LineString", "coordinates": [ [ -123.1030094, 49.2620502 ], [ -123.1030122, 49.261984 ], [ -123.103013, 49.2619654 ], [ -123.1030408, 49.2613545 ], [ -123.1030853, 49.2613139 ], [ -123.1030892, 49.2612243 ], [ -123.1030896, 49.2612163 ], [ -123.1030907, 49.2611897 ], [ -123.10305, 49.2611423 ] ] } },
{ "type": "Feature", "properties": { "lts_score": 1, "facility_type": "mixed", "highway": "residential", "name": "East 14th Avenue" }, "geometry": { "type": "LineString", "coordinates": [ [ -123.1031732, 49.2584356 ], [ -123.10307, 49.2584337 ], [ -123.1027211, 49.2584253 ], [ -123.1024374, 49.2584185 ], [ -123.1018965, 49.2584104 ], [ -123.1017857, 49.2584087 ], [ -123.1017052, 49.258395 ], [ -123.1013937, 49.2583898 ], [ -123.1013596, 49.2583904 ], [ -123.1011649, 49.2584069 ] ] } },
{ "type": "Feature", "properties": { "lts_score": 1, "facility_type": "mixed", "highway": "residential", "name": "East 14th Avenue" }, "geometry": { "type": "LineString", "coordinates": [ [ -123.1031732, 49.2584356 ], [ -123.1032733, 49.2584373 ], [ -123.1037701, 49.2584469 ], [ -123.1038356, 49.2584481 ], [ -123.1045218, 49.2584613 ], [ -123.1049997, 49.2584705 ], [ -123.1050305, 49.2584709 ] ] } },
{ "type": "Feature", "properties": { "lts_score": 1, "facility_type": "mixed", "highway": "residential", "name": "Quebec Street" }, "geometry": { "type": "LineString", "coordinates": [ [ -123.1031732, 49.2584356 ], [ -123.1031763, 49.2583646 ], [ -123.1031765, 49.2583465 ], [ -123.1031967, 49.2575997 ], [ -123.1031987, 49.257535 ] ] } },
{ "type": "Feature", "properties": { "lts_score": 1, "facility_type": "mixed", "highway": "residential", "name": "Quebec Street" }, "geometry": { "type": "LineString", "coordinates": [ [ -123.1031732, 49.2584356 ], [ -123.1031704, 49.2584995 ], [ -123.1031689, 49.2585289 ], [ -123.1031579, 49.2588277 ], [ -123.1031524, 49.2589768 ], [ -123.1031416, 49.2592715 ], [ -123.1031375, 49.2593448 ] ] } },
{ "type": "Feature", "properties": { "lts_score": 1, "facility_type": "mixed", "highway": "residential", "name": "East 15th Avenue" }, "geometry": { "type": "LineString", "coordinates": [ [ -123.1011875, 49.2574989 ], [ -123.1010421, 49.2574988 ], [ -123.1009975, 49.2574987 ], [ -123.1006154, 49.2574968 ], [ -123.1005486, 49.2574965 ], [ -123.09854, 49.2574741 ], [ -123.0984964, 49.2574739 ] ] } },
{ "type": "Feature", "properties": { "lts_score": 1, "facility_type": "mixed", "highway": "residential", "name": "East 15th Avenue" }, "geometry": { "type": "LineString", "coordinates": [ [ -123.1011875, 49.2574989 ], [ -123.1013932, 49.2574989 ], [ -123.1014192, 49.2574994 ], [ -123.101828, 49.2575068 ], [ -123.1019888, 49.2575097 ], [ -123.1030759, 49.2575326 ], [ -123.1030963, 49.257533 ], [ -123.1031987, 49.257535 ] ] } },
{ "type": "Feature", "properties": { "lts_score": 3, "facility_type": "mixed", "highway": "secondary", "name": "Main Street" }, "geometry": { "type": "LineString", "coordinates": [ [ -123.1011875, 49.2574989 ], [ -123.1011685, 49.2582962 ], [ -123.1011678, 49.258321 ], [ -123.1011649, 49.2584069 ] ] } },
{ "type": "Feature", "properties": { "lts_score": 3, "facility_type": "mixed", "highway": "secondary", "name": "Main Street" }, "geometry": { "type": "LineString", "coordinates": [ [ -123.1011875, 49.2574989 ], [ -123.1012246, 49.2566941 ], [ -123.1012257, 49.2566704 ], [ -123.1012309, 49.2565854 ] ] } },
{ "type": "Feature", "properties": { "lts_score": 1, "facility_type": "mixed", "highway": "residential", "name": "East 13th Avenue" }, "geometry": { "type": "LineString", "coordinates": [ [ -123.0963143, 49.259248 ], [ -123.0964299, 49.2592495 ], [ -123.0964619, 49.2592502 ], [ -123.0965565, 49.2592521 ], [ -123.0966294, 49.2592536 ], [ -123.0967063, 49.2592552 ], [ -123.0968117, 49.2592573 ], [ -123.096952, 49.2592602 ], [ -123.0970489, 49.2592622 ], [ -123.0975578, 49.2592671 ], [ -123.0976465, 49.259268 ], [ -123.0977322, 49.2592694 ], [ -123.0980902, 49.2592751 ], [ -123.0982539, 49.2592783 ], [ -123.0983071, 49.2592791 ] ] } },
{ "type": "Feature", "properties": { "lts_score": 3, "facility_type": "mixed", "highway": "residential", "name": "East 13th Avenue" }, "geometry": { "type": "LineString", "coordinates": [ [ -123.0963143, 49.259248 ], [ -123.0962341, 49.2592461 ], [ -123.0959988, 49.2592448 ], [ -123.0959805, 49.2592476 ], [ -123.095886, 49.2592826 ] ] } },
{ "type": "Feature", "properties": { "lts_score": 1, "facility_type": "mixed", "highway": "residential", "name": "Prince Edward Street" }, "geometry": { "type": "LineString", "coordinates": [ [ -123.0963143, 49.259248 ], [ -123.0963185, 49.2591872 ], [ -123.0963596, 49.2587957 ], [ -123.0963669, 49.2586991 ], [ -123.0963901, 49.2584425 ], [ -123.096392, 49.2584191 ], [ -123.0964007, 49.2583462 ] ] } },
{ "type": "Feature", "properties": { "lts_score": 1, "facility_type": "mixed", "highway": "residential", "name": "East 15th Avenue" }, "geometry": { "type": "LineString", "coordinates": [ [ -123.1031987, 49.257535 ], [ -123.1030963, 49.257533 ], [ -123.1030759, 49.2575326 ], [ -123.1019888, 49.2575097 ], [ -123.101828, 49.2575068 ], [ -123.1014192, 49.2574994 ], [ -123.1013932, 49.2574989 ], [ -123.1011875, 49.2574989 ] ] } },
{ "type": "Feature", "properties": { "lts_score": 1, "facility_type": "mixed", "highway": "residential", "name": "East 15th Avenue" }, "geometry": { "type": "LineString", "coordinates": [ [ -123.1031987, 49.257535 ], [ -123.1032976, 49.257537 ], [ -123.1033317, 49.2575376 ], [ -123.1050482, 49.2575671 ], [ -123.1050727, 49.2575676 ] ] } },
{ "type": "Feature", "properties": { "lts_score": 1, "facility_type": "mixed", "highway": "residential", "name": "Quebec Street" }, "geometry": { "type": "LineString", "coordinates": [ [ -123.1031987, 49.257535 ], [ -123.1031967, 49.2575997 ], [ -123.1031765, 49.2583465 ], [ -123.1031763, 49.2583646 ], [ -123.1031732, 49.2584356 ] ] } },
{ "type": "Feature", "properties": { "lts_score": 4, "facility_type": "mixed", "highway": "primary", "name": "East Broadway" }, "geometry": { "type": "LineString", "coordinates": [ [ -123.0929969, 49.2625118 ], [ -123.0929021, 49.2625108 ], [ -123.092857, 49.2625104 ], [ -123.0922996, 49.2625047 ], [ -123.0910636, 49.262492 ] ] } },
{ "type": "Feature", "properties": { "lts_score": 4, "facility_type": "mixed", "highway": "primary", "name": "East Broadway" }, "geometry": { "type": "LineString", "coordinates": [ [ -123.0929969, 49.2625118 ], [ -123.0931017, 49.2625128 ], [ -123.0931587, 49.2625133 ], [ -123.0949407, 49.2625227 ] ] } },
{ "type": "Feature", "properties": { "lts_score": 1, "facility_type": "mixed", "highway": "residential", "name": "Saint George Street" }, "geometry": { "type": "LineString", "coordinates": [ [ -123.0929969, 49.2625118 ], [ -123.0929987, 49.2623969 ], [ -123.092999, 49.2623736 ], [ -123.0930039, 49.2620191 ], [ -123.0930092, 49.2616229 ], [ -123.0930095, 49.261605 ] ] } },
{ "type": "Feature", "properties": { "lts_score": 1, "facility_type": "mixed", "highway": "residential", "name": "East 13th Avenue" }, "geometry": { "type": "LineString", "coordinates": [ [ -123.1031375, 49.2593448 ], [ -123.10323, 49.2593454 ], [ -123.1032682, 49.2593458 ], [ -123.1036459, 49.2593494 ], [ -123.1049678, 49.259364 ], [ -123.1049916, 49.2593646 ] ] } },
{ "type": "Feature", "properties": { "lts_score": 1, "facility_type": "mixed", "highway": "residential", "name": "Quebec Street" }, "geometry": { "type": "LineString", "coordinates": [ [ -123.1031375, 49.2593448 ], [ -123.1031416, 49.2592715 ], [ -123.1031524, 49.2589768 ], [ -123.1031579, 49.2588277 ], [ -123.1031689, 49.2585289 ], [ -123.1031704, 49.2584995 ], [ -123.1031732, 49.2584356 ] ] } },
{ "type": "Feature", "properties": { "lts_score": 1, "facility_type": "mixed", "highway": "residential", "name": "East 13th Avenue" }, "geometry": { "type": "LineString", "coordinates": [ [ -123.1031375, 49.2593448 ], [ -123.1030262, 49.2593439 ], [ -123.1029967, 49.2593433 ], [ -123.1026115, 49.2593358 ], [ -123.102009, 49.259324 ], [ -123.1018661, 49.2593213 ], [ -123.1017011, 49.2593182 ], [ -123.1013559, 49.2593141 ], [ -123.101327, 49.2593136 ], [ -123.1011324, 49.2593106 ] ] } },
{ "type": "Feature", "properties": { "lts_score": 1, "facility_type": "mixed", "highway": "residential", "name": "Quebec Street" }, "geometry": { "type": "LineString", "coordinates": [ [ -123.1031375, 49.2593448 ], [ -123.103134, 49.2594066 ], [ -123.1031307, 49.2594657 ], [ -123.1031179, 49.2596962 ], [ -123.1031039, 49.2599464 ], [ -123.1030936, 49.2601404 ], [ -123.1030933, 49.2601471 ], [ -123.1030893, 49.2602389 ] ] } },
{ "type": "Feature", "properties": { "lts_score": 1, "facility_type": "mixed", "highway": "residential", "name": "Prince Edward Street" }, "geometry": { "type": "LineString", "coordinates": [ [ -123.096475, 49.2574501 ], [ -123.0964751, 49.2575219 ], [ -123.096438, 49.2578906 ], [ -123.0964338, 49.2579391 ], [ -123.0964061, 49.2582801 ], [ -123.0964007, 49.2583462 ] ] } },
{ "type": "Feature", "properties": { "lts_score": 1, "facility_type": "mixed", "highway": "residential", "name": "Prince Edward Street" }, "geometry": { "type": "LineString", "coordinates": [ [ -123.096475, 49.2574501 ], [ -123.0964749, 49.2573865 ], [ -123.0964973, 49.2569929 ], [ -123.0965132, 49.2566284 ], [ -123.0965137, 49.2566092 ], [ -123.0965145, 49.2565725 ] ] } },
{ "type": "Feature", "properties": { "lts_score": 1, "facility_type": "mixed", "highway": "residential", "name": "East 15th Avenue" }, "geometry": { "type": "LineString", "coordinates": [ [ -123.096475, 49.2574501 ], [ -123.0963697, 49.2574472 ], [ -123.0963409, 49.2574461 ], [ -123.0956295, 49.2574173 ], [ -123.0949034, 49.2573879 ], [ -123.0942619, 49.2573617 ], [ -123.093854, 49.2573465 ], [ -123.0937476, 49.2573425 ] ] } },
{ "type": "Feature", "properties": { "lts_score": 1, "facility_type": "mixed", "highway": "residential", "name": "East 15th Avenue" }, "geometry": { "type": "LineString", "coordinates": [ [ -123.096475, 49.2574501 ], [ -123.096576, 49.257453 ], [ -123.0966205, 49.2574534 ], [ -123.0978764, 49.2574662 ], [ -123.098288, 49.2574727 ], [ -123.0983201, 49.2574729 ] ] } },
{ "type": "Feature", "properties": { "lts_score": 1, "facility_type": "mixed", "highway": "residential", "name": "East 8th Avenue" }, "geometry": { "type": "LineString", "coordinates": [ [ -123.1002229, 49.263589 ], [ -123.1001073, 49.2636341 ] ] } },
{ "type": "Feature", "properties": { "lts_score": 4, "facility_type": "mixed", "highway": "primary", "name": "Kingsway" }, "geometry": { "type": "LineString", "coordinates": [ [ -123.1002229, 49.263589 ], [ -123.1000774, 49.263398 ], [ -123.0999511, 49.2632535 ], [ -123.0997268, 49.2629969 ], [ -123.0997029, 49.2629737 ], [ -123.0996238, 49.2629079 ], [ -123.0995111, 49.2628635 ] ] } },
{ "type": "Feature", "properties": { "lts_score": 1, "facility_type": "mixed", "highway": "residential", "name": "Prince Edward Street" }, "geometry": { "type": "LineString", "coordinates": [ [ -123.0957447, 49.2654132 ], [ -123.0957513, 49.2653536 ], [ -123.0957586, 49.2652856 ] ] } },
{ "type": "Feature", "properties": { "lts_score": 1, "facility_type": "mixed", "highway": "residential", "name": "Prince Edward Street" }, "geometry": { "type": "LineString", "coordinates": [ [ -123.0957447, 49.2654132 ], [ -123.0957373, 49.2654795 ], [ -123.0957115, 49.2657144 ], [ -123.0956746, 49.2660983 ], [ -123.095662, 49.2661221 ], [ -123.0956325, 49.2661516 ], [ -123.0955765, 49.2662033 ] ] } },
{ "type": "Feature", "properties": { "lts_score": 1, "facility_type": "mixed", "highway": "residential", "name": "East 6th Avenue" }, "geometry": { "type": "LineString", "coordinates": [ [ -123.0957447, 49.2654132 ], [ -123.0958433, 49.2654149 ], [ -123.0958931, 49.265416 ], [ -123.0968318, 49.2654337 ], [ -123.0968552, 49.2654342 ] ] } },
{ "type": "Feature", "properties": { "lts_score": 1, "facility_type": "mixed", "highway": "residential", "name": [ "East 7th Avenue", "Guelph Street" ] }, "geometry": { "type": "LineString", "coordinates": [ [ -123.0948892, 49.2652791 ], [ -123.0948915, 49.2652074 ], [ -123.0948908, 49.2651921 ], [ -123.0948994, 49.2648326 ], [ -123.0949111, 49.2644489 ], [ -123.0949178, 49.2644236 ], [ -123.0949313, 49.264403 ], [ -123.0949719, 49.2643882 ], [ -123.0950189, 49.2643847 ], [ -123.0957092, 49.2643953 ], [ -123.0957367, 49.2643971 ], [ -123.095793, 49.2644214 ], [ -123.0958228, 49.2644435 ], [ -123.0958266, 49.2644516 ], [ -123.0958425, 49.2644857 ], [ -123.0958435, 49.2645232 ] ] } },
{ "type": "Feature", "properties": { "lts_score": 1, "facility_type": "mixed", "highway": "residential", "name": "Guelph Street" }, "geometry": { "type": "LineString", "coordinates": [ [ -123.0948892, 49.2652791 ], [ -123.0948869, 49.2653538 ], [ -123.0948856, 49.265376 ], [ -123.0948742, 49.266098 ], [ -123.0948737, 49.2661221 ], [ -123.0948725, 49.266177 ] ] } },
{ "type": "Feature", "properties": { "lts_score": 1, "facility_type": "mixed", "highway": "residential", "name": "East 6th Avenue" }, "geometry": { "type": "LineString", "coordinates": [ [ -123.0948892, 49.2652791 ], [ -123.0947945, 49.2652787 ], [ -123.09397, 49.2652714 ], [ -123.0938339, 49.2652702 ], [ -123.0930594, 49.2652633 ], [ -123.0929763, 49.2652638 ] ] } },
{ "type": "Feature", "properties": { "lts_score": 1, "facility_type": "mixed", "highway": "residential", "name": "East 6th Avenue" }, "geometry": { "type": "LineString", "coordinates": [ [ -123.0948892, 49.2652791 ], [ -123.0949939, 49.2652795 ], [ -123.0956179, 49.2652839 ], [ -123.0956575, 49.2652843 ], [ -123.0957586, 49.2652856 ] ] } },
{ "type": "Feature", "properties": { "lts_score": 1, "facility_type": "mixed", "highway": "residential", "name": "East 6th Avenue" }, "geometry": { "type": "LineString", "coordinates": [ [ -123.0910204, 49.2652548 ], [ -123.0909197, 49.265254 ], [ -123.090874, 49.2652535 ], [ -123.0892184, 49.2652358 ], [ -123.0891936, 49.2652355 ], [ -123.0890883, 49.2652345 ] ] } },
{ "type": "Feature", "properties": { "lts_score": 1, "facility_type": "mixed", "highway": "residential", "name": "East 6th Avenue" }, "geometry": { "type": "LineString", "coordinates": [ [ -123.0910204, 49.2652548 ], [ -123.0911324, 49.2652557 ], [ -123.0911692, 49.2652559 ], [ -123.0926777, 49.2652622 ], [ -123.0928601, 49.2652629 ], [ -123.0929763, 49.2652638 ] ] } },
{ "type": "Feature", "properties": { "lts_score": 1, "facility_type": "mixed", "highway": "residential", "name": "Carolina Street" }, "geometry": { "type": "LineString", "coordinates": [ [ -123.0910204, 49.2652548 ], [ -123.09102, 49.265321 ], [ -123.0910148, 49.2657043 ], [ -123.0910128, 49.2660716 ], [ -123.0910129, 49.2661059 ], [ -123.0910132, 49.2661555 ] ] } },
{ "type": "Feature", "properties": { "lts_score": 1, "facility_type": "mixed", "highway": "residential", "name": "Carolina Street" }, "geometry": { "type": "LineString", "coordinates": [ [ -123.0910204, 49.2652548 ], [ -123.0910208, 49.2651846 ], [ -123.09102, 49.2650799 ], [ -123.0910208, 49.2647996 ], [ -123.0910257, 49.2644296 ], [ -123.0910263, 49.2644051 ] ] } },
{ "type": "Feature", "properties": { "lts_score": 1, "facility_type": "mixed", "highway": "residential", "name": "Fraser Street" }, "geometry": { "type": "LineString", "coordinates": [ [ -123.0890883, 49.2652345 ], [ -123.0890894, 49.2651738 ], [ -123.089089, 49.2650633 ], [ -123.0890897, 49.2647835 ], [ -123.0891012, 49.2644245 ], [ -123.0891021, 49.2643997 ], [ -123.089103, 49.2643352 ] ] } },
{ "type": "Feature", "properties": { "lts_score": 1, "facility_type": "mixed", "highway": "residential", "name": [ "Fraser Street", "East 5th Avenue" ] }, "geometry": { "type": "LineString", "coordinates": [ [ -123.0890883, 49.2652345 ], [ -123.0890871, 49.2653062 ], [ -123.0890806, 49.2656831 ], [ -123.0890805, 49.2656902 ], [ -123.0890768, 49.2660498 ], [ -123.089081, 49.2660759 ], [ -123.0890915, 49.2660987 ], [ -123.0891107, 49.2661201 ], [ -123.089148, 49.2661364 ], [ -123.0891786, 49.2661413 ], [ -123.089211, 49.2661445 ], [ -123.0893005, 49.266145 ], [ -123.0899396, 49.2661489 ], [ -123.0909247, 49.2661549 ], [ -123.0910132, 49.2661555 ] ] } },
{ "type": "Feature", "properties": { "lts_score": 1, "facility_type": "mixed", "highway": "residential", "name": "East 6th Avenue" }, "geometry": { "type": "LineString", "coordinates": [ [ -123.0890883, 49.2652345 ], [ -123.0889884, 49.2652336 ], [ -123.0889655, 49.2652334 ], [ -123.087952, 49.2652259 ], [ -123.0874678, 49.2652223 ], [ -123.0872398, 49.2652206 ], [ -123.0871361, 49.2652202 ] ] } },
{ "type": "Feature", "properties": { "lts_score": 1, "facility_type": "mixed", "highway": "residential", "name": "East 6th Avenue" }, "geometry": { "type": "LineString", "coordinates": [ [ -123.0890883, 49.2652345 ], [ -123.0891936, 49.2652355 ], [ -123.0892184, 49.2652358 ], [ -123.090874, 49.2652535 ], [ -123.0909197, 49.265254 ], [ -123.0910204, 49.2652548 ] ] } },
{ "type": "Feature", "properties": { "lts_score": 1, "facility_type": "mixed", "highway": "residential", "name": "Prince Albert Street" }, "geometry": { "type": "LineString", "coordinates": [ [ -123.0871361, 49.2652202 ], [ -123.0871371, 49.2651485 ], [ -123.0871374, 49.2651277 ], [ -123.0871478, 49.2647741 ], [ -123.0871537, 49.2643777 ], [ -123.0871544, 49.2643189 ] ] } },
{ "type": "Feature", "properties": { "lts_score": 1, "facility_type": "mixed", "highway": "residential", "name": [ "East 6th Avenue", "Saint Catherines Street" ] }, "geometry": { "type": "LineString", "coordinates": [ [ -123.0871361, 49.2652202 ], [ -123.087032, 49.2652184 ], [ -123.0853183, 49.2652078 ], [ -123.0852911, 49.2652054 ], [ -123.0852562, 49.2651986 ], [ -123.0852178, 49.2651804 ], [ -123.0852047, 49.2651597 ], [ -123.0851989, 49.2651437 ], [ -123.0851937, 49.2651204 ], [ -123.0851994, 49.2647566 ], [ -123.0852122, 49.2643996 ], [ -123.0852132, 49.2643734 ], [ -123.085214, 49.2643046 ] ] } },
{ "type": "Feature", "properties": { "lts_score": 1, "facility_type": "mixed", "highway": "residential", "name": "East 6th Avenue" }, "geometry": { "type": "LineString", "coordinates": [ [ -123.0871361, 49.2652202 ], [ -123.0872398, 49.2652206 ], [ -123.0874678, 49.2652223 ], [ -123.087952, 49.2652259 ], [ -123.0889655, 49.2652334 ], [ -123.0889884, 49.2652336 ], [ -123.0890883, 49.2652345 ] ] } },
{ "type": "Feature", "properties": { "lts_score": 1, "facility_type": "mixed", "highway": "residential", "name": "East 7th Avenue" }, "geometry": { "type": "LineString", "coordinates": [ [ -123.085214, 49.2643046 ], [ -123.0853045, 49.2643059 ], [ -123.0870172, 49.2643171 ], [ -123.0870432, 49.2643173 ], [ -123.0871544, 49.2643189 ] ] } },
{ "type": "Feature", "properties": { "lts_score": 1, "facility_type": "mixed", "highway": "residential", "name": [ "East 6th Avenue", "Saint Catherines Street" ] }, "geometry": { "type": "LineString", "coordinates": [ [ -123.085214, 49.2643046 ], [ -123.0852132, 49.2643734 ], [ -123.0852122, 49.2643996 ], [ -123.0851994, 49.2647566 ], [ -123.0851937, 49.2651204 ], [ -123.0851989, 49.2651437 ], [ -123.0852047, 49.2651597 ], [ -123.0852178, 49.2651804 ], [ -123.0852562, 49.2651986 ], [ -123.0852911, 49.2652054 ], [ -123.0853183, 49.2652078 ], [ -123.087032, 49.2652184 ], [ -123.0871361, 49.2652202 ] ] } },
{ "type": "Feature", "properties": { "lts_score": 1, "facility_type": "mixed", "highway": "residential", "name": "Saint Catherines Street" }, "geometry": { "type": "LineString", "coordinates": [ [ -123.085214, 49.2643046 ], [ -123.0852144, 49.2642471 ], [ -123.0852142, 49.2642111 ], [ -123.0852169, 49.2638537 ], [ -123.0852156, 49.2634649 ], [ -123.0852172, 49.2633939 ] ] } },
{ "type": "Feature", "properties": { "lts_score": 1, "facility_type": "mixed", "highway": "residential", "name": "East 7th Avenue" }, "geometry": { "type": "LineString", "coordinates": [ [ -123.085214, 49.2643046 ], [ -123.0851358, 49.2643031 ], [ -123.084417, 49.2642968 ], [ -123.0841204, 49.264294 ], [ -123.083602, 49.2642891 ], [ -123.0833622, 49.2642869 ], [ -123.0832734, 49.2642859 ] ] } },
{ "type": "Feature", "properties": { "lts_score": 3, "facility_type": "mixed", "highway": "secondary", "name": "East 2nd Avenue" }, "geometry": { "type": "LineString", "coordinates": [ [ -123.0990474, 49.2682555 ], [ -123.0988432, 49.2681287 ], [ -123.0985762, 49.2679796 ], [ -123.0983507, 49.2678536 ], [ -123.0983131, 49.2678326 ], [ -123.098203, 49.267771 ] ] } },
{ "type": "Feature", "properties": { "lts_score": 1, "facility_type": "mixed", "highway": "residential", "name": "East 2nd Avenue" }, "geometry": { "type": "LineString", "coordinates": [ [ -123.0955765, 49.2662033 ], [ -123.0956628, 49.2662494 ], [ -123.0962653, 49.2665845 ], [ -123.0963489, 49.2666286 ] ] } },
{ "type": "Feature", "properties": { "lts_score": 1, "facility_type": "mixed", "highway": "residential", "name": "Prince Edward Street" }, "geometry": { "type": "LineString", "coordinates": [ [ -123.0955765, 49.2662033 ], [ -123.0956325, 49.2661516 ], [ -123.095662, 49.2661221 ], [ -123.0956746, 49.2660983 ], [ -123.0957115, 49.2657144 ], [ -123.0957373, 49.2654795 ], [ -123.0957447, 49.2654132 ] ] } },
{ "type": "Feature", "properties": { "lts_score": 1, "facility_type": "mixed", "highway": "residential", "name": "East 5th Avenue" }, "geometry": { "type": "LineString", "coordinates": [ [ -123.0955765, 49.2662033 ], [ -123.0955272, 49.2661894 ], [ -123.0954901, 49.2661864 ], [ -123.0953513, 49.2661855 ], [ -123.0949741, 49.2661788 ], [ -123.0948725, 49.266177 ] ] } },
{ "type": "Feature", "properties": { "lts_score": 1, "facility_type": "mixed", "highway": "residential", "name": "Wylie Street" }, "geometry": { "type": "LineString", "coordinates": [ [ -123.1139172, 49.2682541 ], [ -123.1139982, 49.2683247 ] ] } },
{ "type": "Feature", "properties": { "lts_score": 1, "facility_type": "mixed", "highway": "residential", "name": "Wylie Street" }, "geometry": { "type": "LineString", "coordinates": [ [ -123.1139172, 49.2682541 ], [ -123.1138632, 49.2682067 ], [ -123.1138301, 49.2681781 ], [ -123.1135295, 49.2679158 ], [ -123.1133086, 49.2677214 ] ] } },
{ "type": "Feature", "properties": { "lts_score": 1, "facility_type": "bike_lane", "highway": "residential", "name": "West 1st Avenue" }, "geometry": { "type": "LineString", "coordinates": [ [ -123.1139172, 49.2682541 ], [ -123.1124627, 49.2689675 ], [ -123.112371, 49.2690124 ] ] } },
{ "type": "Feature", "properties": { "lts_score": 2, "facility_type": "mixed", "highway": "unclassified", "name": "Quebec Street" }, "geometry": { "type": "LineString", "coordinates": [ [ -123.102906, 49.2646366 ], [ -123.1029082, 49.2645812 ], [ -123.1029088, 49.2645598 ], [ -123.1029204, 49.2641889 ], [ -123.1029366, 49.2638043 ], [ -123.1029396, 49.2637356 ] ] } },
{ "type": "Feature", "properties": { "lts_score": 2, "facility_type": "mixed", "highway": "unclassified", "name": "Quebec Street" }, "geometry": { "type": "LineString", "coordinates": [ [ -123.102906, 49.2646366 ], [ -123.1029031, 49.2647101 ], [ -123.1029021, 49.2647307 ], [ -123.1028869, 49.2650893 ], [ -123.1028677, 49.2654843 ], [ -123.1028655, 49.2655498 ] ] } },
{ "type": "Feature", "properties": { "lts_score": 2, "facility_type": "mixed", "highway": "tertiary", "name": "East 7th Avenue" }, "geometry": { "type": "LineString", "coordinates": [ [ -123.102906, 49.2646366 ], [ -123.1030148, 49.2646383 ], [ -123.1030531, 49.2646389 ], [ -123.1041712, 49.2646564 ], [ -123.1047034, 49.2646671 ], [ -123.104738, 49.2646678 ], [ -123.1048273, 49.2646698 ] ] } },
{ "type": "Feature", "properties": { "lts_score": 3, "facility_type": "mixed", "highway": "tertiary", "name": "East 7th Avenue" }, "geometry": { "type": "LineString", "coordinates": [ [ -123.102906, 49.2646366 ], [ -123.1028079, 49.2646351 ], [ -123.1027737, 49.2646344 ], [ -123.1022611, 49.2646235 ], [ -123.1017798, 49.2646133 ], [ -123.1016961, 49.2646154 ], [ -123.1015507, 49.2646212 ], [ -123.1014526, 49.2646208 ], [ -123.101154, 49.2646163 ], [ -123.101093, 49.2646154 ], [ -123.100965, 49.2646135 ] ] } },
{ "type": "Feature", "properties": { "lts_score": 3, "facility_type": "mixed", "highway": "tertiary", "name": "West 7th Avenue" }, "geometry": { "type": "LineString", "coordinates": [ [ -123.1109006, 49.2647822 ], [ -123.1108048, 49.2647797 ], [ -123.1095858, 49.264754 ], [ -123.1095589, 49.2647535 ], [ -123.1094524, 49.2647527 ] ] } },
{ "type": "Feature", "properties": { "lts_score": 1, "facility_type": "mixed", "highway": "residential", "name": "Alberta Street" }, "geometry": { "type": "LineString", "coordinates": [ [ -123.1109006, 49.2647822 ], [ -123.1109024, 49.2647265 ], [ -123.1109026, 49.2647061 ], [ -123.1109103, 49.2644481 ], [ -123.1109135, 49.2643413 ], [ -123.1109281, 49.2639622 ], [ -123.110933, 49.2638846 ] ] } },
{ "type": "Feature", "properties": { "lts_score": 3, "facility_type": "mixed", "highway": "tertiary", "name": "West 7th Avenue" }, "geometry": { "type": "LineString", "coordinates": [ [ -123.1109006, 49.2647822 ], [ -123.1110046, 49.2647836 ], [ -123.1126794, 49.2648186 ], [ -123.1127252, 49.2648196 ], [ -123.1128579, 49.2648225 ] ] } },
{ "type": "Feature", "properties": { "lts_score": 1, "facility_type": "mixed", "highway": "residential", "name": "Alberta Street" }, "geometry": { "type": "LineString", "coordinates": [ [ -123.1109006, 49.2647822 ], [ -123.1108982, 49.2648576 ], [ -123.110897, 49.2648761 ], [ -123.1108788, 49.2652419 ], [ -123.1108593, 49.2656234 ], [ -123.110857, 49.2656955 ] ] } },
{ "type": "Feature", "properties": { "lts_score": 3, "facility_type": "mixed", "highway": "tertiary", "name": "West 7th Avenue" }, "geometry": { "type": "LineString", "coordinates": [ [ -123.1067726, 49.2647075 ], [ -123.1068864, 49.2647097 ], [ -123.1069287, 49.2647104 ], [ -123.1079705, 49.2647283 ], [ -123.1082347, 49.2647328 ], [ -123.1088281, 49.264743 ], [ -123.1091591, 49.2647486 ], [ -123.1093161, 49.2647513 ], [ -123.109356, 49.264752 ], [ -123.1094524, 49.2647527 ] ] } },
{ "type": "Feature", "properties": { "lts_score": 3, "facility_type": "mixed", "highway": "tertiary", "name": "West 7th Avenue" }, "geometry": { "type": "LineString", "coordinates": [ [ -123.1067726, 49.2647075 ], [ -123.1066764, 49.2647055 ], [ -123.1066485, 49.2647049 ], [ -123.1061215, 49.2646944 ], [ -123.1056399, 49.2646854 ], [ -123.104986, 49.2646731 ], [ -123.104947, 49.2646724 ], [ -123.1048273, 49.2646698 ] ] } },
{ "type": "Feature", "properties": { "lts_score": 1, "facility_type": "mixed", "highway": "residential", "name": "Manitoba Street" }, "geometry": { "type": "LineString", "coordinates": [ [ -123.1067726, 49.2647075 ], [ -123.1067698, 49.2647823 ], [ -123.1067692, 49.2647973 ], [ -123.1067667, 49.2648651 ], [ -123.1067558, 49.2651627 ], [ -123.1067406, 49.2655193 ], [ -123.1067402, 49.2655301 ], [ -123.1067369, 49.2656108 ] ] } },
{ "type": "Feature", "properties": { "lts_score": 1, "facility_type": "mixed", "highway": "residential", "name": "Manitoba Street" }, "geometry": { "type": "LineString", "coordinates": [ [ -123.1067726, 49.2647075 ], [ -123.1067748, 49.2646502 ], [ -123.1067756, 49.264629 ], [ -123.1067896, 49.2642603 ], [ -123.106804, 49.2638799 ], [ -123.106807, 49.2638025 ] ] } },
{ "type": "Feature", "properties": { "lts_score": 1, "facility_type": "mixed", "highway": "residential", "name": "West 4th Avenue" }, "geometry": { "type": "LineString", "coordinates": [ [ -123.1107918, 49.2674991 ], [ -123.1108877, 49.2675014 ], [ -123.1116074, 49.2675155 ], [ -123.111789, 49.2675191 ], [ -123.1124506, 49.2675314 ], [ -123.1125363, 49.2675337 ], [ -123.1125999, 49.2675352 ] ] } },
{ "type": "Feature", "properties": { "lts_score": 1, "facility_type": "mixed", "highway": "residential", "name": "Alberta Street" }, "geometry": { "type": "LineString", "coordinates": [ [ -123.1107918, 49.2674991 ], [ -123.1107944, 49.2674357 ], [ -123.1107951, 49.2674003 ], [ -123.1108089, 49.2670513 ], [ -123.1108222, 49.2666995 ], [ -123.1108237, 49.2666786 ], [ -123.1108254, 49.2666028 ] ] } },
{ "type": "Feature", "properties": { "lts_score": 1, "facility_type": "mixed", "highway": "residential", "name": "West 4th Avenue" }, "geometry": { "type": "LineString", "coordinates": [ [ -123.1107918, 49.2674991 ], [ -123.1106864, 49.2674968 ], [ -123.1101231, 49.2674854 ], [ -123.1096035, 49.267475 ], [ -123.1095617, 49.2674741 ], [ -123.1094371, 49.2674725 ] ] } },
{ "type": "Feature", "properties": { "lts_score": 1, "facility_type": "mixed", "highway": "residential", "name": "Alberta Street" }, "geometry": { "type": "LineString", "coordinates": [ [ -123.1107918, 49.2674991 ], [ -123.1107893, 49.2675707 ], [ -123.1107872, 49.2675956 ], [ -123.1107693, 49.2679533 ], [ -123.1107654, 49.2680241 ], [ -123.1107486, 49.2683248 ], [ -123.1107461, 49.2683692 ] ] } },
{ "type": "Feature", "properties": { "lts_score": 1, "facility_type": "mixed", "highway": "residential", "name": "Manitoba Street" }, "geometry": { "type": "LineString", "coordinates": [ [ -123.1066479, 49.2674222 ], [ -123.1066512, 49.267349 ], [ -123.1066518, 49.2673385 ], [ -123.1066712, 49.266974 ], [ -123.1066942, 49.2666068 ], [ -123.1066953, 49.2665937 ], [ -123.1066983, 49.2665228 ] ] } },
{ "type": "Feature", "properties": { "lts_score": 1, "facility_type": "mixed", "highway": "residential", "name": "Manitoba Street" }, "geometry": { "type": "LineString", "coordinates": [ [ -123.1066479, 49.2674222 ], [ -123.1066444, 49.2675016 ], [ -123.1066437, 49.2675178 ], [ -123.1066347, 49.2677376 ], [ -123.1066291, 49.2678763 ], [ -123.1066205, 49.2682308 ], [ -123.1066203, 49.2682504 ], [ -123.1066169, 49.2683255 ] ] } },
{ "type": "Feature", "properties": { "lts_score": 1, "facility_type": "mixed", "highway": "residential", "name": "West 4th Avenue" }, "geometry": { "type": "LineString", "coordinates": [ [ -123.1066479, 49.2674222 ], [ -123.1065311, 49.2674199 ], [ -123.1058097, 49.2674048 ], [ -123.1048604, 49.2673849 ], [ -123.1048332, 49.2673843 ], [ -123.1047222, 49.2673824 ] ] } },
{ "type": "Feature", "properties": { "lts_score": 1, "facility_type": "mixed", "highway": "residential", "name": "West 4th Avenue" }, "geometry": { "type": "LineString", "coordinates": [ [ -123.1066479, 49.2674222 ], [ -123.1067528, 49.2674243 ], [ -123.1083315, 49.2674531 ], [ -123.1090837, 49.2674663 ], [ -123.1092877, 49.2674705 ], [ -123.1093126, 49.2674709 ], [ -123.1094371, 49.2674725 ] ] } },
{ "type": "Feature", "properties": { "lts_score": 1, "facility_type": "mixed", "highway": "residential", "name": "East 4th Avenue" }, "geometry": { "type": "LineString", "coordinates": [ [ -123.1047222, 49.2673824 ], [ -123.1045959, 49.2673802 ], [ -123.1045712, 49.2673799 ], [ -123.1032792, 49.267363 ], [ -123.1029526, 49.2673587 ], [ -123.1029035, 49.267358 ], [ -123.1027909, 49.267356 ] ] } },
{ "type": "Feature", "properties": { "lts_score": 1, "facility_type": "mixed", "highway": "residential", "name": "Ontario Street" }, "geometry": { "type": "LineString", "coordinates": [ [ -123.1047222, 49.2673824 ], [ -123.1047247, 49.2673132 ], [ -123.1047308, 49.2671436 ], [ -123.1047382, 49.2669383 ] ] } },
{ "type": "Feature", "properties": { "lts_score": 1, "facility_type": "mixed", "highway": "residential", "name": "Ontario Street" }, "geometry": { "type": "LineString", "coordinates": [ [ -123.1047222, 49.2673824 ], [ -123.1047195, 49.2674559 ], [ -123.1047059, 49.2678413 ], [ -123.1046914, 49.2682217 ], [ -123.1046893, 49.268292 ] ] } },
{ "type": "Feature", "properties": { "lts_score": 1, "facility_type": "mixed", "highway": "residential", "name": "West 4th Avenue" }, "geometry": { "type": "LineString", "coordinates": [ [ -123.1047222, 49.2673824 ], [ -123.1048332, 49.2673843 ], [ -123.1048604, 49.2673849 ], [ -123.1058097, 49.2674048 ], [ -123.1065311, 49.2674199 ], [ -123.1066479, 49.2674222 ] ] } },
{ "type": "Feature", "properties": { "lts_score": 1, "facility_type": "mixed", "highway": "residential", "name": "East 4th Avenue" }, "geometry": { "type": "LineString", "coordinates": [ [ -123.1027909, 49.267356 ], [ -123.1026697, 49.2673554 ], [ -123.1026574, 49.2673547 ], [ -123.1015876, 49.267333 ], [ -123.1014127, 49.2673302 ], [ -123.1010163, 49.2673249 ], [ -123.100967, 49.2673242 ], [ -123.1007912, 49.26732 ] ] } },
{ "type": "Feature", "properties": { "lts_score": 1, "facility_type": "mixed", "highway": "residential", "name": "East 4th Avenue" }, "geometry": { "type": "LineString", "coordinates": [ [ -123.1027909, 49.267356 ], [ -123.1029035, 49.267358 ], [ -123.1029526, 49.2673587 ], [ -123.1032792, 49.267363 ], [ -123.1045712, 49.2673799 ], [ -123.1045959, 49.2673802 ], [ -123.1047222, 49.2673824 ] ] } },
{ "type": "Feature", "properties": { "lts_score": 2, "facility_type": "mixed", "highway": "unclassified", "name": "Quebec Street" }, "geometry": { "type": "LineString", "coordinates": [ [ -123.1027909, 49.267356 ], [ -123.1027878, 49.2674234 ], [ -123.1027749, 49.2678061 ], [ -123.1027533, 49.2681823 ], [ -123.1027497, 49.2682556 ] ] } },
{ "type": "Feature", "properties": { "lts_score": 2, "facility_type": "bike_lane", "highway": "unclassified", "name": "Quebec Street" }, "geometry": { "type": "LineString", "coordinates": [ [ -123.1027909, 49.267356 ], [ -123.1027938, 49.2672855 ], [ -123.1028128, 49.2669017 ], [ -123.1028145, 49.266831 ], [ -123.1028163, 49.2667614 ], [ -123.1028195, 49.2665843 ], [ -123.1028205, 49.2665549 ], [ -123.1028213, 49.2665362 ], [ -123.1028248, 49.2664443 ] ] } },
{ "type": "Feature", "properties": { "lts_score": 4, "facility_type": "mixed", "highway": "primary", "name": "Main Street" }, "geometry": { "type": "LineString", "coordinates": [ [ -123.1001332, 49.2727386 ], [ -123.1001411, 49.2726607 ], [ -123.1001497, 49.2725535 ], [ -123.1001552, 49.2723777 ], [ -123.1001598, 49.2722326 ], [ -123.1001624, 49.2721204 ], [ -123.1001738, 49.272016 ], [ -123.1001894, 49.2719331 ], [ -123.1002151, 49.2718423 ], [ -123.1002511, 49.2717583 ], [ -123.1002924, 49.2716784 ], [ -123.1003587, 49.2715553 ] ] } },
{ "type": "Feature", "properties": { "lts_score": 3, "facility_type": "mixed", "highway": "residential", "name": "West 8th Avenue" }, "geometry": { "type": "LineString", "coordinates": [ [ -123.1094598, 49.2638558 ], [ -123.109585, 49.2638583 ], [ -123.1096171, 49.2638589 ], [ -123.1107978, 49.2638814 ], [ -123.1108252, 49.2638819 ], [ -123.110933, 49.2638846 ] ] } },
{ "type": "Feature", "properties": { "lts_score": 1, "facility_type": "mixed", "highway": "residential", "name": "Columbia Street" }, "geometry": { "type": "LineString", "coordinates": [ [ -123.1094598, 49.2638558 ], [ -123.10946, 49.2637827 ], [ -123.1094598, 49.2637594 ], [ -123.1094594, 49.2634555 ], [ -123.1094607, 49.2634072 ], [ -123.1094638, 49.2632502 ], [ -123.109464, 49.2632273 ], [ -123.109468, 49.2631221 ] ] } },
{ "type": "Feature", "properties": { "lts_score": 1, "facility_type": "mixed", "highway": "residential", "name": "West 8th Avenue" }, "geometry": { "type": "LineString", "coordinates": [ [ -123.1094598, 49.2638558 ], [ -123.1093547, 49.2638533 ], [ -123.1093116, 49.2638529 ], [ -123.1069663, 49.2638062 ], [ -123.1069346, 49.2638054 ], [ -123.106807, 49.2638025 ] ] } },
{ "type": "Feature", "properties": { "lts_score": 1, "facility_type": "mixed", "highway": "residential", "name": "Columbia Street" }, "geometry": { "type": "LineString", "coordinates": [ [ -123.1094598, 49.2638558 ], [ -123.1094595, 49.2639263 ], [ -123.1094591, 49.2639457 ], [ -123.109456, 49.264315 ], [ -123.1094522, 49.2646794 ], [ -123.1094521, 49.2646996 ], [ -123.1094524, 49.2647527 ] ] } },
{ "type": "Feature", "properties": { "lts_score": 3, "facility_type": "mixed", "highway": "residential", "name": "West 8th Avenue" }, "geometry": { "type": "LineString", "coordinates": [ [ -123.1048723, 49.2637647 ], [ -123.1049885, 49.2637667 ], [ -123.105017, 49.2637672 ], [ -123.10512, 49.2637692 ], [ -123.1066583, 49.263799 ], [ -123.1066796, 49.2637995 ], [ -123.106807, 49.2638025 ] ] } },
{ "type": "Feature", "properties": { "lts_score": 1, "facility_type": "mixed", "highway": "residential", "name": "Ontario Street" }, "geometry": { "type": "LineString", "coordinates": [ [ -123.1048723, 49.2637647 ], [ -123.1048747, 49.2637019 ], [ -123.1048766, 49.2636128 ], [ -123.104881, 49.2634619 ], [ -123.1048848, 49.2633591 ], [ -123.1048919, 49.2631458 ], [ -123.1048934, 49.263117 ], [ -123.104897, 49.2630115 ] ] } },
{ "type": "Feature", "properties": { "lts_score": 1, "facility_type": "mixed", "highway": "residential", "name": "Ontario Street" }, "geometry": { "type": "LineString", "coordinates": [ [ -123.1048723, 49.2637647 ], [ -123.104869, 49.2638515 ], [ -123.1048466, 49.2642231 ] ] } },
{ "type": "Feature", "properties": { "lts_score": 1, "facility_type": "mixed", "highway": "residential", "name": "East 8th Avenue" }, "geometry": { "type": "LineString", "coordinates": [ [ -123.1048723, 49.2637647 ], [ -123.1047712, 49.2637629 ], [ -123.104731, 49.2637622 ], [ -123.103835, 49.2637479 ], [ -123.1035982, 49.2637442 ], [ -123.1030887, 49.2637389 ], [ -123.1030512, 49.263738 ], [ -123.1029396, 49.2637356 ] ] } },
{ "type": "Feature", "properties": { "lts_score": 2, "facility_type": "mixed", "highway": "unclassified", "name": "Quebec Street" }, "geometry": { "type": "LineString", "coordinates": [ [ -123.1029396, 49.2637356 ], [ -123.1029366, 49.2638043 ], [ -123.1029204, 49.2641889 ], [ -123.1029088, 49.2645598 ], [ -123.1029082, 49.2645812 ], [ -123.102906, 49.2646366 ] ] } },
{ "type": "Feature", "properties": { "lts_score": 2, "facility_type": "mixed", "highway": "unclassified", "name": "Quebec Street" }, "geometry": { "type": "LineString", "coordinates": [ [ -123.1029396, 49.2637356 ], [ -123.1029423, 49.263674 ], [ -123.1029574, 49.2633124 ] ] } },
{ "type": "Feature", "properties": { "lts_score": 1, "facility_type": "mixed", "highway": "residential", "name": "East 8th Avenue" }, "geometry": { "type": "LineString", "coordinates": [ [ -123.1029396, 49.2637356 ], [ -123.1030512, 49.263738 ], [ -123.1030887, 49.2637389 ], [ -123.1035982, 49.2637442 ], [ -123.103835, 49.2637479 ], [ -123.104731, 49.2637622 ], [ -123.1047712, 49.2637629 ], [ -123.1048723, 49.2637647 ] ] } },
{ "type": "Feature", "properties": { "lts_score": 1, "facility_type": "mixed", "highway": "residential", "name": "East 8th Avenue" }, "geometry": { "type": "LineString", "coordinates": [ [ -123.1029396, 49.2637356 ], [ -123.1028441, 49.2637339 ], [ -123.1027871, 49.2637328 ], [ -123.1026519, 49.2637304 ], [ -123.1020758, 49.2637201 ], [ -123.1017368, 49.263714 ], [ -123.10156, 49.2637108 ], [ -123.1011751, 49.2637039 ], [ -123.101122, 49.2637029 ], [ -123.1010182, 49.2637014 ] ] } },
{ "type": "Feature", "properties": { "lts_score": 1, "facility_type": "mixed", "highway": "residential", "name": "West 5th Avenue" }, "geometry": { "type": "LineString", "coordinates": [ [ -123.1066983, 49.2665228 ], [ -123.1068176, 49.2665252 ], [ -123.1092747, 49.2665714 ], [ -123.1093168, 49.2665722 ], [ -123.1094368, 49.266574 ] ] } },
{ "type": "Feature", "properties": { "lts_score": 1, "facility_type": "mixed", "highway": "residential", "name": "West 5th Avenue" }, "geometry": { "type": "LineString", "coordinates": [ [ -123.1066983, 49.2665228 ], [ -123.1065795, 49.2665203 ], [ -123.1063496, 49.2665146 ], [ -123.1059964, 49.2665058 ], [ -123.1054661, 49.2664927 ], [ -123.1049042, 49.2664787 ], [ -123.104871, 49.2664779 ], [ -123.1047599, 49.2664761 ] ] } },
{ "type": "Feature", "properties": { "lts_score": 1, "facility_type": "mixed", "highway": "residential", "name": "Manitoba Street" }, "geometry": { "type": "LineString", "coordinates": [ [ -123.1066983, 49.2665228 ], [ -123.1067017, 49.2664415 ], [ -123.106702, 49.2664185 ], [ -123.1067178, 49.2660629 ], [ -123.1067329, 49.2657082 ], [ -123.1067335, 49.2656936 ], [ -123.1067369, 49.2656108 ] ] } },
{ "type": "Feature", "properties": { "lts_score": 1, "facility_type": "mixed", "highway": "residential", "name": "Manitoba Street" }, "geometry": { "type": "LineString", "coordinates": [ [ -123.1066983, 49.2665228 ], [ -123.1066953, 49.2665937 ], [ -123.1066942, 49.2666068 ], [ -123.1066712, 49.266974 ], [ -123.1066518, 49.2673385 ], [ -123.1066512, 49.267349 ], [ -123.1066479, 49.2674222 ] ] } },
{ "type": "Feature", "properties": { "lts_score": 3, "facility_type": "mixed", "highway": "residential", "name": "West 8th Avenue" }, "geometry": { "type": "LineString", "coordinates": [ [ -123.106807, 49.2638025 ], [ -123.1066796, 49.2637995 ], [ -123.1066583, 49.263799 ], [ -123.10512, 49.2637692 ], [ -123.105017, 49.2637672 ], [ -123.1049885, 49.2637667 ], [ -123.1048723, 49.2637647 ] ] } },
{ "type": "Feature", "properties": { "lts_score": 1, "facility_type": "mixed", "highway": "residential", "name": "West 8th Avenue" }, "geometry": { "type": "LineString", "coordinates": [ [ -123.106807, 49.2638025 ], [ -123.1069346, 49.2638054 ], [ -123.1069663, 49.2638062 ], [ -123.1093116, 49.2638529 ], [ -123.1093547, 49.2638533 ], [ -123.1094598, 49.2638558 ] ] } },
{ "type": "Feature", "properties": { "lts_score": 1, "facility_type": "mixed", "highway": "residential", "name": "Manitoba Street" }, "geometry": { "type": "LineString", "coordinates": [ [ -123.106807, 49.2638025 ], [ -123.1068092, 49.2637436 ], [ -123.106822, 49.2634059 ], [ -123.1068287, 49.2631846 ], [ -123.1068301, 49.2631631 ], [ -123.1068375, 49.2630528 ] ] } },
{ "type": "Feature", "properties": { "lts_score": 1, "facility_type": "mixed", "highway": "residential", "name": "Manitoba Street" }, "geometry": { "type": "LineString", "coordinates": [ [ -123.106807, 49.2638025 ], [ -123.106804, 49.2638799 ], [ -123.1067896, 49.2642603 ], [ -123.1067756, 49.264629 ], [ -123.1067748, 49.2646502 ], [ -123.1067726, 49.2647075 ] ] } },
{ "type": "Feature", "properties": { "lts_score": 1, "facility_type": "mixed", "highway": "residential", "name": "Columbia Street" }, "geometry": { "type": "LineString", "coordinates": [ [ -123.1094371, 49.2674725 ], [ -123.1094374, 49.2674033 ], [ -123.1094414, 49.2670201 ], [ -123.1094375, 49.2666926 ], [ -123.1094375, 49.2666427 ], [ -123.1094368, 49.266574 ] ] } },
{ "type": "Feature", "properties": { "lts_score": 1, "facility_type": "mixed", "highway": "residential", "name": "Columbia Street" }, "geometry": { "type": "LineString", "coordinates": [ [ -123.1094371, 49.2674725 ], [ -123.1094367, 49.2675451 ], [ -123.1094389, 49.2679291 ], [ -123.1094346, 49.2683096 ], [ -123.109433, 49.2683789 ] ] } },
{ "type": "Feature", "properties": { "lts_score": 1, "facility_type": "mixed", "highway": "residential", "name": "West 4th Avenue" }, "geometry": { "type": "LineString", "coordinates": [ [ -123.1094371, 49.2674725 ], [ -123.1093126, 49.2674709 ], [ -123.1092877, 49.2674705 ], [ -123.1090837, 49.2674663 ], [ -123.1083315, 49.2674531 ], [ -123.1067528, 49.2674243 ], [ -123.1066479, 49.2674222 ] ] } },
{ "type": "Feature", "properties": { "lts_score": 1, "facility_type": "mixed", "highway": "residential", "name": "West 4th Avenue" }, "geometry": { "type": "LineString", "coordinates": [ [ -123.1094371, 49.2674725 ], [ -123.1095617, 49.2674741 ], [ -123.1096035, 49.267475 ], [ -123.1101231, 49.2674854 ], [ -123.1106864, 49.2674968 ], [ -123.1107918, 49.2674991 ] ] } },
{ "type": "Feature", "properties": { "lts_score": 1, "facility_type": "mixed", "highway": "residential", "name": "West 5th Avenue" }, "geometry": { "type": "LineString", "coordinates": [ [ -123.1094368, 49.266574 ], [ -123.1093168, 49.2665722 ], [ -123.1092747, 49.2665714 ], [ -123.1068176, 49.2665252 ], [ -123.1066983, 49.2665228 ] ] } },
{ "type": "Feature", "properties": { "lts_score": 1, "facility_type": "mixed", "highway": "residential", "name": "Columbia Street" }, "geometry": { "type": "LineString", "coordinates": [ [ -123.1094368, 49.266574 ], [ -123.1094375, 49.2666427 ], [ -123.1094375, 49.2666926 ], [ -123.1094414, 49.2670201 ], [ -123.1094374, 49.2674033 ], [ -123.1094371, 49.2674725 ] ] } },
{ "type": "Feature", "properties": { "lts_score": 1, "facility_type": "mixed", "highway": "residential", "name": "Columbia Street" }, "geometry": { "type": "LineString", "coordinates": [ [ -123.1094368, 49.266574 ], [ -123.1094376, 49.2664945 ], [ -123.1094378, 49.2664794 ], [ -123.1094414, 49.2661165 ], [ -123.1094451, 49.2657503 ], [ -123.1094459, 49.265669 ] ] } },
{ "type": "Feature", "properties": { "lts_score": 1, "facility_type": "mixed", "highway": "residential", "name": "West 5th Avenue" }, "geometry": { "type": "LineString", "coordinates": [ [ -123.1094368, 49.266574 ], [ -123.1095625, 49.2665766 ], [ -123.1095957, 49.2665773 ], [ -123.1107179, 49.2666006 ], [ -123.1108254, 49.2666028 ] ] } },
{ "type": "Feature", "properties": { "lts_score": 1, "facility_type": "mixed", "highway": "residential", "name": "Columbia Street" }, "geometry": { "type": "LineString", "coordinates": [ [ -123.1094459, 49.265669 ], [ -123.1094473, 49.2655987 ], [ -123.1094478, 49.2652195 ], [ -123.1094512, 49.2648496 ], [ -123.1094517, 49.2648282 ], [ -123.1094524, 49.2647527 ] ] } },
{ "type": "Feature", "properties": { "lts_score": 1, "facility_type": "mixed", "highway": "residential", "name": "Columbia Street" }, "geometry": { "type": "LineString", "coordinates": [ [ -123.1094459, 49.265669 ], [ -123.1094451, 49.2657503 ], [ -123.1094414, 49.2661165 ], [ -123.1094378, 49.2664794 ], [ -123.1094376, 49.2664945 ], [ -123.1094368, 49.266574 ] ] } },
{ "type": "Feature", "properties": { "lts_score": 1, "facility_type": "mixed", "highway": "residential", "name": "West 6th Avenue" }, "geometry": { "type": "LineString", "coordinates": [ [ -123.1094459, 49.265669 ], [ -123.1093361, 49.2656666 ], [ -123.1093035, 49.2656659 ], [ -123.107863, 49.2656354 ], [ -123.1068462, 49.265613 ], [ -123.1067369, 49.2656108 ] ] } },
{ "type": "Feature", "properties": { "lts_score": 1, "facility_type": "mixed", "highway": "residential", "name": "West 6th Avenue" }, "geometry": { "type": "LineString", "coordinates": [ [ -123.1094459, 49.265669 ], [ -123.1095452, 49.2656709 ], [ -123.1096083, 49.2656721 ], [ -123.1107124, 49.2656931 ], [ -123.1107611, 49.2656938 ], [ -123.110857, 49.2656955 ] ] } },
{ "type": "Feature", "properties": { "lts_score": 3, "facility_type": "mixed", "highway": "tertiary", "name": "West 7th Avenue" }, "geometry": { "type": "LineString", "coordinates": [ [ -123.1094524, 49.2647527 ], [ -123.1095589, 49.2647535 ], [ -123.1095858, 49.264754 ], [ -123.1108048, 49.2647797 ], [ -123.1109006, 49.2647822 ] ] } },
{ "type": "Feature", "properties": { "lts_score": 3, "facility_type": "mixed", "highway": "tertiary", "name": "West 7th Avenue" }, "geometry": { "type": "LineString", "coordinates": [ [ -123.1094524, 49.2647527 ], [ -123.109356, 49.264752 ], [ -123.1093161, 49.2647513 ], [ -123.1091591, 49.2647486 ], [ -123.1088281, 49.264743 ], [ -123.1082347, 49.2647328 ], [ -123.1079705, 49.2647283 ], [ -123.1069287, 49.2647104 ], [ -123.1068864, 49.2647097 ], [ -123.1067726, 49.2647075 ] ] } },
{ "type": "Feature", "properties": { "lts_score": 1, "facility_type": "mixed", "highway": "residential", "name": "Columbia Street" }, "geometry": { "type": "LineString", "coordinates": [ [ -123.1094524, 49.2647527 ], [ -123.1094517, 49.2648282 ], [ -123.1094512, 49.2648496 ], [ -123.1094478, 49.2652195 ], [ -123.1094473, 49.2655987 ], [ -123.1094459, 49.265669 ] ] } },
{ "type": "Feature", "properties": { "lts_score": 1, "facility_type": "mixed", "highway": "residential", "name": "Columbia Street" }, "geometry": { "type": "LineString", "coordinates": [ [ -123.1094524, 49.2647527 ], [ -123.1094521, 49.2646996 ], [ -123.1094522, 49.2646794 ], [ -123.109456, 49.264315 ], [ -123.1094591, 49.2639457 ], [ -123.1094595, 49.2639263 ], [ -123.1094598, 49.2638558 ] ] } },
{ "type": "Feature", "properties": { "lts_score": 3, "facility_type": "mixed", "highway": "residential", "name": "West 8th Avenue" }, "geometry": { "type": "LineString", "coordinates": [ [ -123.110933, 49.2638846 ], [ -123.1108252, 49.2638819 ], [ -123.1107978, 49.2638814 ], [ -123.1096171, 49.2638589 ], [ -123.109585, 49.2638583 ], [ -123.1094598, 49.2638558 ] ] } },
{ "type": "Feature", "properties": { "lts_score": 1, "facility_type": "mixed", "highway": "residential", "name": "Alberta Street" }, "geometry": { "type": "LineString", "coordinates": [ [ -123.110933, 49.2638846 ], [ -123.1109361, 49.263808 ], [ -123.1109562, 49.2634351 ], [ -123.1109636, 49.2632868 ], [ -123.1109643, 49.2632549 ], [ -123.1109652, 49.2631504 ] ] } },
{ "type": "Feature", "properties": { "lts_score": 3, "facility_type": "mixed", "highway": "residential", "name": "West 8th Avenue" }, "geometry": { "type": "LineString", "coordinates": [ [ -123.110933, 49.2638846 ], [ -123.1110711, 49.2638873 ], [ -123.1111003, 49.2638877 ], [ -123.112726, 49.2639127 ], [ -123.112765, 49.2639133 ], [ -123.112899, 49.2639164 ] ] } },
{ "type": "Feature", "properties": { "lts_score": 1, "facility_type": "mixed", "highway": "residential", "name": "Alberta Street" }, "geometry": { "type": "LineString", "coordinates": [ [ -123.110933, 49.2638846 ], [ -123.1109281, 49.2639622 ], [ -123.1109135, 49.2643413 ], [ -123.1109103, 49.2644481 ], [ -123.1109026, 49.2647061 ], [ -123.1109024, 49.2647265 ], [ -123.1109006, 49.2647822 ] ] } },
{ "type": "Feature", "properties": { "lts_score": 1, "facility_type": "mixed", "highway": "residential", "name": "West 5th Avenue" }, "geometry": { "type": "LineString", "coordinates": [ [ -123.1108254, 49.2666028 ], [ -123.1107179, 49.2666006 ], [ -123.1095957, 49.2665773 ], [ -123.1095625, 49.2665766 ], [ -123.1094368, 49.266574 ] ] } },
{ "type": "Feature", "properties": { "lts_score": 1, "facility_type": "mixed", "highway": "residential", "name": "Alberta Street" }, "geometry": { "type": "LineString", "coordinates": [ [ -123.1108254, 49.2666028 ], [ -123.1108271, 49.2665251 ], [ -123.1108282, 49.2664933 ], [ -123.1108426, 49.2661413 ], [ -123.1108546, 49.265772 ], [ -123.110857, 49.2656955 ] ] } },
{ "type": "Feature", "properties": { "lts_score": 1, "facility_type": "mixed", "highway": "residential", "name": "West 5th Avenue" }, "geometry": { "type": "LineString", "coordinates": [ [ -123.1108254, 49.2666028 ], [ -123.1109402, 49.2666052 ], [ -123.1126307, 49.2666403 ], [ -123.1126573, 49.2666409 ], [ -123.1127754, 49.2666433 ] ] } },
{ "type": "Feature", "properties": { "lts_score": 1, "facility_type": "mixed", "highway": "residential", "name": "Alberta Street" }, "geometry": { "type": "LineString", "coordinates": [ [ -123.1108254, 49.2666028 ], [ -123.1108237, 49.2666786 ], [ -123.1108222, 49.2666995 ], [ -123.1108089, 49.2670513 ], [ -123.1107951, 49.2674003 ], [ -123.1107944, 49.2674357 ], [ -123.1107918, 49.2674991 ] ] } },
{ "type": "Feature", "properties": { "lts_score": 4, "facility_type": "mixed", "highway": "primary", "name": "West Broadway" }, "geometry": { "type": "LineString", "coordinates": [ [ -123.1129024, 49.2631818 ], [ -123.1127805, 49.2631799 ], [ -123.1127517, 49.2631794 ], [ -123.1122579, 49.2631714 ], [ -123.111106, 49.2631527 ], [ -123.111077, 49.2631522 ], [ -123.1109652, 49.2631504 ] ] } },
{ "type": "Feature", "properties": { "lts_score": 4, "facility_type": "mixed", "highway": "primary", "name": "West Broadway" }, "geometry": { "type": "LineString", "coordinates": [ [ -123.1129024, 49.2631818 ], [ -123.1130159, 49.2631836 ], [ -123.113064, 49.2631843 ], [ -123.1145634, 49.2632046 ], [ -123.114608, 49.2632052 ], [ -123.114778, 49.2632096 ] ] } },
{ "type": "Feature", "properties": { "lts_score": 3, "facility_type": "bike_lane", "highway": "tertiary", "name": "Yukon Street" }, "geometry": { "type": "LineString", "coordinates": [ [ -123.1129024, 49.2631818 ], [ -123.1128962, 49.2632924 ], [ -123.1128945, 49.263324 ], [ -123.1128867, 49.2634675 ], [ -123.1129048, 49.2635584 ], [ -123.1129144, 49.2636073 ], [ -123.1129039, 49.2638096 ], [ -123.112902, 49.2638454 ], [ -123.112899, 49.2639164 ] ] } },
{ "type": "Feature", "properties": { "lts_score": 2, "facility_type": "mixed", "highway": "tertiary", "name": "Yukon Street" }, "geometry": { "type": "LineString", "coordinates": [ [ -123.1127086, 49.2673515 ], [ -123.1126696, 49.2673889 ], [ -123.1126368, 49.2674895 ], [ -123.1125999, 49.2675352 ] ] } },
{ "type": "Feature", "properties": { "lts_score": 1, "facility_type": "bike_lane", "highway": "tertiary", "name": "Yukon Street" }, "geometry": { "type": "LineString", "coordinates": [ [ -123.1127086, 49.2673515 ], [ -123.112718, 49.2672139 ], [ -123.1127286, 49.2670763 ], [ -123.1127624, 49.2669348 ], [ -123.1127708, 49.2667191 ], [ -123.1127722, 49.2667026 ], [ -123.1127754, 49.2666433 ] ] } },
{ "type": "Feature", "properties": { "lts_score": 4, "facility_type": "mixed", "highway": "secondary", "name": "Clark Drive" }, "geometry": { "type": "LineString", "coordinates": [ [ -123.0775259, 49.2631176 ], [ -123.0775173, 49.2633292 ] ] } },
{ "type": "Feature", "properties": { "lts_score": 4, "facility_type": "mixed", "highway": "secondary", "name": "Clark Drive" }, "geometry": { "type": "LineString", "coordinates": [ [ -123.0775259, 49.2631176 ], [ -123.0776136, 49.2630475 ], [ -123.0776205, 49.2628891 ], [ -123.0776279, 49.2627226 ], [ -123.0776353, 49.2625549 ], [ -123.0776367, 49.2625214 ], [ -123.0776399, 49.2624493 ] ] } },
{ "type": "Feature", "properties": { "lts_score": 1, "facility_type": "mixed", "highway": "residential", "name": "Manitoba Street" }, "geometry": { "type": "LineString", "coordinates": [ [ -123.106576, 49.2692809 ], [ -123.1065873, 49.2693945 ], [ -123.1065857, 49.26942 ], [ -123.1065636, 49.2697767 ], [ -123.1066241, 49.2701074 ], [ -123.1066304, 49.2701346 ], [ -123.1066436, 49.2701896 ] ] } },
{ "type": "Feature", "properties": { "lts_score": 1, "facility_type": "mixed", "highway": "residential", "name": "Manitoba Street" }, "geometry": { "type": "LineString", "coordinates": [ [ -123.106576, 49.2692809 ], [ -123.106583, 49.2691673 ], [ -123.1065839, 49.2691395 ], [ -123.1065959, 49.2687846 ], [ -123.1066124, 49.2684194 ], [ -123.1066132, 49.2684064 ], [ -123.1066169, 49.2683255 ] ] } },
{ "type": "Feature", "properties": { "lts_score": 4, "facility_type": "mixed", "highway": "secondary", "name": "West 2nd Avenue" }, "geometry": { "type": "LineString", "coordinates": [ [ -123.106576, 49.2692809 ], [ -123.10647, 49.2692787 ], [ -123.1064302, 49.2692777 ], [ -123.1058642, 49.2692632 ], [ -123.1053665, 49.2692505 ] ] } },
{ "type": "Feature", "properties": { "lts_score": 4, "facility_type": "mixed", "highway": "secondary", "name": "West 2nd Avenue" }, "geometry": { "type": "LineString", "coordinates": [ [ -123.106576, 49.2692809 ], [ -123.106705, 49.2692835 ], [ -123.106735, 49.269284 ], [ -123.1073081, 49.2692935 ], [ -123.1078654, 49.2693027 ], [ -123.1086537, 49.2693184 ], [ -123.108807, 49.269319 ], [ -123.1089722, 49.2693106 ], [ -123.10916, 49.2692888 ], [ -123.1092803, 49.2692723 ], [ -123.1093185, 49.2692671 ], [ -123.109429, 49.2692378 ] ] } },
{ "type": "Feature", "properties": { "lts_score": 1, "facility_type": "mixed", "highway": "residential", "name": "Sophia Street" }, "geometry": { "type": "LineString", "coordinates": [ [ -123.0984453, 49.2565712 ], [ -123.0984452, 49.2566372 ], [ -123.0984444, 49.2566557 ], [ -123.0984364, 49.2567834 ], [ -123.098427, 49.2570234 ], [ -123.0984185, 49.2572182 ], [ -123.098411, 49.2573884 ], [ -123.0984107, 49.2574174 ] ] } },
{ "type": "Feature", "properties": { "lts_score": 3, "facility_type": "mixed", "highway": "tertiary", "name": "East 16th Avenue" }, "geometry": { "type": "LineString", "coordinates": [ [ -123.0984453, 49.2565712 ], [ -123.09855, 49.2565735 ], [ -123.099178, 49.2565829 ], [ -123.0999693, 49.2565941 ], [ -123.1006706, 49.2565939 ], [ -123.1010161, 49.2565919 ], [ -123.1010617, 49.2565916 ], [ -123.1012309, 49.2565854 ] ] } },
{ "type": "Feature", "properties": { "lts_score": 1, "facility_type": "mixed", "highway": "residential", "name": "Prince Edward Street" }, "geometry": { "type": "LineString", "coordinates": [ [ -123.0965145, 49.2565725 ], [ -123.0965137, 49.2566092 ], [ -123.0965132, 49.2566284 ], [ -123.0964973, 49.2569929 ], [ -123.0964749, 49.2573865 ], [ -123.096475, 49.2574501 ] ] } },
{ "type": "Feature", "properties": { "lts_score": 4, "facility_type": "mixed", "highway": "primary", "name": "Kingsway" }, "geometry": { "type": "LineString", "coordinates": [ [ -123.0897525, 49.2567159 ], [ -123.0898924, 49.2567448 ] ] } },
{ "type": "Feature", "properties": { "lts_score": 3, "facility_type": "mixed", "highway": "tertiary", "name": "Fraser Street" }, "geometry": { "type": "LineString", "coordinates": [ [ -123.0897525, 49.2567159 ], [ -123.0897339, 49.2567452 ], [ -123.0896886, 49.2568004 ], [ -123.0896, 49.2569196 ], [ -123.0893864, 49.2571593 ] ] } },
{ "type": "Feature", "properties": { "lts_score": 4, "facility_type": "mixed", "highway": "secondary", "name": "West 2nd Avenue" }, "geometry": { "type": "LineString", "coordinates": [ [ -123.1108001, 49.2686279 ], [ -123.1113026, 49.2683808 ] ] } },
{ "type": "Feature", "properties": { "lts_score": 4, "facility_type": "mixed", "highway": "secondary", "name": "West 2nd Avenue" }, "geometry": { "type": "LineString", "coordinates": [ [ -123.1108001, 49.2686279 ], [ -123.1099789, 49.2690342 ] ] } },
{ "type": "Feature", "properties": { "lts_score": 1, "facility_type": "mixed", "highway": "residential", "name": "Alberta Street" }, "geometry": { "type": "LineString", "coordinates": [ [ -123.1108001, 49.2686279 ], [ -123.1107372, 49.268523 ], [ -123.1107384, 49.2685047 ], [ -123.1107439, 49.2684085 ] ] } },
{ "type": "Feature", "properties": { "lts_score": 4, "facility_type": "mixed", "highway": "primary", "name": "Kingsway" }, "geometry": { "type": "LineString", "coordinates": [ [ -123.095886, 49.2592826 ], [ -123.0956658, 49.2591492 ], [ -123.095234, 49.2589029 ], [ -123.0945374, 49.2584891 ], [ -123.0942216, 49.2583072 ], [ -123.0940062, 49.2581893 ], [ -123.0934201, 49.257873 ], [ -123.0933844, 49.257856 ], [ -123.0932566, 49.257795 ] ] } },
{ "type": "Feature", "properties": { "lts_score": 1, "facility_type": "mixed", "highway": "residential", "name": "East 15th Avenue" }, "geometry": { "type": "LineString", "coordinates": [ [ -123.0937476, 49.2573425 ], [ -123.0936492, 49.2573389 ], [ -123.0935461, 49.2573349 ], [ -123.0928017, 49.2573021 ], [ -123.0925162, 49.2572749 ] ] } },
{ "type": "Feature", "properties": { "lts_score": 1, "facility_type": "mixed", "highway": "residential", "name": "East 15th Avenue" }, "geometry": { "type": "LineString", "coordinates": [ [ -123.0937476, 49.2573425 ], [ -123.093854, 49.2573465 ], [ -123.0942619, 49.2573617 ], [ -123.0949034, 49.2573879 ], [ -123.0956295, 49.2574173 ], [ -123.0963409, 49.2574461 ], [ -123.0963697, 49.2574472 ], [ -123.096475, 49.2574501 ] ] } },
{ "type": "Feature", "properties": { "lts_score": 1, "facility_type": "mixed", "highway": "residential", "name": "Carolina Street" }, "geometry": { "type": "LineString", "coordinates": [ [ -123.0918261, 49.2572228 ], [ -123.091821, 49.2572984 ], [ -123.0918144, 49.2573196 ], [ -123.0917972, 49.2573796 ] ] } },
{ "type": "Feature", "properties": { "lts_score": 3, "facility_type": "mixed", "highway": "residential", "name": "East 15th Avenue" }, "geometry": { "type": "LineString", "coordinates": [ [ -123.0918261, 49.2572228 ], [ -123.0917175, 49.2572019 ], [ -123.0913865, 49.2571878 ], [ -123.091326, 49.2571852 ], [ -123.0911517, 49.2571838 ], [ -123.0910746, 49.2572094 ] ] } },
{ "type": "Feature", "properties": { "lts_score": 1, "facility_type": "mixed", "highway": "residential", "name": "East 15th Avenue" }, "geometry": { "type": "LineString", "coordinates": [ [ -123.0918261, 49.2572228 ], [ -123.091923, 49.2572382 ], [ -123.0919631, 49.257244 ], [ -123.0924052, 49.2572687 ], [ -123.0925162, 49.2572749 ] ] } },
{ "type": "Feature", "properties": { "lts_score": 1, "facility_type": "mixed", "highway": "residential", "name": "East 14th Avenue" }, "geometry": { "type": "LineString", "coordinates": [ [ -123.0983748, 49.2583744 ], [ -123.0982649, 49.2583726 ], [ -123.0966113, 49.2583497 ], [ -123.0965546, 49.2583489 ], [ -123.0965167, 49.2583481 ], [ -123.0964007, 49.2583462 ] ] } },
{ "type": "Feature", "properties": { "lts_score": 1, "facility_type": "mixed", "highway": "residential", "name": "East 14th Avenue" }, "geometry": { "type": "LineString", "coordinates": [ [ -123.0983748, 49.2583744 ], [ -123.0984961, 49.2583765 ], [ -123.100566, 49.258408 ] ] } },
{ "type": "Feature", "properties": { "lts_score": 1, "facility_type": "mixed", "highway": "residential", "name": "Sophia Street" }, "geometry": { "type": "LineString", "coordinates": [ [ -123.0983748, 49.2583744 ], [ -123.0983805, 49.2584559 ], [ -123.0983812, 49.2584818 ], [ -123.0983973, 49.2588249 ], [ -123.0983603, 49.2592207 ], [ -123.0983581, 49.2592475 ] ] } },
{ "type": "Feature", "properties": { "lts_score": 1, "facility_type": "mixed", "highway": "residential", "name": "Sophia Street" }, "geometry": { "type": "LineString", "coordinates": [ [ -123.0983748, 49.2583744 ], [ -123.0983708, 49.2583151 ], [ -123.0983712, 49.2582959 ], [ -123.0983947, 49.2579292 ], [ -123.098408, 49.2575605 ], [ -123.0984086, 49.2575325 ] ] } },
{ "type": "Feature", "properties": { "lts_score": 1, "facility_type": "mixed", "highway": "residential", "name": "East 4th Avenue" }, "geometry": { "type": "LineString", "coordinates": [ [ -123.1007912, 49.26732 ], [ -123.1006207, 49.2673168 ], [ -123.1005874, 49.2673161 ], [ -123.1004595, 49.2673133 ], [ -123.0999893, 49.2673032 ], [ -123.099249, 49.2672932 ], [ -123.0991575, 49.2672919 ], [ -123.0989331, 49.2672889 ], [ -123.0989101, 49.2672886 ], [ -123.0987999, 49.267287 ] ] } },
{ "type": "Feature", "properties": { "lts_score": 1, "facility_type": "mixed", "highway": "residential", "name": "East 4th Avenue" }, "geometry": { "type": "LineString", "coordinates": [ [ -123.1007912, 49.26732 ], [ -123.100967, 49.2673242 ], [ -123.1010163, 49.2673249 ], [ -123.1014127, 49.2673302 ], [ -123.1015876, 49.267333 ], [ -123.1026574, 49.2673547 ], [ -123.1026697, 49.2673554 ], [ -123.1027909, 49.267356 ] ] } },
{ "type": "Feature", "properties": { "lts_score": 4, "facility_type": "mixed", "highway": "primary", "name": "Main Street" }, "geometry": { "type": "LineString", "coordinates": [ [ -123.1007912, 49.26732 ], [ -123.1007889, 49.2673837 ], [ -123.1007582, 49.2682199 ] ] } },
{ "type": "Feature", "properties": { "lts_score": 4, "facility_type": "mixed", "highway": "primary", "name": "Main Street" }, "geometry": { "type": "LineString", "coordinates": [ [ -123.1007912, 49.26732 ], [ -123.1007937, 49.2672478 ], [ -123.1008187, 49.2665328 ], [ -123.1008199, 49.2664995 ], [ -123.1008229, 49.2664134 ] ] } },
{ "type": "Feature", "properties": { "lts_score": 1, "facility_type": "mixed", "highway": "residential", "name": "Brunswick Street" }, "geometry": { "type": "LineString", "coordinates": [ [ -123.0968153, 49.2662903 ], [ -123.0964304, 49.2665702 ], [ -123.0964039, 49.2665905 ], [ -123.0963489, 49.2666286 ] ] } },
{ "type": "Feature", "properties": { "lts_score": 1, "facility_type": "mixed", "highway": "residential", "name": "Brunswick Street" }, "geometry": { "type": "LineString", "coordinates": [ [ -123.0968153, 49.2662903 ], [ -123.0968311, 49.2662774 ], [ -123.0968614, 49.2662393 ], [ -123.0968855, 49.2661806 ], [ -123.0969036, 49.2661022 ], [ -123.0969115, 49.2658939 ], [ -123.0969365, 49.2655098 ], [ -123.0969366, 49.2654912 ] ] } },
{ "type": "Feature", "properties": { "lts_score": 1, "facility_type": "mixed", "highway": "residential", "name": "East 5th Avenue" }, "geometry": { "type": "LineString", "coordinates": [ [ -123.0968153, 49.2662903 ], [ -123.0968696, 49.2663185 ], [ -123.0969054, 49.2663289 ], [ -123.0969424, 49.2663345 ], [ -123.0969816, 49.2663368 ], [ -123.0970396, 49.2663384 ], [ -123.0970875, 49.2663394 ], [ -123.0973987, 49.2663462 ], [ -123.0979783, 49.266359 ], [ -123.0986699, 49.2663742 ], [ -123.0987224, 49.2663756 ], [ -123.098831, 49.2663771 ] ] } },
{ "type": "Feature", "properties": { "lts_score": 1, "facility_type": "mixed", "highway": "residential", "name": "West 14th Avenue" }, "geometry": { "type": "LineString", "coordinates": [ [ -123.1070281, 49.2585012 ], [ -123.1071332, 49.2585038 ], [ -123.1095102, 49.2585451 ], [ -123.109546, 49.2585457 ], [ -123.1096469, 49.2585473 ] ] } },
{ "type": "Feature", "properties": { "lts_score": 1, "facility_type": "mixed", "highway": "residential", "name": "West 14th Avenue" }, "geometry": { "type": "LineString", "coordinates": [ [ -123.1070281, 49.2585012 ], [ -123.1069356, 49.258499 ], [ -123.1061425, 49.2584873 ], [ -123.1051999, 49.2584734 ], [ -123.1051734, 49.258473 ] ] } },
{ "type": "Feature", "properties": { "lts_score": 1, "facility_type": "mixed", "highway": "residential", "name": "Manitoba Street" }, "geometry": { "type": "LineString", "coordinates": [ [ -123.1070281, 49.2585012 ], [ -123.1070311, 49.2584404 ], [ -123.1070321, 49.2584213 ], [ -123.1070538, 49.2580484 ], [ -123.1070747, 49.2576872 ], [ -123.107076, 49.2576661 ], [ -123.1070801, 49.2575948 ] ] } },
{ "type": "Feature", "properties": { "lts_score": 1, "facility_type": "mixed", "highway": "residential", "name": "Manitoba Street" }, "geometry": { "type": "LineString", "coordinates": [ [ -123.1070281, 49.2585012 ], [ -123.1070259, 49.2585692 ], [ -123.107024, 49.2585884 ], [ -123.1070057, 49.2589506 ], [ -123.1069849, 49.2593425 ], [ -123.1069815, 49.2594047 ] ] } },
{ "type": "Feature", "properties": { "lts_score": 3, "facility_type": "mixed", "highway": "tertiary", "name": "Fraser Street" }, "geometry": { "type": "LineString", "coordinates": [ [ -123.0892475, 49.2574683 ], [ -123.089233, 49.2575275 ], [ -123.0892256, 49.2576189 ], [ -123.089218, 49.2578611 ], [ -123.0892178, 49.2578861 ], [ -123.089216, 49.2579405 ] ] } },
{ "type": "Feature", "properties": { "lts_score": 3, "facility_type": "mixed", "highway": "tertiary", "name": "Fraser Street" }, "geometry": { "type": "LineString", "coordinates": [ [ -123.0892475, 49.2574683 ], [ -123.0893059, 49.2574249 ], [ -123.0894078, 49.2573066 ], [ -123.0895245, 49.2571636 ] ] } },
{ "type": "Feature", "properties": { "lts_score": 1, "facility_type": "mixed", "highway": "residential", "name": "Prince Albert Street" }, "geometry": { "type": "LineString", "coordinates": [ [ -123.0872299, 49.2570672 ], [ -123.0872262, 49.2571378 ], [ -123.0872247, 49.2571582 ], [ -123.0871995, 49.2575462 ] ] } },
{ "type": "Feature", "properties": { "lts_score": 1, "facility_type": "mixed", "highway": "residential", "name": "East 15th Avenue" }, "geometry": { "type": "LineString", "coordinates": [ [ -123.0872299, 49.2570672 ], [ -123.0869401, 49.2570554 ], [ -123.0860688, 49.2570213 ], [ -123.085668, 49.2570056 ], [ -123.0855311, 49.2570002 ] ] } },
{ "type": "Feature", "properties": { "lts_score": 1, "facility_type": "mixed", "highway": "residential", "name": "East 15th Avenue" }, "geometry": { "type": "LineString", "coordinates": [ [ -123.0872299, 49.2570672 ], [ -123.0873678, 49.2570728 ], [ -123.0874702, 49.2570769 ] ] } },
{ "type": "Feature", "properties": { "lts_score": 1, "facility_type": "mixed", "highway": "residential", "name": "Windsor Street" }, "geometry": { "type": "LineString", "coordinates": [ [ -123.0832734, 49.2642859 ], [ -123.0832749, 49.2642285 ], [ -123.0832758, 49.2641957 ], [ -123.0832866, 49.2638367 ], [ -123.0832937, 49.2634797 ], [ -123.0832979, 49.2634533 ], [ -123.0833, 49.2633819 ] ] } },
{ "type": "Feature", "properties": { "lts_score": 1, "facility_type": "mixed", "highway": "residential", "name": "East 7th Avenue" }, "geometry": { "type": "LineString", "coordinates": [ [ -123.0832734, 49.2642859 ], [ -123.082693, 49.2642803 ], [ -123.0822184, 49.2642782 ], [ -123.081985, 49.2642787 ], [ -123.081859, 49.2642775 ], [ -123.0814517, 49.2642733 ], [ -123.0814077, 49.2642722 ] ] } },
{ "type": "Feature", "properties": { "lts_score": 1, "facility_type": "mixed", "highway": "residential", "name": "East 7th Avenue" }, "geometry": { "type": "LineString", "coordinates": [ [ -123.0832734, 49.2642859 ], [ -123.0833622, 49.2642869 ], [ -123.083602, 49.2642891 ], [ -123.0841204, 49.264294 ], [ -123.084417, 49.2642968 ], [ -123.0851358, 49.2643031 ], [ -123.085214, 49.2643046 ] ] } },
{ "type": "Feature", "properties": { "lts_score": 1, "facility_type": "mixed", "highway": "residential", "name": "Glen Drive" }, "geometry": { "type": "LineString", "coordinates": [ [ -123.0814938, 49.2568352 ], [ -123.0814945, 49.2569064 ], [ -123.0814881, 49.2573998 ], [ -123.0814804, 49.2577655 ], [ -123.081481, 49.257783 ], [ -123.081478, 49.257852 ] ] } },
{ "type": "Feature", "properties": { "lts_score": 1, "facility_type": "mixed", "highway": "residential", "name": "East 15th Avenue" }, "geometry": { "type": "LineString", "coordinates": [ [ -123.0814938, 49.2568352 ], [ -123.0814026, 49.2568314 ], [ -123.0813701, 49.25683 ], [ -123.0798395, 49.2567656 ], [ -123.079741, 49.2567615 ] ] } },
{ "type": "Feature", "properties": { "lts_score": 1, "facility_type": "mixed", "highway": "residential", "name": "East 15th Avenue" }, "geometry": { "type": "LineString", "coordinates": [ [ -123.0814938, 49.2568352 ], [ -123.0815832, 49.256839 ], [ -123.0816623, 49.2568424 ] ] } },
{ "type": "Feature", "properties": { "lts_score": 1, "facility_type": "mixed", "highway": "residential", "name": "Columbia Street" }, "geometry": { "type": "LineString", "coordinates": [ [ -123.1095573, 49.2603445 ], [ -123.1095686, 49.2604232 ], [ -123.1095675, 49.2604397 ], [ -123.1095571, 49.2607883 ], [ -123.1095446, 49.2611855 ], [ -123.1095426, 49.2612476 ] ] } },
{ "type": "Feature", "properties": { "lts_score": 3, "facility_type": "mixed", "highway": "tertiary", "name": "West 12th Avenue" }, "geometry": { "type": "LineString", "coordinates": [ [ -123.1095573, 49.2603445 ], [ -123.1091315, 49.2603508 ], [ -123.1070895, 49.2603162 ], [ -123.107058, 49.2603157 ], [ -123.106954, 49.2603135 ] ] } },
{ "type": "Feature", "properties": { "lts_score": 3, "facility_type": "mixed", "highway": "tertiary", "name": "West 12th Avenue" }, "geometry": { "type": "LineString", "coordinates": [ [ -123.1095573, 49.2603445 ], [ -123.1103206, 49.260332 ], [ -123.1109433, 49.2603433 ] ] } },
{ "type": "Feature", "properties": { "lts_score": 3, "facility_type": "mixed", "highway": "residential", "name": "Alberta Street" }, "geometry": { "type": "LineString", "coordinates": [ [ -123.1111961, 49.2603467 ], [ -123.1111714, 49.2603193 ], [ -123.1111236, 49.2602731 ], [ -123.1110691, 49.2602156 ] ] } },
{ "type": "Feature", "properties": { "lts_score": 3, "facility_type": "mixed", "highway": "tertiary", "name": "West 12th Avenue" }, "geometry": { "type": "LineString", "coordinates": [ [ -123.1111961, 49.2603467 ], [ -123.112875, 49.2603796 ], [ -123.1129076, 49.2603798 ], [ -123.1130301, 49.2603807 ] ] } },
{ "type": "Feature", "properties": { "lts_score": 3, "facility_type": "mixed", "highway": "tertiary", "name": "West 12th Avenue" }, "geometry": { "type": "LineString", "coordinates": [ [ -123.1111961, 49.2603467 ], [ -123.1111686, 49.2603459 ], [ -123.1110545, 49.2603449 ] ] } },
{ "type": "Feature", "properties": { "lts_score": 1, "facility_type": "mixed", "highway": "residential", "name": "West 10th Avenue" }, "geometry": { "type": "LineString", "coordinates": [ [ -123.11099, 49.2621908 ], [ -123.1108995, 49.2621895 ], [ -123.110502, 49.2621821 ], [ -123.110096, 49.2621745 ], [ -123.1099651, 49.2621721 ], [ -123.1096023, 49.2621653 ], [ -123.1095023, 49.2621636 ] ] } },
{ "type": "Feature", "properties": { "lts_score": 1, "facility_type": "mixed", "highway": "residential", "name": "Alberta Street" }, "geometry": { "type": "LineString", "coordinates": [ [ -123.11099, 49.2621908 ], [ -123.1109931, 49.2621278 ], [ -123.1109941, 49.2621004 ], [ -123.1110131, 49.2617339 ], [ -123.1110283, 49.261341 ], [ -123.1110287, 49.261317 ] ] } },
{ "type": "Feature", "properties": { "lts_score": 1, "facility_type": "mixed", "highway": "residential", "name": "West 10th Avenue" }, "geometry": { "type": "LineString", "coordinates": [ [ -123.11099, 49.2621908 ], [ -123.1110914, 49.2621922 ], [ -123.111384, 49.2621972 ] ] } },
{ "type": "Feature", "properties": { "lts_score": 1, "facility_type": "mixed", "highway": "residential", "name": "Alberta Street" }, "geometry": { "type": "LineString", "coordinates": [ [ -123.11099, 49.2621908 ], [ -123.1109878, 49.2622594 ], [ -123.110987, 49.2622916 ], [ -123.1109705, 49.2626589 ], [ -123.1109641, 49.2630221 ], [ -123.1109638, 49.2630349 ], [ -123.1109652, 49.2631504 ] ] } },
{ "type": "Feature", "properties": { "lts_score": 1, "facility_type": "mixed", "highway": "residential", "name": "East 15th Avenue" }, "geometry": { "type": "LineString", "coordinates": [ [ -123.0836014, 49.2569186 ], [ -123.0835148, 49.2569151 ], [ -123.0834383, 49.2569119 ] ] } },
{ "type": "Feature", "properties": { "lts_score": 1, "facility_type": "mixed", "highway": "residential", "name": "East 15th Avenue" }, "geometry": { "type": "LineString", "coordinates": [ [ -123.0836014, 49.2569186 ], [ -123.0838712, 49.2569301 ], [ -123.0839628, 49.256934 ], [ -123.0841346, 49.2569412 ], [ -123.0848442, 49.2569712 ], [ -123.0850011, 49.2569778 ], [ -123.0851248, 49.256983 ], [ -123.0852506, 49.2569883 ], [ -123.085357, 49.2569928 ] ] } },
{ "type": "Feature", "properties": { "lts_score": 1, "facility_type": "mixed", "highway": "residential", "name": "Windsor Street" }, "geometry": { "type": "LineString", "coordinates": [ [ -123.0836014, 49.2569186 ], [ -123.0836037, 49.2568551 ], [ -123.0836039, 49.2568297 ], [ -123.0836196, 49.2564021 ], [ -123.0836197, 49.256381 ] ] } },
{ "type": "Feature", "properties": { "lts_score": 1, "facility_type": "mixed", "highway": "residential", "name": "East 13th Avenue" }, "geometry": { "type": "LineString", "coordinates": [ [ -123.0853237, 49.2587839 ], [ -123.0852265, 49.2587827 ], [ -123.0834957, 49.2587683 ], [ -123.083447, 49.2587676 ] ] } },
{ "type": "Feature", "properties": { "lts_score": 1, "facility_type": "mixed", "highway": "residential", "name": "East 13th Avenue" }, "geometry": { "type": "LineString", "coordinates": [ [ -123.0853237, 49.2587839 ], [ -123.0854181, 49.2587849 ], [ -123.08716, 49.2587999 ], [ -123.0872049, 49.2588007 ] ] } },
{ "type": "Feature", "properties": { "lts_score": 1, "facility_type": "mixed", "highway": "residential", "name": "Saint Catherines Street" }, "geometry": { "type": "LineString", "coordinates": [ [ -123.0853237, 49.2587839 ], [ -123.0853252, 49.2587237 ], [ -123.0853254, 49.258708 ], [ -123.0853335, 49.2583353 ], [ -123.0853418, 49.2579469 ], [ -123.0853425, 49.2579157 ] ] } },
{ "type": "Feature", "properties": { "lts_score": 1, "facility_type": "mixed", "highway": "residential", "name": "Saint Catherines Street" }, "geometry": { "type": "LineString", "coordinates": [ [ -123.0853237, 49.2587839 ], [ -123.0853222, 49.2588511 ], [ -123.0853218, 49.2588708 ], [ -123.0853137, 49.2592426 ], [ -123.0853051, 49.2595967 ], [ -123.0853045, 49.2596184 ], [ -123.0853021, 49.259688 ] ] } },
{ "type": "Feature", "properties": { "lts_score": 1, "facility_type": "mixed", "highway": "residential", "name": "East 15th Avenue" }, "geometry": { "type": "LineString", "coordinates": [ [ -123.085357, 49.2569928 ], [ -123.085442, 49.2569964 ], [ -123.0855311, 49.2570002 ] ] } },
{ "type": "Feature", "properties": { "lts_score": 1, "facility_type": "mixed", "highway": "residential", "name": "East 15th Avenue" }, "geometry": { "type": "LineString", "coordinates": [ [ -123.085357, 49.2569928 ], [ -123.0852506, 49.2569883 ], [ -123.0851248, 49.256983 ], [ -123.0850011, 49.2569778 ], [ -123.0848442, 49.2569712 ], [ -123.0841346, 49.2569412 ], [ -123.0839628, 49.256934 ], [ -123.0838712, 49.2569301 ], [ -123.0836014, 49.2569186 ] ] } },
{ "type": "Feature", "properties": { "lts_score": 1, "facility_type": "mixed", "highway": "residential", "name": "Saint Catherines Street" }, "geometry": { "type": "LineString", "coordinates": [ [ -123.085357, 49.2569928 ], [ -123.0853567, 49.2570634 ], [ -123.085356, 49.2570803 ], [ -123.085355, 49.257459 ], [ -123.0853447, 49.2578179 ], [ -123.0853441, 49.2578466 ] ] } },
{ "type": "Feature", "properties": { "lts_score": 1, "facility_type": "mixed", "highway": "residential", "name": "East 15th Avenue" }, "geometry": { "type": "LineString", "coordinates": [ [ -123.0855311, 49.2570002 ], [ -123.085442, 49.2569964 ], [ -123.085357, 49.2569928 ] ] } },
{ "type": "Feature", "properties": { "lts_score": 1, "facility_type": "mixed", "highway": "residential", "name": "East 15th Avenue" }, "geometry": { "type": "LineString", "coordinates": [ [ -123.0855311, 49.2570002 ], [ -123.085668, 49.2570056 ], [ -123.0860688, 49.2570213 ], [ -123.0869401, 49.2570554 ], [ -123.0872299, 49.2570672 ] ] } },
{ "type": "Feature", "properties": { "lts_score": 1, "facility_type": "mixed", "highway": "residential", "name": "Saint Catherines Street" }, "geometry": { "type": "LineString", "coordinates": [ [ -123.0855311, 49.2570002 ], [ -123.0855342, 49.2569356 ], [ -123.0855354, 49.2569061 ], [ -123.085558, 49.256433 ], [ -123.0855585, 49.2563981 ] ] } },
{ "type": "Feature", "properties": { "lts_score": 1, "facility_type": "mixed", "highway": "residential", "name": null }, "geometry": { "type": "LineString", "coordinates": [ [ -123.104654, 49.2715112 ], [ -123.104653, 49.2714984 ], [ -123.1046462, 49.2714863 ], [ -123.1046343, 49.271476 ], [ -123.1046183, 49.2714685 ], [ -123.1045997, 49.2714643 ], [ -123.1045799, 49.2714639 ] ] } },
{ "type": "Feature", "properties": { "lts_score": 1, "facility_type": "mixed", "highway": "residential", "name": "Athletes Way" }, "geometry": { "type": "LineString", "coordinates": [ [ -123.104654, 49.2715112 ], [ -123.1046902, 49.2715118 ], [ -123.105843, 49.2715332 ], [ -123.1060033, 49.271537 ], [ -123.1060706, 49.2715382 ] ] } },
{ "type": "Feature", "properties": { "lts_score": 4, "facility_type": "mixed", "highway": "secondary", "name": "Quebec Street" }, "geometry": { "type": "LineString", "coordinates": [ [ -123.102461, 49.2709328 ], [ -123.102418, 49.2710226 ], [ -123.1023725, 49.2711169 ], [ -123.1023474, 49.2711608 ], [ -123.1023073, 49.2712296 ] ] } },
{ "type": "Feature", "properties": { "lts_score": 4, "facility_type": "mixed", "highway": "secondary", "name": "Quebec Street" }, "geometry": { "type": "LineString", "coordinates": [ [ -123.102461, 49.2709328 ], [ -123.1025776, 49.2708138 ], [ -123.1026086, 49.2707129 ], [ -123.1026168, 49.2706288 ], [ -123.1025662, 49.2705188 ] ] } },
{ "type": "Feature", "properties": { "lts_score": 3, "facility_type": "mixed", "highway": "secondary", "name": "Terminal Avenue" }, "geometry": { "type": "LineString", "coordinates": [ [ -123.1018445, 49.2729574 ], [ -123.1016352, 49.2729469 ] ] } },
{ "type": "Feature", "properties": { "lts_score": 3, "facility_type": "bike_lane", "highway": "secondary", "name": "Quebec Street" }, "geometry": { "type": "LineString", "coordinates": [ [ -123.1018445, 49.2729574 ], [ -123.1018289, 49.272833 ], [ -123.1018213, 49.2726275 ], [ -123.1018273, 49.2724866 ], [ -123.1018589, 49.2723027 ], [ -123.1018678, 49.2722508 ], [ -123.101942, 49.2720361 ], [ -123.1019071, 49.2719826 ] ] } },
{ "type": "Feature", "properties": { "lts_score": 4, "facility_type": "mixed", "highway": "secondary", "name": "Terminal Avenue" }, "geometry": { "type": "LineString", "coordinates": [ [ -123.1016352, 49.2729469 ], [ -123.1015125, 49.2729407 ], [ -123.101139, 49.2728958 ], [ -123.1008322, 49.2728555 ], [ -123.1005972, 49.2728182 ], [ -123.1005456, 49.27281 ], [ -123.100275, 49.2727637 ], [ -123.1002466, 49.2727583 ], [ -123.1001332, 49.2727386 ] ] } },
{ "type": "Feature", "properties": { "lts_score": 1, "facility_type": "mixed", "highway": "residential", "name": "East 5th Avenue" }, "geometry": { "type": "LineString", "coordinates": [ [ -123.0910132, 49.2661555 ], [ -123.0911155, 49.2661558 ], [ -123.0922966, 49.2661608 ], [ -123.0928326, 49.2661614 ], [ -123.0928788, 49.2661615 ] ] } },
{ "type": "Feature", "properties": { "lts_score": 1, "facility_type": "mixed", "highway": "residential", "name": [ "Fraser Street", "East 5th Avenue" ] }, "geometry": { "type": "LineString", "coordinates": [ [ -123.0910132, 49.2661555 ], [ -123.0909247, 49.2661549 ], [ -123.0899396, 49.2661489 ], [ -123.0893005, 49.266145 ], [ -123.089211, 49.2661445 ], [ -123.0891786, 49.2661413 ], [ -123.089148, 49.2661364 ], [ -123.0891107, 49.2661201 ], [ -123.0890915, 49.2660987 ], [ -123.089081, 49.2660759 ], [ -123.0890768, 49.2660498 ], [ -123.0890805, 49.2656902 ], [ -123.0890806, 49.2656831 ], [ -123.0890871, 49.2653062 ], [ -123.0890883, 49.2652345 ] ] } },
{ "type": "Feature", "properties": { "lts_score": 1, "facility_type": "mixed", "highway": "residential", "name": "Carolina Street" }, "geometry": { "type": "LineString", "coordinates": [ [ -123.0910132, 49.2661555 ], [ -123.0910129, 49.2661059 ], [ -123.0910128, 49.2660716 ], [ -123.0910148, 49.2657043 ], [ -123.09102, 49.265321 ], [ -123.0910204, 49.2652548 ] ] } },
{ "type": "Feature", "properties": { "lts_score": 1, "facility_type": "mixed", "highway": "residential", "name": "Guelph Street" }, "geometry": { "type": "LineString", "coordinates": [ [ -123.0948725, 49.266177 ], [ -123.0948737, 49.2661221 ], [ -123.0948742, 49.266098 ], [ -123.0948856, 49.265376 ], [ -123.0948869, 49.2653538 ], [ -123.0948892, 49.2652791 ] ] } },
{ "type": "Feature", "properties": { "lts_score": 1, "facility_type": "mixed", "highway": "residential", "name": "East 5th Avenue" }, "geometry": { "type": "LineString", "coordinates": [ [ -123.0948725, 49.266177 ], [ -123.0949741, 49.2661788 ], [ -123.0953513, 49.2661855 ], [ -123.0954901, 49.2661864 ], [ -123.0955272, 49.2661894 ], [ -123.0955765, 49.2662033 ] ] } },
{ "type": "Feature", "properties": { "lts_score": 1, "facility_type": "mixed", "highway": "residential", "name": "East 5th Avenue" }, "geometry": { "type": "LineString", "coordinates": [ [ -123.0948725, 49.266177 ], [ -123.094779, 49.2661764 ], [ -123.0944765, 49.2661747 ], [ -123.0936369, 49.2661699 ], [ -123.0935308, 49.2661685 ], [ -123.0930552, 49.2661621 ], [ -123.093024, 49.2661616 ] ] } },
{ "type": "Feature", "properties": { "lts_score": 1, "facility_type": "mixed", "highway": "residential", "name": "East 15th Avenue" }, "geometry": { "type": "LineString", "coordinates": [ [ -123.0816623, 49.2568424 ], [ -123.0815832, 49.256839 ], [ -123.0814938, 49.2568352 ] ] } },
{ "type": "Feature", "properties": { "lts_score": 1, "facility_type": "mixed", "highway": "residential", "name": "East 15th Avenue" }, "geometry": { "type": "LineString", "coordinates": [ [ -123.0816623, 49.2568424 ], [ -123.0817969, 49.2568477 ], [ -123.0820159, 49.2568563 ], [ -123.082216, 49.2568641 ], [ -123.082573, 49.2568781 ], [ -123.0830835, 49.256898 ], [ -123.0831673, 49.2569013 ], [ -123.0834383, 49.2569119 ] ] } },
{ "type": "Feature", "properties": { "lts_score": 1, "facility_type": "mixed", "highway": "residential", "name": "East 15th Avenue" }, "geometry": { "type": "LineString", "coordinates": [ [ -123.079741, 49.2567615 ], [ -123.0783711, 49.2567071 ], [ -123.0779366, 49.2566918 ], [ -123.0778263, 49.2566877 ], [ -123.0777284, 49.2566866 ] ] } },
{ "type": "Feature", "properties": { "lts_score": 1, "facility_type": "mixed", "highway": "residential", "name": "East 15th Avenue" }, "geometry": { "type": "LineString", "coordinates": [ [ -123.079741, 49.2567615 ], [ -123.0798395, 49.2567656 ], [ -123.0813701, 49.25683 ], [ -123.0814026, 49.2568314 ], [ -123.0814938, 49.2568352 ] ] } },
{ "type": "Feature", "properties": { "lts_score": 1, "facility_type": "mixed", "highway": "residential", "name": "Inverness Street" }, "geometry": { "type": "LineString", "coordinates": [ [ -123.079741, 49.2567615 ], [ -123.0797429, 49.2567006 ], [ -123.0797435, 49.2566802 ], [ -123.0797563, 49.2562791 ] ] } },
{ "type": "Feature", "properties": { "lts_score": 1, "facility_type": "mixed", "highway": "residential", "name": "Clark Drive" }, "geometry": { "type": "LineString", "coordinates": [ [ -123.0777284, 49.2566866 ], [ -123.0776426, 49.2567442 ], [ -123.0776366, 49.2567691 ], [ -123.0776136, 49.2573621 ], [ -123.0776068, 49.2577361 ], [ -123.0776084, 49.2577537 ], [ -123.0776145, 49.2578182 ] ] } },
{ "type": "Feature", "properties": { "lts_score": 1, "facility_type": "mixed", "highway": "residential", "name": "East 15th Avenue" }, "geometry": { "type": "LineString", "coordinates": [ [ -123.0777284, 49.2566866 ], [ -123.0778263, 49.2566877 ], [ -123.0779366, 49.2566918 ], [ -123.0783711, 49.2567071 ], [ -123.079741, 49.2567615 ] ] } },
{ "type": "Feature", "properties": { "lts_score": 1, "facility_type": "mixed", "highway": "residential", "name": "Keith Drive" }, "geometry": { "type": "LineString", "coordinates": [ [ -123.0794063, 49.2633456 ], [ -123.0794068, 49.2637227 ], [ -123.0794049, 49.2638017 ], [ -123.0794107, 49.2641692 ], [ -123.0794114, 49.2641916 ], [ -123.0794098, 49.2642575 ] ] } },
{ "type": "Feature", "properties": { "lts_score": 1, "facility_type": "mixed", "highway": "residential", "name": "Keith Drive" }, "geometry": { "type": "LineString", "coordinates": [ [ -123.0794063, 49.2633456 ], [ -123.079418, 49.2629331 ], [ -123.079418, 49.262892 ] ] } },
{ "type": "Feature", "properties": { "lts_score": 1, "facility_type": "mixed", "highway": "residential", "name": "East 8th Avenue" }, "geometry": { "type": "LineString", "coordinates": [ [ -123.0794063, 49.2633456 ], [ -123.0792976, 49.2633443 ], [ -123.079279, 49.2633441 ], [ -123.0781434, 49.2633331 ], [ -123.0777405, 49.2633315 ], [ -123.0776996, 49.2633313 ], [ -123.0775173, 49.2633292 ] ] } },
{ "type": "Feature", "properties": { "lts_score": 1, "facility_type": "mixed", "highway": "residential", "name": [ "Guelph Street", "East 11th Avenue" ] }, "geometry": { "type": "LineString", "coordinates": [ [ -123.0961875, 49.2606854 ], [ -123.0960875, 49.2606843 ], [ -123.0960639, 49.2606838 ], [ -123.095578, 49.2606777 ], [ -123.0951289, 49.2606734 ], [ -123.0950705, 49.2606844 ], [ -123.0950116, 49.2607051 ], [ -123.0949837, 49.2607379 ], [ -123.09497, 49.2607622 ], [ -123.09496, 49.2607919 ], [ -123.0949536, 49.2611199 ], [ -123.09495, 49.2614911 ], [ -123.0949503, 49.2615129 ], [ -123.0949506, 49.2615792 ] ] } },
{ "type": "Feature", "properties": { "lts_score": 1, "facility_type": "mixed", "highway": "residential", "name": "Prince Edward Street" }, "geometry": { "type": "LineString", "coordinates": [ [ -123.0961875, 49.2606854 ], [ -123.0961817, 49.2607489 ], [ -123.0961532, 49.2610636 ] ] } },
{ "type": "Feature", "properties": { "lts_score": 1, "facility_type": "mixed", "highway": "residential", "name": "Prince Edward Street" }, "geometry": { "type": "LineString", "coordinates": [ [ -123.0961875, 49.2606854 ], [ -123.0961933, 49.2606199 ], [ -123.0962558, 49.2600534 ] ] } },
{ "type": "Feature", "properties": { "lts_score": 4, "facility_type": "mixed", "highway": "secondary", "name": "Clark Drive" }, "geometry": { "type": "LineString", "coordinates": [ [ -123.0776515, 49.260533 ], [ -123.0776461, 49.260465 ], [ -123.0776294, 49.2603395 ], [ -123.0776171, 49.260079 ], [ -123.0776134, 49.2599463 ], [ -123.0776074, 49.2597477 ], [ -123.0776079, 49.2597214 ], [ -123.0776095, 49.2596269 ] ] } },
{ "type": "Feature", "properties": { "lts_score": 3, "facility_type": "mixed", "highway": "residential", "name": "East 11th Avenue" }, "geometry": { "type": "LineString", "coordinates": [ [ -123.0776515, 49.260533 ], [ -123.077754, 49.2605328 ], [ -123.077794, 49.2605333 ], [ -123.0783798, 49.2605385 ], [ -123.0808893, 49.2605608 ], [ -123.0813202, 49.2605607 ], [ -123.0813418, 49.2605608 ] ] } },
{ "type": "Feature", "properties": { "lts_score": 1, "facility_type": "mixed", "highway": "residential", "name": "East 13th Avenue" }, "geometry": { "type": "LineString", "coordinates": [ [ -123.0776302, 49.2587198 ], [ -123.0777489, 49.258719 ], [ -123.0777793, 49.2587193 ], [ -123.0813302, 49.2587506 ], [ -123.0813582, 49.258751 ], [ -123.0814589, 49.2587524 ] ] } },
{ "type": "Feature", "properties": { "lts_score": 1, "facility_type": "mixed", "highway": "residential", "name": "East 10th Avenue" }, "geometry": { "type": "LineString", "coordinates": [ [ -123.0781063, 49.2614405 ], [ -123.0778052, 49.2614344 ], [ -123.0777746, 49.261435 ], [ -123.0776652, 49.2614345 ] ] } },
{ "type": "Feature", "properties": { "lts_score": 1, "facility_type": "mixed", "highway": "residential", "name": "Saint Catherines Street" }, "geometry": { "type": "LineString", "coordinates": [ [ -123.0852645, 49.2614969 ], [ -123.0852636, 49.2614332 ], [ -123.0852637, 49.2614172 ], [ -123.0852799, 49.2610472 ], [ -123.0852855, 49.2606607 ], [ -123.0852863, 49.2605972 ] ] } },
{ "type": "Feature", "properties": { "lts_score": 1, "facility_type": "mixed", "highway": "residential", "name": "Saint Catherines Street" }, "geometry": { "type": "LineString", "coordinates": [ [ -123.0852645, 49.2614969 ], [ -123.0852654, 49.2615646 ], [ -123.0852647, 49.2615813 ], [ -123.0852587, 49.2619504 ], [ -123.0852428, 49.2623163 ], [ -123.0852424, 49.2623366 ], [ -123.0852412, 49.2624448 ] ] } },
{ "type": "Feature", "properties": { "lts_score": 1, "facility_type": "mixed", "highway": "residential", "name": "East 10th Avenue" }, "geometry": { "type": "LineString", "coordinates": [ [ -123.0852645, 49.2614969 ], [ -123.0853719, 49.2614973 ], [ -123.0871076, 49.2615117 ], [ -123.0871434, 49.261512 ] ] } },
{ "type": "Feature", "properties": { "lts_score": 1, "facility_type": "mixed", "highway": "residential", "name": "East 10th Avenue" }, "geometry": { "type": "LineString", "coordinates": [ [ -123.0852645, 49.2614969 ], [ -123.0851694, 49.2614965 ], [ -123.0834409, 49.2614823 ], [ -123.0834042, 49.2614818 ] ] } },
{ "type": "Feature", "properties": { "lts_score": 1, "facility_type": "mixed", "highway": "residential", "name": [ "Guelph Street", "East 11th Avenue" ] }, "geometry": { "type": "LineString", "coordinates": [ [ -123.0949506, 49.2615792 ], [ -123.0949503, 49.2615129 ], [ -123.09495, 49.2614911 ], [ -123.0949536, 49.2611199 ], [ -123.09496, 49.2607919 ], [ -123.09497, 49.2607622 ], [ -123.0949837, 49.2607379 ], [ -123.0950116, 49.2607051 ], [ -123.0950705, 49.2606844 ], [ -123.0951289, 49.2606734 ], [ -123.095578, 49.2606777 ], [ -123.0960639, 49.2606838 ], [ -123.0960875, 49.2606843 ], [ -123.0961875, 49.2606854 ] ] } },
{ "type": "Feature", "properties": { "lts_score": 1, "facility_type": "mixed", "highway": "residential", "name": "Guelph Street" }, "geometry": { "type": "LineString", "coordinates": [ [ -123.0949506, 49.2615792 ], [ -123.0949509, 49.2616416 ], [ -123.094951, 49.2616662 ], [ -123.094947, 49.2620189 ], [ -123.0949422, 49.2623959 ], [ -123.0949422, 49.2624097 ], [ -123.0949407, 49.2625227 ] ] } },
{ "type": "Feature", "properties": { "lts_score": 1, "facility_type": "mixed", "highway": "residential", "name": "East 10th Avenue" }, "geometry": { "type": "LineString", "coordinates": [ [ -123.0949506, 49.2615792 ], [ -123.0948451, 49.2615785 ], [ -123.0931152, 49.2615619 ], [ -123.093083, 49.2615617 ] ] } },
{ "type": "Feature", "properties": { "lts_score": 1, "facility_type": "mixed", "highway": "residential", "name": "West 11th Avenue" }, "geometry": { "type": "LineString", "coordinates": [ [ -123.1095426, 49.2612476 ], [ -123.1096457, 49.2612495 ], [ -123.1096776, 49.26125 ], [ -123.1109341, 49.2612713 ], [ -123.1109705, 49.2612716 ] ] } },
{ "type": "Feature", "properties": { "lts_score": 1, "facility_type": "mixed", "highway": "residential", "name": "West 11th Avenue" }, "geometry": { "type": "LineString", "coordinates": [ [ -123.1095426, 49.2612476 ], [ -123.1094378, 49.2612467 ], [ -123.1094111, 49.2612463 ], [ -123.1087238, 49.261237 ], [ -123.1070236, 49.2612137 ], [ -123.1069831, 49.2612128 ] ] } },
{ "type": "Feature", "properties": { "lts_score": 1, "facility_type": "mixed", "highway": "residential", "name": "Columbia Street" }, "geometry": { "type": "LineString", "coordinates": [ [ -123.1095426, 49.2612476 ], [ -123.1095446, 49.2611855 ], [ -123.1095571, 49.2607883 ], [ -123.1095675, 49.2604397 ], [ -123.1095686, 49.2604232 ], [ -123.1095573, 49.2603445 ] ] } },
{ "type": "Feature", "properties": { "lts_score": 1, "facility_type": "mixed", "highway": "residential", "name": "East 11th Avenue" }, "geometry": { "type": "LineString", "coordinates": [ [ -123.10305, 49.2611423 ], [ -123.102957, 49.2611414 ], [ -123.1028992, 49.2611407 ], [ -123.1027667, 49.2611382 ], [ -123.1021546, 49.2611269 ], [ -123.1020289, 49.2611245 ], [ -123.1018343, 49.261121 ], [ -123.1017185, 49.2611197 ], [ -123.1012901, 49.2611111 ], [ -123.1012338, 49.2611086 ], [ -123.1011465, 49.2611122 ] ] } },
{ "type": "Feature", "properties": { "lts_score": 1, "facility_type": "mixed", "highway": "residential", "name": "East 11th Avenue" }, "geometry": { "type": "LineString", "coordinates": [ [ -123.10305, 49.2611423 ], [ -123.1031612, 49.2611437 ], [ -123.1031844, 49.261144 ], [ -123.1035762, 49.2611488 ], [ -123.104865, 49.2611695 ], [ -123.1048892, 49.2611698 ], [ -123.1049804, 49.2611711 ] ] } },
{ "type": "Feature", "properties": { "lts_score": 1, "facility_type": "mixed", "highway": "residential", "name": "Quebec Street" }, "geometry": { "type": "LineString", "coordinates": [ [ -123.10305, 49.2611423 ], [ -123.1030526, 49.2610817 ], [ -123.1030535, 49.2610623 ], [ -123.1030693, 49.2606974 ], [ -123.1030751, 49.2605661 ], [ -123.1030849, 49.2603395 ], [ -123.1030854, 49.2603282 ], [ -123.1030893, 49.2602389 ] ] } },
{ "type": "Feature", "properties": { "lts_score": 1, "facility_type": "mixed", "highway": "residential", "name": "Ontario Street" }, "geometry": { "type": "LineString", "coordinates": [ [ -123.1049804, 49.2611711 ], [ -123.1049826, 49.2611149 ], [ -123.1049855, 49.26104 ], [ -123.1050045, 49.2609884 ], [ -123.1050149, 49.2607274 ], [ -123.1050312, 49.2603695 ], [ -123.1050323, 49.2603527 ], [ -123.105035, 49.2602781 ] ] } },
{ "type": "Feature", "properties": { "lts_score": 1, "facility_type": "mixed", "highway": "residential", "name": "East 11th Avenue" }, "geometry": { "type": "LineString", "coordinates": [ [ -123.1049804, 49.2611711 ], [ -123.1048892, 49.2611698 ], [ -123.104865, 49.2611695 ], [ -123.1035762, 49.2611488 ], [ -123.1031844, 49.261144 ], [ -123.1031612, 49.2611437 ], [ -123.10305, 49.2611423 ] ] } },
{ "type": "Feature", "properties": { "lts_score": 1, "facility_type": "mixed", "highway": "residential", "name": "West 11th Avenue" }, "geometry": { "type": "LineString", "coordinates": [ [ -123.1049804, 49.2611711 ], [ -123.1050936, 49.2611727 ], [ -123.105117, 49.2611731 ], [ -123.1063963, 49.2611978 ], [ -123.1068155, 49.2612089 ], [ -123.1068592, 49.2612099 ] ] } },
{ "type": "Feature", "properties": { "lts_score": 3, "facility_type": "mixed", "highway": "tertiary", "name": "Yukon Street" }, "geometry": { "type": "LineString", "coordinates": [ [ -123.1129954, 49.2613049 ], [ -123.1129977, 49.2612438 ], [ -123.1130098, 49.2609224 ], [ -123.1130129, 49.2608375 ], [ -123.1130138, 49.2608144 ], [ -123.1130258, 49.2604941 ], [ -123.1130267, 49.2604696 ], [ -123.1130301, 49.2603807 ] ] } },
{ "type": "Feature", "properties": { "lts_score": 2, "facility_type": "mixed", "highway": "tertiary", "name": "Yukon Street" }, "geometry": { "type": "LineString", "coordinates": [ [ -123.1129954, 49.2613049 ], [ -123.1129927, 49.2613764 ], [ -123.1129782, 49.2617641 ], [ -123.112965, 49.2621394 ], [ -123.1129637, 49.2621624 ], [ -123.1129604, 49.2622222 ] ] } },
{ "type": "Feature", "properties": { "lts_score": 1, "facility_type": "mixed", "highway": "residential", "name": "West 11th Avenue" }, "geometry": { "type": "LineString", "coordinates": [ [ -123.1129954, 49.2613049 ], [ -123.1128803, 49.2613029 ], [ -123.112857, 49.2613026 ], [ -123.1111363, 49.2612733 ], [ -123.1110956, 49.2612726 ] ] } },
{ "type": "Feature", "properties": { "lts_score": 3, "facility_type": "mixed", "highway": "secondary", "name": "Main Street" }, "geometry": { "type": "LineString", "coordinates": [ [ -123.1009706, 49.2611165 ], [ -123.1010539, 49.2612276 ] ] } },
{ "type": "Feature", "properties": { "lts_score": 1, "facility_type": "mixed", "highway": "residential", "name": "East 11th Avenue" }, "geometry": { "type": "LineString", "coordinates": [ [ -123.1009706, 49.2611165 ], [ -123.1008432, 49.2611195 ], [ -123.1008204, 49.2611194 ], [ -123.1004024, 49.261118 ], [ -123.0989423, 49.261101 ], [ -123.0983937, 49.2610959 ], [ -123.0982905, 49.2610933 ] ] } },
{ "type": "Feature", "properties": { "lts_score": 1, "facility_type": "mixed", "highway": "residential", "name": "Carolina Street" }, "geometry": { "type": "LineString", "coordinates": [ [ -123.0917972, 49.2573796 ], [ -123.091766, 49.257469 ] ] } },
{ "type": "Feature", "properties": { "lts_score": 1, "facility_type": "mixed", "highway": "residential", "name": "Carolina Street" }, "geometry": { "type": "LineString", "coordinates": [ [ -123.0917972, 49.2573796 ], [ -123.0918144, 49.2573196 ], [ -123.091821, 49.2572984 ], [ -123.0918261, 49.2572228 ] ] } },
{ "type": "Feature", "properties": { "lts_score": 4, "facility_type": "mixed", "highway": "primary", "name": "Kingsway" }, "geometry": { "type": "LineString", "coordinates": [ [ -123.0917972, 49.2573796 ], [ -123.0916394, 49.2573532 ], [ -123.0914955, 49.2573223 ], [ -123.0912658, 49.2572696 ], [ -123.0910746, 49.2572094 ] ] } },
{ "type": "Feature", "properties": { "lts_score": 1, "facility_type": "mixed", "highway": "residential", "name": "East 7th Avenue" }, "geometry": { "type": "LineString", "coordinates": [ [ -123.089103, 49.2643352 ], [ -123.0889985, 49.2643339 ], [ -123.0877677, 49.2643243 ], [ -123.0872865, 49.2643206 ], [ -123.0872596, 49.2643204 ], [ -123.0871544, 49.2643189 ] ] } },
{ "type": "Feature", "properties": { "lts_score": 1, "facility_type": "mixed", "highway": "residential", "name": "East 7th Avenue" }, "geometry": { "type": "LineString", "coordinates": [ [ -123.089103, 49.2643352 ], [ -123.0892146, 49.2643368 ], [ -123.0901307, 49.2643409 ], [ -123.0909174, 49.2643444 ], [ -123.0909495, 49.2643446 ] ] } },
{ "type": "Feature", "properties": { "lts_score": 1, "facility_type": "mixed", "highway": "residential", "name": "Fraser Street" }, "geometry": { "type": "LineString", "coordinates": [ [ -123.089103, 49.2643352 ], [ -123.0891021, 49.2643997 ], [ -123.0891012, 49.2644245 ], [ -123.0890897, 49.2647835 ], [ -123.089089, 49.2650633 ], [ -123.0890894, 49.2651738 ], [ -123.0890883, 49.2652345 ] ] } },
{ "type": "Feature", "properties": { "lts_score": 1, "facility_type": "mixed", "highway": "residential", "name": "East 15th Avenue" }, "geometry": { "type": "LineString", "coordinates": [ [ -123.0834383, 49.2569119 ], [ -123.0831673, 49.2569013 ], [ -123.0830835, 49.256898 ], [ -123.082573, 49.2568781 ], [ -123.082216, 49.2568641 ], [ -123.0820159, 49.2568563 ], [ -123.0817969, 49.2568477 ], [ -123.0816623, 49.2568424 ] ] } },
{ "type": "Feature", "properties": { "lts_score": 1, "facility_type": "mixed", "highway": "residential", "name": "East 15th Avenue" }, "geometry": { "type": "LineString", "coordinates": [ [ -123.0834383, 49.2569119 ], [ -123.0835148, 49.2569151 ], [ -123.0836014, 49.2569186 ] ] } },
{ "type": "Feature", "properties": { "lts_score": 1, "facility_type": "mixed", "highway": "residential", "name": "Windsor Street" }, "geometry": { "type": "LineString", "coordinates": [ [ -123.0834383, 49.2569119 ], [ -123.0834365, 49.2569862 ], [ -123.0834352, 49.2570211 ], [ -123.0834265, 49.257411 ], [ -123.0834159, 49.2578047 ], [ -123.0834155, 49.2578235 ] ] } },
{ "type": "Feature", "properties": { "lts_score": 1, "facility_type": "mixed", "highway": "residential", "name": "Windsor Street" }, "geometry": { "type": "LineString", "coordinates": [ [ -123.083373, 49.2596727 ], [ -123.0833717, 49.2597455 ], [ -123.08337, 49.2597735 ], [ -123.0833628, 49.260124 ], [ -123.0833536, 49.2605132 ], [ -123.0833526, 49.2605396 ] ] } },
{ "type": "Feature", "properties": { "lts_score": 1, "facility_type": "mixed", "highway": "residential", "name": "Windsor Street" }, "geometry": { "type": "LineString", "coordinates": [ [ -123.083373, 49.2596727 ], [ -123.0833749, 49.2596085 ], [ -123.083374, 49.2595752 ], [ -123.0833839, 49.2592273 ], [ -123.083393, 49.2588379 ], [ -123.0833935, 49.2588028 ] ] } },
{ "type": "Feature", "properties": { "lts_score": 3, "facility_type": "mixed", "highway": "tertiary", "name": "East 12th Avenue" }, "geometry": { "type": "LineString", "coordinates": [ [ -123.083373, 49.2596727 ], [ -123.083476, 49.2596726 ], [ -123.0835144, 49.2596729 ], [ -123.0853021, 49.259688 ] ] } },
{ "type": "Feature", "properties": { "lts_score": 3, "facility_type": "mixed", "highway": "tertiary", "name": "East 12th Avenue" }, "geometry": { "type": "LineString", "coordinates": [ [ -123.083373, 49.2596727 ], [ -123.083274, 49.2596713 ], [ -123.083244, 49.2596711 ], [ -123.0815816, 49.2596598 ], [ -123.08154, 49.2596595 ], [ -123.0814343, 49.2596588 ] ] } },
{ "type": "Feature", "properties": { "lts_score": 1, "facility_type": "mixed", "highway": "residential", "name": "Glen Drive" }, "geometry": { "type": "LineString", "coordinates": [ [ -123.0813581, 49.2633617 ], [ -123.0813545, 49.2634356 ], [ -123.0813508, 49.263594 ], [ -123.0813444, 49.2638163 ], [ -123.0813311, 49.2642044 ], [ -123.0813308, 49.2642256 ] ] } },
{ "type": "Feature", "properties": { "lts_score": 1, "facility_type": "mixed", "highway": "residential", "name": "Glen Drive" }, "geometry": { "type": "LineString", "coordinates": [ [ -123.0813581, 49.2633617 ], [ -123.0813602, 49.2633017 ], [ -123.0813738, 49.2629146 ], [ -123.0813782, 49.2625544 ], [ -123.0813785, 49.2625246 ], [ -123.0813787, 49.2624136 ] ] } },
{ "type": "Feature", "properties": { "lts_score": 1, "facility_type": "mixed", "highway": "residential", "name": "East 8th Avenue" }, "geometry": { "type": "LineString", "coordinates": [ [ -123.0813581, 49.2633617 ], [ -123.0814803, 49.2633626 ], [ -123.0815137, 49.2633628 ], [ -123.0822747, 49.2633709 ], [ -123.0826608, 49.263375 ], [ -123.0831912, 49.2633807 ], [ -123.0833, 49.2633819 ] ] } },
{ "type": "Feature", "properties": { "lts_score": 1, "facility_type": "mixed", "highway": "residential", "name": "West 15th Avenue" }, "geometry": { "type": "LineString", "coordinates": [ [ -123.1131114, 49.2577888 ], [ -123.1130156, 49.257787 ], [ -123.1129837, 49.2577864 ], [ -123.1112686, 49.2577524 ], [ -123.1111642, 49.2577504 ] ] } },
{ "type": "Feature", "properties": { "lts_score": 1, "facility_type": "mixed", "highway": "residential", "name": "West 15th Avenue" }, "geometry": { "type": "LineString", "coordinates": [ [ -123.1131114, 49.2577888 ], [ -123.1132208, 49.2577909 ], [ -123.1132602, 49.2577916 ], [ -123.1148044, 49.2578155 ], [ -123.1148688, 49.257816 ], [ -123.1149075, 49.2578164 ], [ -123.1150089, 49.2578181 ] ] } },
{ "type": "Feature", "properties": { "lts_score": 1, "facility_type": "mixed", "highway": "residential", "name": "Yukon Street" }, "geometry": { "type": "LineString", "coordinates": [ [ -123.1131114, 49.2577888 ], [ -123.1131135, 49.2577243 ], [ -123.1131307, 49.2573298 ] ] } },
{ "type": "Feature", "properties": { "lts_score": 1, "facility_type": "mixed", "highway": "residential", "name": "Yukon Street" }, "geometry": { "type": "LineString", "coordinates": [ [ -123.1131114, 49.2577888 ], [ -123.1131093, 49.2578531 ], [ -123.1130966, 49.2582406 ], [ -123.1130835, 49.2586381 ], [ -123.1130827, 49.2586622 ] ] } },
{ "type": "Feature", "properties": { "lts_score": 1, "facility_type": "mixed", "highway": "residential", "name": "Inverness Street" }, "geometry": { "type": "LineString", "coordinates": [ [ -123.0797563, 49.2562791 ], [ -123.0797435, 49.2566802 ], [ -123.0797429, 49.2567006 ], [ -123.079741, 49.2567615 ] ] } },
{ "type": "Feature", "properties": { "lts_score": 1, "facility_type": "mixed", "highway": "residential", "name": "Keith Drive" }, "geometry": { "type": "LineString", "coordinates": [ [ -123.0794098, 49.2642575 ], [ -123.0794081, 49.2643222 ], [ -123.0794069, 49.2643626 ], [ -123.0793982, 49.2646378 ], [ -123.079397, 49.2650698 ], [ -123.079397, 49.2650909 ], [ -123.079397, 49.2652048 ] ] } },
{ "type": "Feature", "properties": { "lts_score": 1, "facility_type": "mixed", "highway": "residential", "name": "Keith Drive" }, "geometry": { "type": "LineString", "coordinates": [ [ -123.0794098, 49.2642575 ], [ -123.0794114, 49.2641916 ], [ -123.0794107, 49.2641692 ], [ -123.0794049, 49.2638017 ], [ -123.0794068, 49.2637227 ], [ -123.0794063, 49.2633456 ] ] } },
{ "type": "Feature", "properties": { "lts_score": 1, "facility_type": "mixed", "highway": "residential", "name": "East 7th Avenue" }, "geometry": { "type": "LineString", "coordinates": [ [ -123.0794098, 49.2642575 ], [ -123.0795098, 49.2642584 ], [ -123.079675, 49.2642596 ], [ -123.0796929, 49.2642597 ], [ -123.0807427, 49.2642666 ], [ -123.0810557, 49.2642686 ], [ -123.0812454, 49.2642702 ], [ -123.0812697, 49.2642702 ] ] } },
{ "type": "Feature", "properties": { "lts_score": 1, "facility_type": "mixed", "highway": "residential", "name": "Clark Drive" }, "geometry": { "type": "LineString", "coordinates": [ [ -123.0776145, 49.2578182 ], [ -123.0776084, 49.2577537 ], [ -123.0776068, 49.2577361 ], [ -123.0776136, 49.2573621 ], [ -123.0776366, 49.2567691 ], [ -123.0776426, 49.2567442 ], [ -123.0777284, 49.2566866 ] ] } },
{ "type": "Feature", "properties": { "lts_score": 1, "facility_type": "mixed", "highway": "residential", "name": "East 14th Avenue" }, "geometry": { "type": "LineString", "coordinates": [ [ -123.0776145, 49.2578182 ], [ -123.0777272, 49.2578186 ], [ -123.078302, 49.2578221 ], [ -123.0795551, 49.2578334 ], [ -123.0807144, 49.2578439 ], [ -123.0813806, 49.25785 ], [ -123.081478, 49.257852 ] ] } },
{ "type": "Feature", "properties": { "lts_score": 4, "facility_type": "mixed", "highway": "tertiary", "name": "East 12th Avenue" }, "geometry": { "type": "LineString", "coordinates": [ [ -123.0776095, 49.2596269 ], [ -123.0777325, 49.259628 ], [ -123.077765, 49.2596283 ], [ -123.0785691, 49.2596289 ], [ -123.0813067, 49.2596579 ], [ -123.081343, 49.2596583 ], [ -123.0814343, 49.2596588 ] ] } },
{ "type": "Feature", "properties": { "lts_score": 4, "facility_type": "mixed", "highway": "secondary", "name": "Clark Drive" }, "geometry": { "type": "LineString", "coordinates": [ [ -123.0776095, 49.2596269 ], [ -123.077611, 49.2595402 ], [ -123.0776207, 49.2591862 ], [ -123.0776203, 49.2590633 ], [ -123.0776302, 49.2587198 ] ] } },
{ "type": "Feature", "properties": { "lts_score": 4, "facility_type": "mixed", "highway": "secondary", "name": "Clark Drive" }, "geometry": { "type": "LineString", "coordinates": [ [ -123.0775173, 49.2633292 ], [ -123.0775259, 49.2631176 ] ] } },
{ "type": "Feature", "properties": { "lts_score": 1, "facility_type": "mixed", "highway": "residential", "name": "East 8th Avenue" }, "geometry": { "type": "LineString", "coordinates": [ [ -123.0775173, 49.2633292 ], [ -123.0776996, 49.2633313 ], [ -123.0777405, 49.2633315 ], [ -123.0781434, 49.2633331 ], [ -123.079279, 49.2633441 ], [ -123.0792976, 49.2633443 ], [ -123.0794063, 49.2633456 ] ] } },
{ "type": "Feature", "properties": { "lts_score": 1, "facility_type": "mixed", "highway": "residential", "name": "East 15th Avenue" }, "geometry": { "type": "LineString", "coordinates": [ [ -123.0874702, 49.2570769 ], [ -123.0873678, 49.2570728 ], [ -123.0872299, 49.2570672 ] ] } },
{ "type": "Feature", "properties": { "lts_score": 1, "facility_type": "mixed", "highway": "residential", "name": "East 15th Avenue" }, "geometry": { "type": "LineString", "coordinates": [ [ -123.0874702, 49.2570769 ], [ -123.0885635, 49.257124 ], [ -123.0890574, 49.257147 ], [ -123.0890816, 49.2571474 ], [ -123.0891229, 49.2571488 ], [ -123.0891778, 49.2571508 ] ] } },
{ "type": "Feature", "properties": { "lts_score": 1, "facility_type": "mixed", "highway": "residential", "name": "East 10th Avenue" }, "geometry": { "type": "LineString", "coordinates": [ [ -123.100353, 49.2619994 ], [ -123.1004417, 49.2620002 ], [ -123.1004547, 49.2620003 ], [ -123.1007908, 49.2620052 ], [ -123.1008159, 49.2620061 ], [ -123.1010138, 49.2620132 ] ] } },
{ "type": "Feature", "properties": { "lts_score": 1, "facility_type": "mixed", "highway": "residential", "name": "East 14th Avenue" }, "geometry": { "type": "LineString", "coordinates": [ [ -123.100566, 49.258408 ], [ -123.0984961, 49.2583765 ], [ -123.0983748, 49.2583744 ] ] } },
{ "type": "Feature", "properties": { "lts_score": 1, "facility_type": "mixed", "highway": "residential", "name": "Glen Drive" }, "geometry": { "type": "LineString", "coordinates": [ [ -123.0814343, 49.2596588 ], [ -123.0814379, 49.2595828 ], [ -123.0814387, 49.2595618 ], [ -123.0814499, 49.2592072 ], [ -123.0814593, 49.258818 ], [ -123.0814589, 49.2587524 ] ] } },
{ "type": "Feature", "properties": { "lts_score": 3, "facility_type": "mixed", "highway": "tertiary", "name": "East 12th Avenue" }, "geometry": { "type": "LineString", "coordinates": [ [ -123.0814343, 49.2596588 ], [ -123.08154, 49.2596595 ], [ -123.0815816, 49.2596598 ], [ -123.083244, 49.2596711 ], [ -123.083274, 49.2596713 ], [ -123.083373, 49.2596727 ] ] } },
{ "type": "Feature", "properties": { "lts_score": 4, "facility_type": "mixed", "highway": "tertiary", "name": "East 12th Avenue" }, "geometry": { "type": "LineString", "coordinates": [ [ -123.0814343, 49.2596588 ], [ -123.081343, 49.2596583 ], [ -123.0813067, 49.2596579 ], [ -123.0785691, 49.2596289 ], [ -123.077765, 49.2596283 ], [ -123.0777325, 49.259628 ], [ -123.0776095, 49.2596269 ] ] } },
{ "type": "Feature", "properties": { "lts_score": 1, "facility_type": "mixed", "highway": "residential", "name": "Glen Drive" }, "geometry": { "type": "LineString", "coordinates": [ [ -123.0814589, 49.2587524 ], [ -123.0814593, 49.258818 ], [ -123.0814499, 49.2592072 ], [ -123.0814387, 49.2595618 ], [ -123.0814379, 49.2595828 ], [ -123.0814343, 49.2596588 ] ] } },
{ "type": "Feature", "properties": { "lts_score": 1, "facility_type": "mixed", "highway": "residential", "name": "Glen Drive" }, "geometry": { "type": "LineString", "coordinates": [ [ -123.0814589, 49.2587524 ], [ -123.0814573, 49.2586866 ], [ -123.0814736, 49.258292 ], [ -123.0814759, 49.2579415 ], [ -123.0814769, 49.2579134 ], [ -123.081478, 49.257852 ] ] } },
{ "type": "Feature", "properties": { "lts_score": 1, "facility_type": "mixed", "highway": "residential", "name": "East 13th Avenue" }, "geometry": { "type": "LineString", "coordinates": [ [ -123.0814589, 49.2587524 ], [ -123.0813582, 49.258751 ], [ -123.0813302, 49.2587506 ], [ -123.0777793, 49.2587193 ], [ -123.0777489, 49.258719 ], [ -123.0776302, 49.2587198 ] ] } },
{ "type": "Feature", "properties": { "lts_score": 1, "facility_type": "mixed", "highway": "residential", "name": "East 13th Avenue" }, "geometry": { "type": "LineString", "coordinates": [ [ -123.0814589, 49.2587524 ], [ -123.0815621, 49.2587532 ], [ -123.081588, 49.2587529 ], [ -123.0832923, 49.2587655 ], [ -123.0833423, 49.2587662 ] ] } },
{ "type": "Feature", "properties": { "lts_score": 1, "facility_type": "mixed", "highway": "residential", "name": "Glen Drive" }, "geometry": { "type": "LineString", "coordinates": [ [ -123.081478, 49.257852 ], [ -123.0814769, 49.2579134 ], [ -123.0814759, 49.2579415 ], [ -123.0814736, 49.258292 ], [ -123.0814573, 49.2586866 ], [ -123.0814589, 49.2587524 ] ] } },
{ "type": "Feature", "properties": { "lts_score": 1, "facility_type": "mixed", "highway": "residential", "name": "Glen Drive" }, "geometry": { "type": "LineString", "coordinates": [ [ -123.081478, 49.257852 ], [ -123.081481, 49.257783 ], [ -123.0814804, 49.2577655 ], [ -123.0814881, 49.2573998 ], [ -123.0814945, 49.2569064 ], [ -123.0814938, 49.2568352 ] ] } },
{ "type": "Feature", "properties": { "lts_score": 1, "facility_type": "mixed", "highway": "residential", "name": "East 14th Avenue" }, "geometry": { "type": "LineString", "coordinates": [ [ -123.081478, 49.257852 ], [ -123.0813806, 49.25785 ], [ -123.0807144, 49.2578439 ], [ -123.0795551, 49.2578334 ], [ -123.078302, 49.2578221 ], [ -123.0777272, 49.2578186 ], [ -123.0776145, 49.2578182 ] ] } },
{ "type": "Feature", "properties": { "lts_score": 1, "facility_type": "mixed", "highway": "residential", "name": "East 14th Avenue" }, "geometry": { "type": "LineString", "coordinates": [ [ -123.081478, 49.257852 ], [ -123.0815804, 49.2578529 ], [ -123.0833098, 49.2578619 ], [ -123.083351, 49.2578623 ] ] } },
{ "type": "Feature", "properties": { "lts_score": 1, "facility_type": "mixed", "highway": "residential", "name": [ "East 10th Avenue", "Keith Drive" ] }, "geometry": { "type": "LineString", "coordinates": [ [ -123.0794672, 49.2610059 ], [ -123.0794636, 49.2613585 ], [ -123.0794633, 49.2613868 ], [ -123.0794627, 49.2614462 ], [ -123.081301, 49.2614637 ], [ -123.0813365, 49.2614637 ] ] } },
{ "type": "Feature", "properties": { "lts_score": 1, "facility_type": "mixed", "highway": "residential", "name": "Keith Drive" }, "geometry": { "type": "LineString", "coordinates": [ [ -123.079418, 49.262892 ], [ -123.079418, 49.2629331 ], [ -123.0794063, 49.2633456 ] ] } },
{ "type": "Feature", "properties": { "lts_score": 3, "facility_type": "mixed", "highway": "tertiary", "name": "East 12th Avenue" }, "geometry": { "type": "LineString", "coordinates": [ [ -123.0949742, 49.2597631 ], [ -123.0956553, 49.2597759 ], [ -123.0960025, 49.2597884 ], [ -123.0961903, 49.25981 ], [ -123.0962409, 49.2598194 ], [ -123.0964513, 49.2598537 ] ] } },
{ "type": "Feature", "properties": { "lts_score": 1, "facility_type": "mixed", "highway": "residential", "name": [ "Guelph Street", "East 11th Avenue" ] }, "geometry": { "type": "LineString", "coordinates": [ [ -123.0949742, 49.2597631 ], [ -123.094975, 49.2598441 ], [ -123.0949741, 49.2598734 ], [ -123.09497, 49.2600134 ], [ -123.094963, 49.2604651 ], [ -123.0949638, 49.2605721 ], [ -123.0949533, 49.2606041 ], [ -123.0949366, 49.2606269 ], [ -123.0949194, 49.260639 ], [ -123.0948989, 49.2606512 ], [ -123.0948611, 49.2606619 ], [ -123.0947935, 49.26067 ], [ -123.094282, 49.2606659 ], [ -123.093304, 49.2606581 ], [ -123.09313, 49.2606567 ], [ -123.0930341, 49.2606561 ] ] } },
{ "type": "Feature", "properties": { "lts_score": 1, "facility_type": "mixed", "highway": "residential", "name": "Guelph Street" }, "geometry": { "type": "LineString", "coordinates": [ [ -123.0949742, 49.2597631 ], [ -123.0949752, 49.2597 ], [ -123.0949756, 49.2596725 ], [ -123.094984, 49.2593146 ], [ -123.0949987, 49.2591329 ], [ -123.0950046, 49.2590856 ], [ -123.0950273, 49.2590415 ], [ -123.0950933, 49.2589789 ] ] } },
{ "type": "Feature", "properties": { "lts_score": 3, "facility_type": "mixed", "highway": "tertiary", "name": "East 12th Avenue" }, "geometry": { "type": "LineString", "coordinates": [ [ -123.0949742, 49.2597631 ], [ -123.0931837, 49.2597538 ], [ -123.0931493, 49.2597536 ], [ -123.0930383, 49.259753 ] ] } },
{ "type": "Feature", "properties": { "lts_score": 3, "facility_type": "mixed", "highway": "tertiary", "name": "East 12th Avenue" }, "geometry": { "type": "LineString", "coordinates": [ [ -123.0911136, 49.2597343 ], [ -123.0910147, 49.2597333 ], [ -123.0893555, 49.2597169 ], [ -123.0893161, 49.2597165 ], [ -123.0891813, 49.2597165 ] ] } },
{ "type": "Feature", "properties": { "lts_score": 1, "facility_type": "mixed", "highway": "residential", "name": "Carolina Street" }, "geometry": { "type": "LineString", "coordinates": [ [ -123.0911136, 49.2597343 ], [ -123.0911134, 49.2598005 ], [ -123.0911134, 49.2598189 ], [ -123.0910971, 49.2601858 ], [ -123.0910955, 49.2605779 ], [ -123.0910939, 49.2606419 ] ] } },
{ "type": "Feature", "properties": { "lts_score": 1, "facility_type": "mixed", "highway": "residential", "name": "Carolina Street" }, "geometry": { "type": "LineString", "coordinates": [ [ -123.0911136, 49.2597343 ], [ -123.0911138, 49.259659 ], [ -123.0911138, 49.2596393 ], [ -123.091123, 49.2592812 ], [ -123.0911302, 49.2588996 ], [ -123.0911307, 49.2588759 ] ] } },
{ "type": "Feature", "properties": { "lts_score": 3, "facility_type": "mixed", "highway": "tertiary", "name": "East 12th Avenue" }, "geometry": { "type": "LineString", "coordinates": [ [ -123.0911136, 49.2597343 ], [ -123.0912183, 49.2597354 ], [ -123.0928938, 49.2597522 ], [ -123.0929463, 49.2597525 ], [ -123.0930383, 49.259753 ] ] } },
{ "type": "Feature", "properties": { "lts_score": 4, "facility_type": "mixed", "highway": "primary", "name": "East Broadway" }, "geometry": { "type": "LineString", "coordinates": [ [ -123.0949407, 49.2625227 ], [ -123.0931587, 49.2625133 ], [ -123.0931017, 49.2625128 ], [ -123.0929969, 49.2625118 ] ] } },
{ "type": "Feature", "properties": { "lts_score": 4, "facility_type": "mixed", "highway": "primary", "name": "East Broadway" }, "geometry": { "type": "LineString", "coordinates": [ [ -123.0949407, 49.2625227 ], [ -123.0952185, 49.2625269 ], [ -123.0954202, 49.2625399 ], [ -123.0955922, 49.2625602 ], [ -123.0957146, 49.2625808 ], [ -123.0958438, 49.262607 ], [ -123.095881, 49.2626145 ], [ -123.0960054, 49.2626429 ] ] } },
{ "type": "Feature", "properties": { "lts_score": 1, "facility_type": "mixed", "highway": "residential", "name": "Guelph Street" }, "geometry": { "type": "LineString", "coordinates": [ [ -123.0949407, 49.2625227 ], [ -123.0949422, 49.2624097 ], [ -123.0949422, 49.2623959 ], [ -123.094947, 49.2620189 ], [ -123.094951, 49.2616662 ], [ -123.0949509, 49.2616416 ], [ -123.0949506, 49.2615792 ] ] } },
{ "type": "Feature", "properties": { "lts_score": 1, "facility_type": "mixed", "highway": "residential", "name": "Guelph Street" }, "geometry": { "type": "LineString", "coordinates": [ [ -123.0949407, 49.2625227 ], [ -123.0949394, 49.2626331 ], [ -123.0949388, 49.2626402 ], [ -123.0949267, 49.2630255 ], [ -123.0949256, 49.2630862 ], [ -123.0949205, 49.2633781 ], [ -123.0949206, 49.2634105 ], [ -123.0949193, 49.2634756 ] ] } },
{ "type": "Feature", "properties": { "lts_score": 1, "facility_type": "mixed", "highway": "residential", "name": "East 11th Avenue" }, "geometry": { "type": "LineString", "coordinates": [ [ -123.0910939, 49.2606419 ], [ -123.0910021, 49.2606422 ], [ -123.090973, 49.260642 ], [ -123.0893057, 49.2606276 ], [ -123.0892734, 49.2606273 ], [ -123.0891625, 49.260624 ] ] } },
{ "type": "Feature", "properties": { "lts_score": 1, "facility_type": "mixed", "highway": "residential", "name": "East 11th Avenue" }, "geometry": { "type": "LineString", "coordinates": [ [ -123.0910939, 49.2606419 ], [ -123.0912005, 49.2606417 ], [ -123.0912314, 49.2606421 ], [ -123.0916241, 49.2606468 ], [ -123.092931, 49.2606554 ], [ -123.0930341, 49.2606561 ] ] } },
{ "type": "Feature", "properties": { "lts_score": 1, "facility_type": "mixed", "highway": "residential", "name": "Carolina Street" }, "geometry": { "type": "LineString", "coordinates": [ [ -123.0910939, 49.2606419 ], [ -123.0910924, 49.2607077 ], [ -123.0910851, 49.2610991 ], [ -123.0910854, 49.2614812 ], [ -123.0910851, 49.2614981 ] ] } },
{ "type": "Feature", "properties": { "lts_score": 1, "facility_type": "mixed", "highway": "residential", "name": "Carolina Street" }, "geometry": { "type": "LineString", "coordinates": [ [ -123.0910939, 49.2606419 ], [ -123.0910955, 49.2605779 ], [ -123.0910971, 49.2601858 ], [ -123.0911134, 49.2598189 ], [ -123.0911134, 49.2598005 ], [ -123.0911136, 49.2597343 ] ] } },
{ "type": "Feature", "properties": { "lts_score": 1, "facility_type": "mixed", "highway": "residential", "name": "Saint George Street" }, "geometry": { "type": "LineString", "coordinates": [ [ -123.0930341, 49.2606561 ], [ -123.0930334, 49.2607241 ], [ -123.0930331, 49.2607427 ], [ -123.0930235, 49.2611114 ], [ -123.093011, 49.2614954 ], [ -123.0930107, 49.2615183 ] ] } },
{ "type": "Feature", "properties": { "lts_score": 1, "facility_type": "mixed", "highway": "residential", "name": "Saint George Street" }, "geometry": { "type": "LineString", "coordinates": [ [ -123.0930341, 49.2606561 ], [ -123.0930349, 49.26059 ], [ -123.0930351, 49.260571 ], [ -123.0930356, 49.2604331 ], [ -123.0930364, 49.2601995 ], [ -123.0930368, 49.2600712 ], [ -123.0930371, 49.2598528 ], [ -123.0930375, 49.2598237 ], [ -123.0930383, 49.259753 ] ] } },
{ "type": "Feature", "properties": { "lts_score": 1, "facility_type": "mixed", "highway": "residential", "name": "East 11th Avenue" }, "geometry": { "type": "LineString", "coordinates": [ [ -123.0930341, 49.2606561 ], [ -123.092931, 49.2606554 ], [ -123.0916241, 49.2606468 ], [ -123.0912314, 49.2606421 ], [ -123.0912005, 49.2606417 ], [ -123.0910939, 49.2606419 ] ] } },
{ "type": "Feature", "properties": { "lts_score": 1, "facility_type": "mixed", "highway": "residential", "name": [ "Guelph Street", "East 11th Avenue" ] }, "geometry": { "type": "LineString", "coordinates": [ [ -123.0930341, 49.2606561 ], [ -123.09313, 49.2606567 ], [ -123.093304, 49.2606581 ], [ -123.094282, 49.2606659 ], [ -123.0947935, 49.26067 ], [ -123.0948611, 49.2606619 ], [ -123.0948989, 49.2606512 ], [ -123.0949194, 49.260639 ], [ -123.0949366, 49.2606269 ], [ -123.0949533, 49.2606041 ], [ -123.0949638, 49.2605721 ], [ -123.094963, 49.2604651 ], [ -123.09497, 49.2600134 ], [ -123.0949741, 49.2598734 ], [ -123.094975, 49.2598441 ], [ -123.0949742, 49.2597631 ] ] } },
{ "type": "Feature", "properties": { "lts_score": 4, "facility_type": "mixed", "highway": "primary", "name": "East Broadway" }, "geometry": { "type": "LineString", "coordinates": [ [ -123.0907922, 49.26249 ], [ -123.0910636, 49.262492 ] ] } },
{ "type": "Feature", "properties": { "lts_score": 4, "facility_type": "mixed", "highway": "primary", "name": "East Broadway" }, "geometry": { "type": "LineString", "coordinates": [ [ -123.0907922, 49.26249 ], [ -123.0906705, 49.2624451 ], [ -123.0898142, 49.262438 ], [ -123.0893058, 49.2624347 ], [ -123.0892623, 49.2624343 ], [ -123.089131, 49.2624328 ] ] } },
{ "type": "Feature", "properties": { "lts_score": 3, "facility_type": "mixed", "highway": "tertiary", "name": "Fraser Street" }, "geometry": { "type": "LineString", "coordinates": [ [ -123.0893864, 49.2571593 ], [ -123.0892971, 49.2572749 ], [ -123.0892249, 49.257382 ] ] } },
{ "type": "Feature", "properties": { "lts_score": 3, "facility_type": "mixed", "highway": "residential", "name": "East 15th Avenue" }, "geometry": { "type": "LineString", "coordinates": [ [ -123.0893864, 49.2571593 ], [ -123.0892914, 49.2571554 ], [ -123.0891778, 49.2571508 ] ] } },
{ "type": "Feature", "properties": { "lts_score": 3, "facility_type": "mixed", "highway": "tertiary", "name": "Fraser Street" }, "geometry": { "type": "LineString", "coordinates": [ [ -123.0891813, 49.2597165 ], [ -123.0891819, 49.2598005 ], [ -123.0891805, 49.2598295 ], [ -123.0891638, 49.260169 ], [ -123.0891627, 49.2605608 ], [ -123.0891625, 49.260624 ] ] } },
{ "type": "Feature", "properties": { "lts_score": 3, "facility_type": "mixed", "highway": "tertiary", "name": "Fraser Street" }, "geometry": { "type": "LineString", "coordinates": [ [ -123.0891813, 49.2597165 ], [ -123.0891822, 49.2596369 ], [ -123.0891828, 49.2596099 ], [ -123.0891899, 49.2592703 ], [ -123.0891992, 49.2588815 ], [ -123.0892008, 49.2588143 ] ] } },
{ "type": "Feature", "properties": { "lts_score": 3, "facility_type": "mixed", "highway": "tertiary", "name": "East 12th Avenue" }, "geometry": { "type": "LineString", "coordinates": [ [ -123.0891813, 49.2597165 ], [ -123.0890475, 49.2597166 ], [ -123.0890035, 49.2597164 ], [ -123.0872419, 49.2597075 ] ] } },
{ "type": "Feature", "properties": { "lts_score": 3, "facility_type": "mixed", "highway": "tertiary", "name": "East 12th Avenue" }, "geometry": { "type": "LineString", "coordinates": [ [ -123.0891813, 49.2597165 ], [ -123.0893161, 49.2597165 ], [ -123.0893555, 49.2597169 ], [ -123.0910147, 49.2597333 ], [ -123.0911136, 49.2597343 ] ] } },
{ "type": "Feature", "properties": { "lts_score": 3, "facility_type": "mixed", "highway": "tertiary", "name": "Fraser Street" }, "geometry": { "type": "LineString", "coordinates": [ [ -123.0892008, 49.2588143 ], [ -123.0891992, 49.2588815 ], [ -123.0891899, 49.2592703 ], [ -123.0891828, 49.2596099 ], [ -123.0891822, 49.2596369 ], [ -123.0891813, 49.2597165 ] ] } },
{ "type": "Feature", "properties": { "lts_score": 1, "facility_type": "mixed", "highway": "residential", "name": "East 13th Avenue" }, "geometry": { "type": "LineString", "coordinates": [ [ -123.0892008, 49.2588143 ], [ -123.0890959, 49.2588127 ], [ -123.0890481, 49.2588121 ], [ -123.0873632, 49.258801 ], [ -123.0873288, 49.258801 ] ] } },
{ "type": "Feature", "properties": { "lts_score": 1, "facility_type": "mixed", "highway": "residential", "name": "East 13th Avenue" }, "geometry": { "type": "LineString", "coordinates": [ [ -123.0892008, 49.2588143 ], [ -123.0893105, 49.2588157 ], [ -123.0893369, 49.2588158 ], [ -123.091033, 49.2588337 ], [ -123.0910716, 49.258834 ] ] } },
{ "type": "Feature", "properties": { "lts_score": 3, "facility_type": "mixed", "highway": "tertiary", "name": "Fraser Street" }, "geometry": { "type": "LineString", "coordinates": [ [ -123.0892008, 49.2588143 ], [ -123.0892024, 49.2587509 ], [ -123.0892119, 49.2583662 ], [ -123.089215, 49.2580162 ], [ -123.0892147, 49.2579932 ], [ -123.089216, 49.2579405 ] ] } },
{ "type": "Feature", "properties": { "lts_score": 1, "facility_type": "mixed", "highway": "residential", "name": "Prince Albert Street" }, "geometry": { "type": "LineString", "coordinates": [ [ -123.0871995, 49.2575462 ], [ -123.0872247, 49.2571582 ], [ -123.0872262, 49.2571378 ], [ -123.0872299, 49.2570672 ] ] } },
{ "type": "Feature", "properties": { "lts_score": 3, "facility_type": "mixed", "highway": "tertiary", "name": "East 12th Avenue" }, "geometry": { "type": "LineString", "coordinates": [ [ -123.0872419, 49.2597075 ], [ -123.0853021, 49.259688 ] ] } },
{ "type": "Feature", "properties": { "lts_score": 3, "facility_type": "mixed", "highway": "tertiary", "name": "East 12th Avenue" }, "geometry": { "type": "LineString", "coordinates": [ [ -123.0872419, 49.2597075 ], [ -123.0890035, 49.2597164 ], [ -123.0890475, 49.2597166 ], [ -123.0891813, 49.2597165 ] ] } },
{ "type": "Feature", "properties": { "lts_score": 1, "facility_type": "mixed", "highway": "residential", "name": "Prince Albert Street" }, "geometry": { "type": "LineString", "coordinates": [ [ -123.0872419, 49.2597075 ], [ -123.0872438, 49.2596216 ], [ -123.0872441, 49.2596084 ], [ -123.08725, 49.2592544 ], [ -123.0872617, 49.2588696 ], [ -123.087263, 49.2588415 ] ] } },
{ "type": "Feature", "properties": { "lts_score": 1, "facility_type": "mixed", "highway": "residential", "name": "Prince Albert Street" }, "geometry": { "type": "LineString", "coordinates": [ [ -123.0872419, 49.2597075 ], [ -123.0872403, 49.2597766 ], [ -123.0872397, 49.2598038 ], [ -123.0872358, 49.2601512 ], [ -123.0872302, 49.260528 ], [ -123.0872304, 49.2605432 ], [ -123.0872289, 49.2606071 ] ] } },
{ "type": "Feature", "properties": { "lts_score": 3, "facility_type": "mixed", "highway": "tertiary", "name": "Fraser Street" }, "geometry": { "type": "LineString", "coordinates": [ [ -123.0891625, 49.260624 ], [ -123.0891612, 49.2606913 ], [ -123.0891534, 49.261078 ], [ -123.0891531, 49.2614347 ], [ -123.0891526, 49.2614689 ], [ -123.0891516, 49.2615328 ] ] } },
{ "type": "Feature", "properties": { "lts_score": 3, "facility_type": "mixed", "highway": "tertiary", "name": "Fraser Street" }, "geometry": { "type": "LineString", "coordinates": [ [ -123.0891625, 49.260624 ], [ -123.0891627, 49.2605608 ], [ -123.0891638, 49.260169 ], [ -123.0891805, 49.2598295 ], [ -123.0891819, 49.2598005 ], [ -123.0891813, 49.2597165 ] ] } },
{ "type": "Feature", "properties": { "lts_score": 1, "facility_type": "mixed", "highway": "residential", "name": "East 11th Avenue" }, "geometry": { "type": "LineString", "coordinates": [ [ -123.0891625, 49.260624 ], [ -123.0890568, 49.2606212 ], [ -123.0890261, 49.2606207 ], [ -123.0877544, 49.2606111 ], [ -123.0873282, 49.260608 ], [ -123.0872289, 49.2606071 ] ] } },
{ "type": "Feature", "properties": { "lts_score": 1, "facility_type": "mixed", "highway": "residential", "name": "East 11th Avenue" }, "geometry": { "type": "LineString", "coordinates": [ [ -123.0891625, 49.260624 ], [ -123.0892734, 49.2606273 ], [ -123.0893057, 49.2606276 ], [ -123.090973, 49.260642 ], [ -123.0910021, 49.2606422 ], [ -123.0910939, 49.2606419 ] ] } },
{ "type": "Feature", "properties": { "lts_score": 1, "facility_type": "mixed", "highway": "residential", "name": "East 11th Avenue" }, "geometry": { "type": "LineString", "coordinates": [ [ -123.0872289, 49.2606071 ], [ -123.0871297, 49.2606062 ], [ -123.085417, 49.2605979 ], [ -123.0853885, 49.2605978 ], [ -123.0852863, 49.2605972 ] ] } },
{ "type": "Feature", "properties": { "lts_score": 1, "facility_type": "mixed", "highway": "residential", "name": "East 11th Avenue" }, "geometry": { "type": "LineString", "coordinates": [ [ -123.0872289, 49.2606071 ], [ -123.0873282, 49.260608 ], [ -123.0877544, 49.2606111 ], [ -123.0890261, 49.2606207 ], [ -123.0890568, 49.2606212 ], [ -123.0891625, 49.260624 ] ] } },
{ "type": "Feature", "properties": { "lts_score": 1, "facility_type": "mixed", "highway": "residential", "name": "Prince Albert Street" }, "geometry": { "type": "LineString", "coordinates": [ [ -123.0872289, 49.2606071 ], [ -123.0872304, 49.2605432 ], [ -123.0872302, 49.260528 ], [ -123.0872358, 49.2601512 ], [ -123.0872397, 49.2598038 ], [ -123.0872403, 49.2597766 ], [ -123.0872419, 49.2597075 ] ] } },
{ "type": "Feature", "properties": { "lts_score": 1, "facility_type": "mixed", "highway": "residential", "name": "Prince Albert Street" }, "geometry": { "type": "LineString", "coordinates": [ [ -123.0872289, 49.2606071 ], [ -123.0872273, 49.26068 ], [ -123.0872264, 49.2606975 ], [ -123.0872137, 49.2610616 ], [ -123.0872139, 49.2614501 ], [ -123.0872127, 49.2614705 ] ] } },
{ "type": "Feature", "properties": { "lts_score": 3, "facility_type": "mixed", "highway": "tertiary", "name": "East 12th Avenue" }, "geometry": { "type": "LineString", "coordinates": [ [ -123.0853021, 49.259688 ], [ -123.0872419, 49.2597075 ] ] } },
{ "type": "Feature", "properties": { "lts_score": 1, "facility_type": "mixed", "highway": "residential", "name": "Saint Catherines Street" }, "geometry": { "type": "LineString", "coordinates": [ [ -123.0853021, 49.259688 ], [ -123.0853045, 49.2596184 ], [ -123.0853051, 49.2595967 ], [ -123.0853137, 49.2592426 ], [ -123.0853218, 49.2588708 ], [ -123.0853222, 49.2588511 ], [ -123.0853237, 49.2587839 ] ] } },
{ "type": "Feature", "properties": { "lts_score": 1, "facility_type": "mixed", "highway": "residential", "name": "Saint Catherines Street" }, "geometry": { "type": "LineString", "coordinates": [ [ -123.0853021, 49.259688 ], [ -123.0853009, 49.2597559 ], [ -123.0853005, 49.2597812 ], [ -123.085294, 49.2601406 ], [ -123.085287, 49.2605317 ], [ -123.0852863, 49.2605972 ] ] } },
{ "type": "Feature", "properties": { "lts_score": 3, "facility_type": "mixed", "highway": "tertiary", "name": "East 12th Avenue" }, "geometry": { "type": "LineString", "coordinates": [ [ -123.0853021, 49.259688 ], [ -123.0835144, 49.2596729 ], [ -123.083476, 49.2596726 ], [ -123.083373, 49.2596727 ] ] } },
{ "type": "Feature", "properties": { "lts_score": 1, "facility_type": "mixed", "highway": "residential", "name": "Saint Catherines Street" }, "geometry": { "type": "LineString", "coordinates": [ [ -123.0852863, 49.2605972 ], [ -123.085287, 49.2605317 ], [ -123.085294, 49.2601406 ], [ -123.0853005, 49.2597812 ], [ -123.0853009, 49.2597559 ], [ -123.0853021, 49.259688 ] ] } },
{ "type": "Feature", "properties": { "lts_score": 1, "facility_type": "mixed", "highway": "residential", "name": "Saint Catherines Street" }, "geometry": { "type": "LineString", "coordinates": [ [ -123.0852863, 49.2605972 ], [ -123.0852855, 49.2606607 ], [ -123.0852799, 49.2610472 ], [ -123.0852637, 49.2614172 ], [ -123.0852636, 49.2614332 ], [ -123.0852645, 49.2614969 ] ] } },
{ "type": "Feature", "properties": { "lts_score": 1, "facility_type": "mixed", "highway": "residential", "name": "East 11th Avenue" }, "geometry": { "type": "LineString", "coordinates": [ [ -123.0852863, 49.2605972 ], [ -123.0851875, 49.2605967 ], [ -123.0851513, 49.2605965 ], [ -123.0834618, 49.2605799 ], [ -123.083418, 49.2605798 ] ] } },
{ "type": "Feature", "properties": { "lts_score": 1, "facility_type": "mixed", "highway": "residential", "name": "East 11th Avenue" }, "geometry": { "type": "LineString", "coordinates": [ [ -123.0852863, 49.2605972 ], [ -123.0853885, 49.2605978 ], [ -123.085417, 49.2605979 ], [ -123.0871297, 49.2606062 ], [ -123.0872289, 49.2606071 ] ] } },
{ "type": "Feature", "properties": { "lts_score": 1, "facility_type": "mixed", "highway": "residential", "name": "Saint Catherines Street" }, "geometry": { "type": "LineString", "coordinates": [ [ -123.0852412, 49.2624448 ], [ -123.0852424, 49.2623366 ], [ -123.0852428, 49.2623163 ], [ -123.0852587, 49.2619504 ], [ -123.0852647, 49.2615813 ], [ -123.0852654, 49.2615646 ], [ -123.0852645, 49.2614969 ] ] } },
{ "type": "Feature", "properties": { "lts_score": 1, "facility_type": "mixed", "highway": "residential", "name": "Saint Catherines Street" }, "geometry": { "type": "LineString", "coordinates": [ [ -123.0852412, 49.2624448 ], [ -123.0852399, 49.2625576 ], [ -123.0852384, 49.2625814 ], [ -123.08523, 49.2629384 ], [ -123.0852187, 49.2633258 ], [ -123.0852172, 49.2633939 ] ] } },
{ "type": "Feature", "properties": { "lts_score": 4, "facility_type": "mixed", "highway": "primary", "name": "East Broadway" }, "geometry": { "type": "LineString", "coordinates": [ [ -123.0852412, 49.2624448 ], [ -123.085151, 49.2624439 ], [ -123.0851021, 49.2624436 ], [ -123.0834271, 49.2624339 ], [ -123.0833153, 49.2624332 ] ] } },
{ "type": "Feature", "properties": { "lts_score": 4, "facility_type": "mixed", "highway": "primary", "name": "East Broadway" }, "geometry": { "type": "LineString", "coordinates": [ [ -123.0852412, 49.2624448 ], [ -123.085341, 49.2624449 ], [ -123.0854016, 49.2624457 ], [ -123.0870286, 49.2624665 ], [ -123.0870674, 49.2624675 ], [ -123.0871835, 49.2624706 ] ] } },
{ "type": "Feature", "properties": { "lts_score": 1, "facility_type": "mixed", "highway": "residential", "name": "Windsor Street" }, "geometry": { "type": "LineString", "coordinates": [ [ -123.0833153, 49.2624332 ], [ -123.083312, 49.2625445 ], [ -123.0833109, 49.2625692 ], [ -123.0832984, 49.2629301 ], [ -123.0833017, 49.2632883 ], [ -123.0833021, 49.263313 ], [ -123.0833, 49.2633819 ] ] } },
{ "type": "Feature", "properties": { "lts_score": 1, "facility_type": "mixed", "highway": "residential", "name": "Windsor Street" }, "geometry": { "type": "LineString", "coordinates": [ [ -123.0833153, 49.2624332 ], [ -123.083318, 49.2623255 ], [ -123.0833183, 49.2622977 ], [ -123.0833222, 49.2619349 ], [ -123.0833347, 49.2615493 ], [ -123.0833347, 49.2615277 ] ] } },
{ "type": "Feature", "properties": { "lts_score": 4, "facility_type": "mixed", "highway": "primary", "name": "East Broadway" }, "geometry": { "type": "LineString", "coordinates": [ [ -123.0833153, 49.2624332 ], [ -123.0832083, 49.2624322 ], [ -123.0815456, 49.2624159 ], [ -123.0815018, 49.2624153 ], [ -123.0813787, 49.2624136 ] ] } },
{ "type": "Feature", "properties": { "lts_score": 4, "facility_type": "mixed", "highway": "primary", "name": "East Broadway" }, "geometry": { "type": "LineString", "coordinates": [ [ -123.0833153, 49.2624332 ], [ -123.0834271, 49.2624339 ], [ -123.0851021, 49.2624436 ], [ -123.085151, 49.2624439 ], [ -123.0852412, 49.2624448 ] ] } },
{ "type": "Feature", "properties": { "lts_score": 1, "facility_type": "protected", "highway": "residential", "name": "Glen Drive" }, "geometry": { "type": "LineString", "coordinates": [ [ -123.0814244, 49.2601074 ], [ -123.081429, 49.2598 ], [ -123.0814296, 49.2597597 ], [ -123.08143, 49.2597352 ], [ -123.0814343, 49.2596588 ] ] } },
{ "type": "Feature", "properties": { "lts_score": 1, "facility_type": "mixed", "highway": "residential", "name": "Glen Drive" }, "geometry": { "type": "LineString", "coordinates": [ [ -123.0814244, 49.2601074 ], [ -123.081418, 49.2604982 ], [ -123.0814176, 49.2605144 ] ] } },
{ "type": "Feature", "properties": { "lts_score": 1, "facility_type": "mixed", "highway": "residential", "name": "Glen Drive" }, "geometry": { "type": "LineString", "coordinates": [ [ -123.0813902, 49.2619157 ], [ -123.081394, 49.2615355 ], [ -123.0813952, 49.261513 ] ] } },
{ "type": "Feature", "properties": { "lts_score": 1, "facility_type": "protected", "highway": "residential", "name": "Glen Drive" }, "geometry": { "type": "LineString", "coordinates": [ [ -123.0813902, 49.2619157 ], [ -123.0813836, 49.2622192 ], [ -123.0813825, 49.2622705 ], [ -123.0813817, 49.2623054 ], [ -123.0813787, 49.2624136 ] ] } },
{ "type": "Feature", "properties": { "lts_score": 1, "facility_type": "mixed", "highway": "residential", "name": "Prince Albert Street" }, "geometry": { "type": "LineString", "coordinates": [ [ -123.0871659, 49.2634113 ], [ -123.0871667, 49.2633452 ], [ -123.0871661, 49.2633277 ], [ -123.0871685, 49.26296 ], [ -123.0871743, 49.2627589 ], [ -123.0871785, 49.2626059 ], [ -123.0871793, 49.2625846 ], [ -123.0871835, 49.2624706 ] ] } },
{ "type": "Feature", "properties": { "lts_score": 1, "facility_type": "mixed", "highway": "residential", "name": "Prince Albert Street" }, "geometry": { "type": "LineString", "coordinates": [ [ -123.0871659, 49.2634113 ], [ -123.087165, 49.2634815 ], [ -123.0871648, 49.2634947 ], [ -123.0871566, 49.2638678 ], [ -123.0871526, 49.2642653 ], [ -123.0871544, 49.2643189 ] ] } },
{ "type": "Feature", "properties": { "lts_score": 1, "facility_type": "mixed", "highway": "residential", "name": "East 8th Avenue" }, "geometry": { "type": "LineString", "coordinates": [ [ -123.0871659, 49.2634113 ], [ -123.0870641, 49.2634112 ], [ -123.0853728, 49.2633957 ], [ -123.0853372, 49.2633954 ], [ -123.0852172, 49.2633939 ] ] } },
{ "type": "Feature", "properties": { "lts_score": 1, "facility_type": "mixed", "highway": "residential", "name": "East 8th Avenue" }, "geometry": { "type": "LineString", "coordinates": [ [ -123.0871659, 49.2634113 ], [ -123.0872654, 49.2634114 ], [ -123.0880467, 49.2634165 ], [ -123.0889886, 49.2634226 ], [ -123.0890081, 49.2634227 ], [ -123.089117, 49.2634228 ] ] } },
{ "type": "Feature", "properties": { "lts_score": 1, "facility_type": "mixed", "highway": "residential", "name": "East 7th Avenue" }, "geometry": { "type": "LineString", "coordinates": [ [ -123.0871544, 49.2643189 ], [ -123.0870432, 49.2643173 ], [ -123.0870172, 49.2643171 ], [ -123.0853045, 49.2643059 ], [ -123.085214, 49.2643046 ] ] } },
{ "type": "Feature", "properties": { "lts_score": 1, "facility_type": "mixed", "highway": "residential", "name": "East 7th Avenue" }, "geometry": { "type": "LineString", "coordinates": [ [ -123.0871544, 49.2643189 ], [ -123.0872596, 49.2643204 ], [ -123.0872865, 49.2643206 ], [ -123.0877677, 49.2643243 ], [ -123.0889985, 49.2643339 ], [ -123.089103, 49.2643352 ] ] } },
{ "type": "Feature", "properties": { "lts_score": 1, "facility_type": "mixed", "highway": "residential", "name": "Prince Albert Street" }, "geometry": { "type": "LineString", "coordinates": [ [ -123.0871544, 49.2643189 ], [ -123.0871526, 49.2642653 ], [ -123.0871566, 49.2638678 ], [ -123.0871648, 49.2634947 ], [ -123.087165, 49.2634815 ], [ -123.0871659, 49.2634113 ] ] } },
{ "type": "Feature", "properties": { "lts_score": 1, "facility_type": "mixed", "highway": "residential", "name": "Prince Albert Street" }, "geometry": { "type": "LineString", "coordinates": [ [ -123.0871544, 49.2643189 ], [ -123.0871537, 49.2643777 ], [ -123.0871478, 49.2647741 ], [ -123.0871374, 49.2651277 ], [ -123.0871371, 49.2651485 ], [ -123.0871361, 49.2652202 ] ] } },
{ "type": "Feature", "properties": { "lts_score": 1, "facility_type": "mixed", "highway": "residential", "name": "Windsor Street" }, "geometry": { "type": "LineString", "coordinates": [ [ -123.0833, 49.2633819 ], [ -123.0832979, 49.2634533 ], [ -123.0832937, 49.2634797 ], [ -123.0832866, 49.2638367 ], [ -123.0832758, 49.2641957 ], [ -123.0832749, 49.2642285 ], [ -123.0832734, 49.2642859 ] ] } },
{ "type": "Feature", "properties": { "lts_score": 1, "facility_type": "mixed", "highway": "residential", "name": "Windsor Street" }, "geometry": { "type": "LineString", "coordinates": [ [ -123.0833, 49.2633819 ], [ -123.0833021, 49.263313 ], [ -123.0833017, 49.2632883 ], [ -123.0832984, 49.2629301 ], [ -123.0833109, 49.2625692 ], [ -123.083312, 49.2625445 ], [ -123.0833153, 49.2624332 ] ] } },
{ "type": "Feature", "properties": { "lts_score": 1, "facility_type": "mixed", "highway": "residential", "name": "East 8th Avenue" }, "geometry": { "type": "LineString", "coordinates": [ [ -123.0833, 49.2633819 ], [ -123.0831912, 49.2633807 ], [ -123.0826608, 49.263375 ], [ -123.0822747, 49.2633709 ], [ -123.0815137, 49.2633628 ], [ -123.0814803, 49.2633626 ], [ -123.0813581, 49.2633617 ] ] } },
{ "type": "Feature", "properties": { "lts_score": 1, "facility_type": "mixed", "highway": "residential", "name": "East 8th Avenue" }, "geometry": { "type": "LineString", "coordinates": [ [ -123.0833, 49.2633819 ], [ -123.0834053, 49.263383 ], [ -123.0850963, 49.2633926 ], [ -123.08513, 49.2633928 ], [ -123.0852172, 49.2633939 ] ] } },
{ "type": "Feature", "properties": { "lts_score": 1, "facility_type": "mixed", "highway": "residential", "name": "Saint Catherines Street" }, "geometry": { "type": "LineString", "coordinates": [ [ -123.0852172, 49.2633939 ], [ -123.0852187, 49.2633258 ], [ -123.08523, 49.2629384 ], [ -123.0852384, 49.2625814 ], [ -123.0852399, 49.2625576 ], [ -123.0852412, 49.2624448 ] ] } },
{ "type": "Feature", "properties": { "lts_score": 1, "facility_type": "mixed", "highway": "residential", "name": "Saint Catherines Street" }, "geometry": { "type": "LineString", "coordinates": [ [ -123.0852172, 49.2633939 ], [ -123.0852156, 49.2634649 ], [ -123.0852169, 49.2638537 ], [ -123.0852142, 49.2642111 ], [ -123.0852144, 49.2642471 ], [ -123.085214, 49.2643046 ] ] } },
{ "type": "Feature", "properties": { "lts_score": 1, "facility_type": "mixed", "highway": "residential", "name": "East 8th Avenue" }, "geometry": { "type": "LineString", "coordinates": [ [ -123.0852172, 49.2633939 ], [ -123.08513, 49.2633928 ], [ -123.0850963, 49.2633926 ], [ -123.0834053, 49.263383 ], [ -123.0833, 49.2633819 ] ] } },
{ "type": "Feature", "properties": { "lts_score": 1, "facility_type": "mixed", "highway": "residential", "name": "East 8th Avenue" }, "geometry": { "type": "LineString", "coordinates": [ [ -123.0852172, 49.2633939 ], [ -123.0853372, 49.2633954 ], [ -123.0853728, 49.2633957 ], [ -123.0870641, 49.2634112 ], [ -123.0871659, 49.2634113 ] ] } },
{ "type": "Feature", "properties": { "lts_score": 1, "facility_type": "mixed", "highway": "residential", "name": "East 5th Avenue" }, "geometry": { "type": "LineString", "coordinates": [ [ -123.098831, 49.2663771 ], [ -123.0987224, 49.2663756 ], [ -123.0986699, 49.2663742 ], [ -123.0979783, 49.266359 ], [ -123.0973987, 49.2663462 ], [ -123.0970875, 49.2663394 ], [ -123.0970396, 49.2663384 ], [ -123.0969816, 49.2663368 ], [ -123.0969424, 49.2663345 ], [ -123.0969054, 49.2663289 ], [ -123.0968696, 49.2663185 ], [ -123.0968153, 49.2662903 ] ] } },
{ "type": "Feature", "properties": { "lts_score": 1, "facility_type": "mixed", "highway": "residential", "name": "Scotia Street" }, "geometry": { "type": "LineString", "coordinates": [ [ -123.098831, 49.2663771 ], [ -123.0988339, 49.2663176 ], [ -123.0988456, 49.2659238 ], [ -123.0988582, 49.2655794 ], [ -123.0988611, 49.2655544 ], [ -123.098863, 49.2654719 ] ] } },
{ "type": "Feature", "properties": { "lts_score": 1, "facility_type": "mixed", "highway": "residential", "name": "Scotia Street" }, "geometry": { "type": "LineString", "coordinates": [ [ -123.098831, 49.2663771 ], [ -123.0988287, 49.2664561 ], [ -123.0988156, 49.2668327 ], [ -123.0988011, 49.2672063 ], [ -123.0987999, 49.267287 ] ] } },
{ "type": "Feature", "properties": { "lts_score": 1, "facility_type": "protected", "highway": "residential", "name": "East 5th Avenue" }, "geometry": { "type": "LineString", "coordinates": [ [ -123.098831, 49.2663771 ], [ -123.0989443, 49.2663786 ], [ -123.0989853, 49.2663799 ], [ -123.1000218, 49.266402 ], [ -123.1004943, 49.2664086 ], [ -123.1006322, 49.2664106 ], [ -123.1006573, 49.2664109 ], [ -123.1008229, 49.2664134 ] ] } },
{ "type": "Feature", "properties": { "lts_score": 3, "facility_type": "mixed", "highway": "secondary", "name": "East 2nd Avenue" }, "geometry": { "type": "LineString", "coordinates": [ [ -123.098203, 49.267771 ], [ -123.0981063, 49.2677159 ], [ -123.0980678, 49.267694 ], [ -123.0971737, 49.2671846 ], [ -123.0969425, 49.2670867 ], [ -123.0966823, 49.2669946 ], [ -123.0964432, 49.2669314 ], [ -123.0963692, 49.2669137 ], [ -123.0963267, 49.2669023 ], [ -123.09626, 49.26689 ] ] } },
{ "type": "Feature", "properties": { "lts_score": 3, "facility_type": "mixed", "highway": "secondary", "name": "East 2nd Avenue" }, "geometry": { "type": "LineString", "coordinates": [ [ -123.098203, 49.267771 ], [ -123.0983131, 49.2678326 ], [ -123.0983507, 49.2678536 ], [ -123.0985762, 49.2679796 ], [ -123.0988432, 49.2681287 ], [ -123.0990474, 49.2682555 ] ] } },
{ "type": "Feature", "properties": { "lts_score": 1, "facility_type": "mixed", "highway": "residential", "name": "Scotia Street" }, "geometry": { "type": "LineString", "coordinates": [ [ -123.098203, 49.267771 ], [ -123.0983298, 49.2676746 ], [ -123.0983635, 49.2676482 ], [ -123.0987234, 49.2673662 ], [ -123.0987645, 49.2673342 ], [ -123.0987999, 49.267287 ] ] } },
{ "type": "Feature", "properties": { "lts_score": 1, "facility_type": "mixed", "highway": "residential", "name": "East 4th Avenue" }, "geometry": { "type": "LineString", "coordinates": [ [ -123.0987999, 49.267287 ], [ -123.0989101, 49.2672886 ], [ -123.0989331, 49.2672889 ], [ -123.0991575, 49.2672919 ], [ -123.099249, 49.2672932 ], [ -123.0999893, 49.2673032 ], [ -123.1004595, 49.2673133 ], [ -123.1005874, 49.2673161 ], [ -123.1006207, 49.2673168 ], [ -123.1007912, 49.26732 ] ] } },
{ "type": "Feature", "properties": { "lts_score": 1, "facility_type": "mixed", "highway": "residential", "name": "Scotia Street" }, "geometry": { "type": "LineString", "coordinates": [ [ -123.0987999, 49.267287 ], [ -123.0988011, 49.2672063 ], [ -123.0988156, 49.2668327 ], [ -123.0988287, 49.2664561 ], [ -123.098831, 49.2663771 ] ] } },
{ "type": "Feature", "properties": { "lts_score": 1, "facility_type": "mixed", "highway": "residential", "name": "Scotia Street" }, "geometry": { "type": "LineString", "coordinates": [ [ -123.0987999, 49.267287 ], [ -123.0987645, 49.2673342 ], [ -123.0987234, 49.2673662 ], [ -123.0983635, 49.2676482 ], [ -123.0983298, 49.2676746 ], [ -123.098203, 49.267771 ] ] } },
{ "type": "Feature", "properties": { "lts_score": 4, "facility_type": "mixed", "highway": "secondary", "name": "East 2nd Avenue" }, "geometry": { "type": "LineString", "coordinates": [ [ -123.0997273, 49.2685593 ], [ -123.0996417, 49.2685134 ], [ -123.0991821, 49.2682666 ], [ -123.0990474, 49.2682555 ] ] } },
{ "type": "Feature", "properties": { "lts_score": 3, "facility_type": "mixed", "highway": "residential", "name": [ "Lorne Street", "East 3rd Avenue" ] }, "geometry": { "type": "LineString", "coordinates": [ [ -123.0997273, 49.2685593 ], [ -123.0998026, 49.2685005 ], [ -123.0998201, 49.2684857 ], [ -123.1001962, 49.2682102 ], [ -123.1005321, 49.268216 ], [ -123.1005644, 49.2682165 ], [ -123.1007582, 49.2682199 ] ] } },
{ "type": "Feature", "properties": { "lts_score": 1, "facility_type": "mixed", "highway": "residential", "name": "West 15th Avenue" }, "geometry": { "type": "LineString", "coordinates": [ [ -123.1096804, 49.2576794 ], [ -123.1095824, 49.2576514 ], [ -123.1095488, 49.2576503 ], [ -123.1084756, 49.2576172 ], [ -123.1074376, 49.2576004 ], [ -123.10718, 49.2575962 ], [ -123.1070801, 49.2575948 ] ] } },
{ "type": "Feature", "properties": { "lts_score": 1, "facility_type": "mixed", "highway": "residential", "name": "West 15th Avenue" }, "geometry": { "type": "LineString", "coordinates": [ [ -123.1096804, 49.2576794 ], [ -123.1097824, 49.2577246 ], [ -123.109822, 49.2577253 ], [ -123.1110597, 49.2577484 ], [ -123.1111642, 49.2577504 ] ] } },
{ "type": "Feature", "properties": { "lts_score": 1, "facility_type": "mixed", "highway": "residential", "name": "Columbia Street" }, "geometry": { "type": "LineString", "coordinates": [ [ -123.1096804, 49.2576794 ], [ -123.109683, 49.2575815 ], [ -123.1096917, 49.2572637 ], [ -123.1097015, 49.2570371 ], [ -123.1097092, 49.2568768 ], [ -123.1097108, 49.2568604 ] ] } },
{ "type": "Feature", "properties": { "lts_score": 1, "facility_type": "mixed", "highway": "residential", "name": "Columbia Street" }, "geometry": { "type": "LineString", "coordinates": [ [ -123.1096804, 49.2576794 ], [ -123.1096757, 49.2577579 ], [ -123.1096618, 49.2580957 ], [ -123.109656, 49.2581834 ], [ -123.1096469, 49.2585473 ] ] } },
{ "type": "Feature", "properties": { "lts_score": 3, "facility_type": "mixed", "highway": "residential", "name": "Columbia Street" }, "geometry": { "type": "LineString", "coordinates": [ [ -123.1095023, 49.2621636 ], [ -123.1095002, 49.2622278 ], [ -123.1094996, 49.2622472 ], [ -123.1094886, 49.2625913 ], [ -123.1094865, 49.2626335 ] ] } },
{ "type": "Feature", "properties": { "lts_score": 1, "facility_type": "mixed", "highway": "residential", "name": "West 10th Avenue" }, "geometry": { "type": "LineString", "coordinates": [ [ -123.1095023, 49.2621636 ], [ -123.1093952, 49.2621618 ], [ -123.1071391, 49.2621194 ], [ -123.1069894, 49.2621166 ], [ -123.1069362, 49.2621159 ] ] } },
{ "type": "Feature", "properties": { "lts_score": 3, "facility_type": "mixed", "highway": "residential", "name": "Columbia Street" }, "geometry": { "type": "LineString", "coordinates": [ [ -123.1095023, 49.2621636 ], [ -123.1095044, 49.2621026 ], [ -123.1095052, 49.2620784 ], [ -123.1095156, 49.2618601 ], [ -123.1095378, 49.261394 ], [ -123.1095708, 49.2613623 ], [ -123.1095721, 49.261322 ], [ -123.1095732, 49.2612873 ], [ -123.1095426, 49.2612476 ] ] } },
{ "type": "Feature", "properties": { "lts_score": 1, "facility_type": "mixed", "highway": "residential", "name": "West 10th Avenue" }, "geometry": { "type": "LineString", "coordinates": [ [ -123.1095023, 49.2621636 ], [ -123.1096023, 49.2621653 ], [ -123.1099651, 49.2621721 ], [ -123.110096, 49.2621745 ], [ -123.110502, 49.2621821 ], [ -123.1108995, 49.2621895 ], [ -123.11099, 49.2621908 ] ] } },
{ "type": "Feature", "properties": { "lts_score": 3, "facility_type": "mixed", "highway": "residential", "name": "Ontario Street" }, "geometry": { "type": "LineString", "coordinates": [ [ -123.1048117, 49.2651235 ], [ -123.104823, 49.2647734 ], [ -123.104824, 49.2647439 ], [ -123.1048273, 49.2646698 ] ] } },
{ "type": "Feature", "properties": { "lts_score": 1, "facility_type": "mixed", "highway": "residential", "name": "Ontario Street" }, "geometry": { "type": "LineString", "coordinates": [ [ -123.1048117, 49.2651235 ], [ -123.1048004, 49.2655036 ], [ -123.1047977, 49.26558 ] ] } },
{ "type": "Feature", "properties": { "lts_score": 1, "facility_type": "mixed", "highway": "residential", "name": "Ontario Street" }, "geometry": { "type": "LineString", "coordinates": [ [ -123.1048466, 49.2642231 ], [ -123.104869, 49.2638515 ], [ -123.1048723, 49.2637647 ] ] } },
{ "type": "Feature", "properties": { "lts_score": 3, "facility_type": "mixed", "highway": "residential", "name": "Ontario Street" }, "geometry": { "type": "LineString", "coordinates": [ [ -123.1048466, 49.2642231 ], [ -123.1048302, 49.2645876 ], [ -123.1048291, 49.2646155 ], [ -123.1048273, 49.2646698 ] ] } },
{ "type": "Feature", "properties": { "lts_score": 1, "facility_type": "mixed", "highway": "residential", "name": "Ontario Street" }, "geometry": { "type": "LineString", "coordinates": [ [ -123.1047382, 49.2669383 ], [ -123.1047308, 49.2671436 ], [ -123.1047247, 49.2673132 ], [ -123.1047222, 49.2673824 ] ] } },
{ "type": "Feature", "properties": { "lts_score": 1, "facility_type": "mixed", "highway": "residential", "name": "East 5th Avenue" }, "geometry": { "type": "LineString", "coordinates": [ [ -123.1028248, 49.2664443 ], [ -123.1029406, 49.2664468 ], [ -123.1029861, 49.2664482 ], [ -123.1046419, 49.2664741 ], [ -123.1046583, 49.2664744 ], [ -123.1047599, 49.2664761 ] ] } },
{ "type": "Feature", "properties": { "lts_score": 1, "facility_type": "mixed", "highway": "residential", "name": "East 5th Avenue" }, "geometry": { "type": "LineString", "coordinates": [ [ -123.1028248, 49.2664443 ], [ -123.102726, 49.2664418 ], [ -123.1026918, 49.2664412 ], [ -123.1026651, 49.2664406 ], [ -123.1026037, 49.2664397 ], [ -123.101619, 49.2664238 ], [ -123.1010457, 49.2664168 ], [ -123.1010031, 49.2664164 ], [ -123.1008229, 49.2664134 ] ] } },
{ "type": "Feature", "properties": { "lts_score": 2, "facility_type": "mixed", "highway": "unclassified", "name": "Quebec Street" }, "geometry": { "type": "LineString", "coordinates": [ [ -123.1028248, 49.2664443 ], [ -123.1028291, 49.2663777 ], [ -123.1028295, 49.2663628 ], [ -123.10283, 49.2663409 ], [ -123.1028318, 49.2662701 ], [ -123.102838, 49.2661073 ], [ -123.1028424, 49.2659923 ], [ -123.1028632, 49.2656153 ], [ -123.1028655, 49.2655498 ] ] } },
{ "type": "Feature", "properties": { "lts_score": 2, "facility_type": "bike_lane", "highway": "unclassified", "name": "Quebec Street" }, "geometry": { "type": "LineString", "coordinates": [ [ -123.1028248, 49.2664443 ], [ -123.1028213, 49.2665362 ], [ -123.1028205, 49.2665549 ], [ -123.1028195, 49.2665843 ], [ -123.1028163, 49.2667614 ], [ -123.1028145, 49.266831 ], [ -123.1028128, 49.2669017 ], [ -123.1027938, 49.2672855 ], [ -123.1027909, 49.267356 ] ] } },
{ "type": "Feature", "properties": { "lts_score": 1, "facility_type": "mixed", "highway": "residential", "name": "Yukon Street" }, "geometry": { "type": "LineString", "coordinates": [ [ -123.1131307, 49.2573298 ], [ -123.1131135, 49.2577243 ], [ -123.1131114, 49.2577888 ] ] } },
{ "type": "Feature", "properties": { "lts_score": 1, "facility_type": "mixed", "highway": "residential", "name": "West 15th Avenue" }, "geometry": { "type": "LineString", "coordinates": [ [ -123.1111642, 49.2577504 ], [ -123.1110597, 49.2577484 ], [ -123.109822, 49.2577253 ], [ -123.1097824, 49.2577246 ], [ -123.1096804, 49.2576794 ] ] } },
{ "type": "Feature", "properties": { "lts_score": 1, "facility_type": "mixed", "highway": "residential", "name": "West 15th Avenue" }, "geometry": { "type": "LineString", "coordinates": [ [ -123.1111642, 49.2577504 ], [ -123.1112686, 49.2577524 ], [ -123.1129837, 49.2577864 ], [ -123.1130156, 49.257787 ], [ -123.1131114, 49.2577888 ] ] } },
{ "type": "Feature", "properties": { "lts_score": 1, "facility_type": "mixed", "highway": "residential", "name": "Alberta Street" }, "geometry": { "type": "LineString", "coordinates": [ [ -123.1111642, 49.2577504 ], [ -123.1111654, 49.2576922 ], [ -123.1111656, 49.2576815 ], [ -123.1111731, 49.2572908 ] ] } },
{ "type": "Feature", "properties": { "lts_score": 1, "facility_type": "mixed", "highway": "residential", "name": "Alberta Street" }, "geometry": { "type": "LineString", "coordinates": [ [ -123.1111642, 49.2577504 ], [ -123.111161, 49.2578245 ], [ -123.1111608, 49.257835 ], [ -123.1111525, 49.258215 ], [ -123.111134, 49.2586114 ], [ -123.1111325, 49.2586378 ] ] } },
{ "type": "Feature", "properties": { "lts_score": 1, "facility_type": "mixed", "highway": "residential", "name": "Alberta Street" }, "geometry": { "type": "LineString", "coordinates": [ [ -123.1111731, 49.2572908 ], [ -123.1111656, 49.2576815 ], [ -123.1111654, 49.2576922 ], [ -123.1111642, 49.2577504 ] ] } },
{ "type": "Feature", "properties": { "lts_score": 3, "facility_type": "mixed", "highway": "residential", "name": "Columbia Street" }, "geometry": { "type": "LineString", "coordinates": [ [ -123.109592, 49.2598686 ], [ -123.1095824, 49.260159 ], [ -123.1095483, 49.2602002 ], [ -123.1095466, 49.2602467 ], [ -123.1095464, 49.2602556 ], [ -123.1095462, 49.2602668 ], [ -123.1095573, 49.2603445 ] ] } },
{ "type": "Feature", "properties": { "lts_score": 1, "facility_type": "mixed", "highway": "residential", "name": "Columbia Street" }, "geometry": { "type": "LineString", "coordinates": [ [ -123.109592, 49.2598686 ], [ -123.1096041, 49.2595031 ], [ -123.1096064, 49.2594428 ] ] } },
{ "type": "Feature", "properties": { "lts_score": 1, "facility_type": "mixed", "highway": "residential", "name": "Alberta Street" }, "geometry": { "type": "LineString", "coordinates": [ [ -123.1110956, 49.2593927 ], [ -123.1110936, 49.2594634 ], [ -123.1110824, 49.2598509 ], [ -123.1110691, 49.2602156 ] ] } },
{ "type": "Feature", "properties": { "lts_score": 1, "facility_type": "mixed", "highway": "residential", "name": "West 13th Avenue" }, "geometry": { "type": "LineString", "coordinates": [ [ -123.1110956, 49.2593927 ], [ -123.1112016, 49.2593946 ], [ -123.1112299, 49.2593949 ], [ -123.1129278, 49.2594225 ], [ -123.1129492, 49.2594228 ], [ -123.1130526, 49.259424 ] ] } },
{ "type": "Feature", "properties": { "lts_score": 1, "facility_type": "mixed", "highway": "residential", "name": "Alberta Street" }, "geometry": { "type": "LineString", "coordinates": [ [ -123.1110956, 49.2593927 ], [ -123.1110973, 49.259335 ], [ -123.1111277, 49.2587429 ], [ -123.1111279, 49.2587243 ] ] } },
{ "type": "Feature", "properties": { "lts_score": 1, "facility_type": "mixed", "highway": "residential", "name": "West 13th Avenue" }, "geometry": { "type": "LineString", "coordinates": [ [ -123.1110956, 49.2593927 ], [ -123.1110029, 49.2593911 ], [ -123.1109774, 49.2593906 ], [ -123.1097117, 49.259366 ], [ -123.1096095, 49.2593668 ] ] } },
{ "type": "Feature", "properties": { "lts_score": 1, "facility_type": "mixed", "highway": "residential", "name": "West 13th Avenue" }, "geometry": { "type": "LineString", "coordinates": [ [ -123.1096064, 49.2594428 ], [ -123.1095131, 49.2594436 ], [ -123.1071296, 49.2594071 ], [ -123.1070961, 49.2594066 ], [ -123.1069815, 49.2594047 ] ] } },
{ "type": "Feature", "properties": { "lts_score": 1, "facility_type": "mixed", "highway": "residential", "name": "Columbia Street" }, "geometry": { "type": "LineString", "coordinates": [ [ -123.1096064, 49.2594428 ], [ -123.1096095, 49.2594078 ], [ -123.1096095, 49.2593668 ] ] } },
{ "type": "Feature", "properties": { "lts_score": 1, "facility_type": "mixed", "highway": "residential", "name": "Columbia Street" }, "geometry": { "type": "LineString", "coordinates": [ [ -123.1096064, 49.2594428 ], [ -123.1096041, 49.2595031 ], [ -123.109592, 49.2598686 ] ] } },
{ "type": "Feature", "properties": { "lts_score": 1, "facility_type": "mixed", "highway": "residential", "name": "West 13th Avenue" }, "geometry": { "type": "LineString", "coordinates": [ [ -123.1069815, 49.2594047 ], [ -123.1070961, 49.2594066 ], [ -123.1071296, 49.2594071 ], [ -123.1095131, 49.2594436 ], [ -123.1096064, 49.2594428 ] ] } },
{ "type": "Feature", "properties": { "lts_score": 1, "facility_type": "mixed", "highway": "residential", "name": "West 13th Avenue" }, "geometry": { "type": "LineString", "coordinates": [ [ -123.1069815, 49.2594047 ], [ -123.106902, 49.2594034 ], [ -123.1068729, 49.2594028 ], [ -123.1051666, 49.2593683 ], [ -123.1051338, 49.2593677 ] ] } },
{ "type": "Feature", "properties": { "lts_score": 1, "facility_type": "mixed", "highway": "residential", "name": "Manitoba Street" }, "geometry": { "type": "LineString", "coordinates": [ [ -123.1069815, 49.2594047 ], [ -123.1069849, 49.2593425 ], [ -123.1070057, 49.2589506 ], [ -123.107024, 49.2585884 ], [ -123.1070259, 49.2585692 ], [ -123.1070281, 49.2585012 ] ] } },
{ "type": "Feature", "properties": { "lts_score": 1, "facility_type": "mixed", "highway": "residential", "name": "Manitoba Street" }, "geometry": { "type": "LineString", "coordinates": [ [ -123.1069815, 49.2594047 ], [ -123.106979, 49.2594735 ], [ -123.1069658, 49.2598506 ], [ -123.1069572, 49.260226 ], [ -123.1069574, 49.2602379 ], [ -123.106954, 49.2603135 ] ] } },
{ "type": "Feature", "properties": { "lts_score": 1, "facility_type": "mixed", "highway": "residential", "name": "East 11th Avenue" }, "geometry": { "type": "LineString", "coordinates": [ [ -123.0977988, 49.261084 ], [ -123.0980061, 49.2610853 ], [ -123.0980567, 49.2610859 ], [ -123.0981953, 49.2610918 ], [ -123.0982905, 49.2610933 ] ] } },
{ "type": "Feature", "properties": { "lts_score": 1, "facility_type": "mixed", "highway": "residential", "name": "East 11th Avenue" }, "geometry": { "type": "LineString", "coordinates": [ [ -123.0977988, 49.261084 ], [ -123.0975574, 49.2610813 ], [ -123.0975305, 49.2610801 ], [ -123.0969575, 49.2610697 ], [ -123.0962965, 49.2610647 ], [ -123.0962608, 49.2610645 ], [ -123.0961532, 49.2610636 ] ] } },
{ "type": "Feature", "properties": { "lts_score": 4, "facility_type": "mixed", "highway": "primary", "name": "Kingsway" }, "geometry": { "type": "LineString", "coordinates": [ [ -123.0977988, 49.261084 ], [ -123.0978671, 49.2611602 ], [ -123.09791, 49.2612035 ], [ -123.0981429, 49.2614518 ] ] } },
{ "type": "Feature", "properties": { "lts_score": 4, "facility_type": "mixed", "highway": "primary", "name": "Kingsway" }, "geometry": { "type": "LineString", "coordinates": [ [ -123.0977988, 49.261084 ], [ -123.0977883, 49.261022 ], [ -123.0977377, 49.2609378 ], [ -123.0974957, 49.2606831 ], [ -123.097254, 49.2604433 ], [ -123.0968592, 49.2600342 ], [ -123.0968274, 49.2600046 ], [ -123.0967196, 49.2599046 ] ] } },
{ "type": "Feature", "properties": { "lts_score": 1, "facility_type": "mixed", "highway": "residential", "name": "East 11th Avenue" }, "geometry": { "type": "LineString", "coordinates": [ [ -123.0982905, 49.2610933 ], [ -123.0981953, 49.2610918 ], [ -123.0980567, 49.2610859 ], [ -123.0980061, 49.2610853 ], [ -123.0977988, 49.261084 ] ] } },
{ "type": "Feature", "properties": { "lts_score": 1, "facility_type": "mixed", "highway": "residential", "name": "Sophia Street" }, "geometry": { "type": "LineString", "coordinates": [ [ -123.0982905, 49.2610933 ], [ -123.0982935, 49.2610291 ], [ -123.0982942, 49.2610067 ], [ -123.0983025, 49.2607056 ], [ -123.0983022, 49.2606353 ], [ -123.0983022, 49.2605492 ], [ -123.0983207, 49.2602976 ], [ -123.0983208, 49.2602733 ], [ -123.0983212, 49.2601836 ] ] } },
{ "type": "Feature", "properties": { "lts_score": 1, "facility_type": "mixed", "highway": "residential", "name": "East 11th Avenue" }, "geometry": { "type": "LineString", "coordinates": [ [ -123.0982905, 49.2610933 ], [ -123.0983937, 49.2610959 ], [ -123.0989423, 49.261101 ], [ -123.1004024, 49.261118 ], [ -123.1008204, 49.2611194 ], [ -123.1008432, 49.2611195 ], [ -123.1009706, 49.2611165 ] ] } },
{ "type": "Feature", "properties": { "lts_score": 1, "facility_type": "mixed", "highway": "residential", "name": "East 15th Avenue" }, "geometry": { "type": "LineString", "coordinates": [ [ -123.0925162, 49.2572749 ], [ -123.0924052, 49.2572687 ], [ -123.0919631, 49.257244 ], [ -123.091923, 49.2572382 ], [ -123.0918261, 49.2572228 ] ] } },
{ "type": "Feature", "properties": { "lts_score": 1, "facility_type": "mixed", "highway": "residential", "name": "East 15th Avenue" }, "geometry": { "type": "LineString", "coordinates": [ [ -123.0925162, 49.2572749 ], [ -123.0928017, 49.2573021 ], [ -123.0935461, 49.2573349 ], [ -123.0936492, 49.2573389 ], [ -123.0937476, 49.2573425 ] ] } },
{ "type": "Feature", "properties": { "lts_score": 1, "facility_type": "mixed", "highway": "residential", "name": "East 15th Avenue" }, "geometry": { "type": "LineString", "coordinates": [ [ -123.0928274, 49.2576073 ], [ -123.0927756, 49.2575383 ], [ -123.092673, 49.2574638 ], [ -123.0926419, 49.2574412 ], [ -123.092528, 49.2573476 ], [ -123.0925162, 49.2572749 ] ] } },
{ "type": "Feature", "properties": { "lts_score": 4, "facility_type": "mixed", "highway": "primary", "name": "Kingsway" }, "geometry": { "type": "LineString", "coordinates": [ [ -123.0928274, 49.2576073 ], [ -123.0925255, 49.2575083 ], [ -123.0923091, 49.257458 ], [ -123.0917972, 49.2573796 ] ] } },
{ "type": "Feature", "properties": { "lts_score": 1, "facility_type": "mixed", "highway": "residential", "name": "East 11th Avenue" }, "geometry": { "type": "LineString", "coordinates": [ [ -123.0961532, 49.2610636 ], [ -123.0962608, 49.2610645 ], [ -123.0962965, 49.2610647 ], [ -123.0969575, 49.2610697 ], [ -123.0975305, 49.2610801 ], [ -123.0975574, 49.2610813 ], [ -123.0977988, 49.261084 ] ] } },
{ "type": "Feature", "properties": { "lts_score": 1, "facility_type": "mixed", "highway": "residential", "name": "Prince Edward Street" }, "geometry": { "type": "LineString", "coordinates": [ [ -123.0961532, 49.2610636 ], [ -123.096149, 49.2611333 ], [ -123.0961162, 49.2615069 ] ] } },
{ "type": "Feature", "properties": { "lts_score": 1, "facility_type": "mixed", "highway": "residential", "name": "Prince Edward Street" }, "geometry": { "type": "LineString", "coordinates": [ [ -123.0961532, 49.2610636 ], [ -123.0961817, 49.2607489 ], [ -123.0961875, 49.2606854 ] ] } },
{ "type": "Feature", "properties": { "lts_score": 4, "facility_type": "mixed", "highway": "secondary", "name": "Great Northern Way" }, "geometry": { "type": "LineString", "coordinates": [ [ -123.0891153, 49.2666924 ], [ -123.0894139, 49.2667379 ], [ -123.0896748, 49.2667614 ], [ -123.0900311, 49.2667716 ], [ -123.0901575, 49.2667733 ], [ -123.0906547, 49.2667802 ], [ -123.0907067, 49.2667808 ], [ -123.0908337, 49.2667823 ] ] } },
{ "type": "Feature", "properties": { "lts_score": 4, "facility_type": "mixed", "highway": "secondary", "name": "Great Northern Way" }, "geometry": { "type": "LineString", "coordinates": [ [ -123.0891153, 49.2666924 ], [ -123.0885309, 49.2665808 ], [ -123.0868582, 49.266261 ], [ -123.086819, 49.2662535 ], [ -123.0866368, 49.2662182 ] ] } },
{ "type": "Feature", "properties": { "lts_score": 3, "facility_type": "mixed", "highway": "secondary", "name": "Great Northern Way" }, "geometry": { "type": "LineString", "coordinates": [ [ -123.0866368, 49.2662182 ], [ -123.086477, 49.2661874 ], [ -123.086441, 49.2661804 ], [ -123.0851679, 49.2659338 ], [ -123.084805, 49.2658663 ], [ -123.0841328, 49.2657368 ], [ -123.0837264, 49.2656585 ], [ -123.0832026, 49.2655576 ], [ -123.0818537, 49.2652976 ], [ -123.0816423, 49.2652659 ], [ -123.0814909, 49.265246 ], [ -123.0814413, 49.2652395 ], [ -123.0813197, 49.2652327 ] ] } },
{ "type": "Feature", "properties": { "lts_score": 4, "facility_type": "mixed", "highway": "secondary", "name": "Great Northern Way" }, "geometry": { "type": "LineString", "coordinates": [ [ -123.0866368, 49.2662182 ], [ -123.086819, 49.2662535 ], [ -123.0868582, 49.266261 ], [ -123.0885309, 49.2665808 ], [ -123.0891153, 49.2666924 ] ] } },
{ "type": "Feature", "properties": { "lts_score": 1, "facility_type": "mixed", "highway": "residential", "name": "Yukon Street" }, "geometry": { "type": "LineString", "coordinates": [ [ -123.1130526, 49.259424 ], [ -123.1130551, 49.2593612 ], [ -123.1130789, 49.2587725 ], [ -123.1130797, 49.2587527 ] ] } },
{ "type": "Feature", "properties": { "lts_score": 1, "facility_type": "mixed", "highway": "residential", "name": "Yukon Street" }, "geometry": { "type": "LineString", "coordinates": [ [ -123.1130526, 49.259424 ], [ -123.1130499, 49.2594904 ], [ -123.1130343, 49.259884 ], [ -123.1130334, 49.2599144 ], [ -123.1130281, 49.2601628 ] ] } },
{ "type": "Feature", "properties": { "lts_score": 1, "facility_type": "mixed", "highway": "residential", "name": "West 13th Avenue" }, "geometry": { "type": "LineString", "coordinates": [ [ -123.1130526, 49.259424 ], [ -123.1129492, 49.2594228 ], [ -123.1129278, 49.2594225 ], [ -123.1112299, 49.2593949 ], [ -123.1112016, 49.2593946 ], [ -123.1110956, 49.2593927 ] ] } },
{ "type": "Feature", "properties": { "lts_score": 1, "facility_type": "mixed", "highway": "residential", "name": "West 15th Avenue" }, "geometry": { "type": "LineString", "coordinates": [ [ -123.1070801, 49.2575948 ], [ -123.1063301, 49.2575859 ], [ -123.1052423, 49.2575714 ], [ -123.1052208, 49.2575709 ] ] } },
{ "type": "Feature", "properties": { "lts_score": 1, "facility_type": "mixed", "highway": "residential", "name": "West 15th Avenue" }, "geometry": { "type": "LineString", "coordinates": [ [ -123.1070801, 49.2575948 ], [ -123.10718, 49.2575962 ], [ -123.1074376, 49.2576004 ], [ -123.1084756, 49.2576172 ], [ -123.1095488, 49.2576503 ], [ -123.1095824, 49.2576514 ], [ -123.1096804, 49.2576794 ] ] } },
{ "type": "Feature", "properties": { "lts_score": 1, "facility_type": "mixed", "highway": "residential", "name": "Manitoba Street" }, "geometry": { "type": "LineString", "coordinates": [ [ -123.1070801, 49.2575948 ], [ -123.107076, 49.2576661 ], [ -123.1070747, 49.2576872 ], [ -123.1070538, 49.2580484 ], [ -123.1070321, 49.2584213 ], [ -123.1070311, 49.2584404 ], [ -123.1070281, 49.2585012 ] ] } },
{ "type": "Feature", "properties": { "lts_score": 1, "facility_type": "mixed", "highway": "residential", "name": "Alberta Street" }, "geometry": { "type": "LineString", "coordinates": [ [ -123.1107439, 49.2684085 ], [ -123.1107461, 49.2683692 ] ] } },
{ "type": "Feature", "properties": { "lts_score": 1, "facility_type": "mixed", "highway": "residential", "name": "West 3rd Avenue" }, "geometry": { "type": "LineString", "coordinates": [ [ -123.1107439, 49.2684085 ], [ -123.1106427, 49.2684067 ], [ -123.1106041, 49.2684059 ], [ -123.1104359, 49.2684015 ], [ -123.1102091, 49.2683956 ], [ -123.109846, 49.2683862 ], [ -123.1095845, 49.2683831 ], [ -123.1095411, 49.268382 ], [ -123.109433, 49.2683789 ] ] } },
{ "type": "Feature", "properties": { "lts_score": 1, "facility_type": "mixed", "highway": "residential", "name": "Alberta Street" }, "geometry": { "type": "LineString", "coordinates": [ [ -123.1107439, 49.2684085 ], [ -123.1107384, 49.2685047 ], [ -123.1107372, 49.268523 ], [ -123.1108001, 49.2686279 ] ] } },
{ "type": "Feature", "properties": { "lts_score": 1, "facility_type": "mixed", "highway": "residential", "name": "Crowe Street" }, "geometry": { "type": "LineString", "coordinates": [ [ -123.1115142, 49.2682802 ], [ -123.111619, 49.2683705 ], [ -123.1116468, 49.268394 ], [ -123.1118019, 49.2685253 ], [ -123.1119757, 49.2686723 ], [ -123.1122854, 49.2689392 ], [ -123.11231, 49.2689603 ], [ -123.112371, 49.2690124 ] ] } },
{ "type": "Feature", "properties": { "lts_score": 4, "facility_type": "mixed", "highway": "secondary", "name": "West 2nd Avenue" }, "geometry": { "type": "LineString", "coordinates": [ [ -123.1115142, 49.2682802 ], [ -123.111419, 49.2683258 ], [ -123.1113836, 49.2683425 ], [ -123.1113026, 49.2683808 ] ] } },
{ "type": "Feature", "properties": { "lts_score": 4, "facility_type": "mixed", "highway": "secondary", "name": "West 2nd Avenue" }, "geometry": { "type": "LineString", "coordinates": [ [ -123.1115142, 49.2682802 ], [ -123.1116185, 49.2682334 ], [ -123.1116463, 49.2682195 ], [ -123.1123682, 49.2678574 ], [ -123.1126689, 49.2677073 ] ] } },
{ "type": "Feature", "properties": { "lts_score": 1, "facility_type": "mixed", "highway": "residential", "name": "Crowe Street" }, "geometry": { "type": "LineString", "coordinates": [ [ -123.112371, 49.2690124 ], [ -123.1124642, 49.269092 ] ] } },
{ "type": "Feature", "properties": { "lts_score": 1, "facility_type": "mixed", "highway": "residential", "name": "Crowe Street" }, "geometry": { "type": "LineString", "coordinates": [ [ -123.112371, 49.2690124 ], [ -123.11231, 49.2689603 ], [ -123.1122854, 49.2689392 ], [ -123.1119757, 49.2686723 ], [ -123.1118019, 49.2685253 ], [ -123.1116468, 49.268394 ], [ -123.111619, 49.2683705 ], [ -123.1115142, 49.2682802 ] ] } },
{ "type": "Feature", "properties": { "lts_score": 1, "facility_type": "bike_lane", "highway": "residential", "name": "West 1st Avenue" }, "geometry": { "type": "LineString", "coordinates": [ [ -123.112371, 49.2690124 ], [ -123.1122762, 49.269054 ], [ -123.1115759, 49.269392 ], [ -123.1113413, 49.2694896 ], [ -123.1111684, 49.269568 ], [ -123.1108244, 49.2697367 ], [ -123.1107313, 49.2697824 ] ] } },
{ "type": "Feature", "properties": { "lts_score": 1, "facility_type": "mixed", "highway": "residential", "name": "Cook Street" }, "geometry": { "type": "LineString", "coordinates": [ [ -123.1107313, 49.2697824 ], [ -123.11083, 49.2698697 ] ] } },
{ "type": "Feature", "properties": { "lts_score": 1, "facility_type": "mixed", "highway": "residential", "name": "Cook Street" }, "geometry": { "type": "LineString", "coordinates": [ [ -123.1107313, 49.2697824 ], [ -123.1106991, 49.2697513 ], [ -123.1106834, 49.2697381 ], [ -123.1104172, 49.2694311 ], [ -123.1101161, 49.2691545 ], [ -123.1100959, 49.2691359 ], [ -123.1099789, 49.2690342 ] ] } },
{ "type": "Feature", "properties": { "lts_score": 1, "facility_type": "bike_lane", "highway": "residential", "name": "West 1st Avenue" }, "geometry": { "type": "LineString", "coordinates": [ [ -123.1107313, 49.2697824 ], [ -123.1106437, 49.2698299 ], [ -123.1104278, 49.2699474 ], [ -123.1099576, 49.2701889 ], [ -123.1098895, 49.2702137 ], [ -123.1097862, 49.270239 ], [ -123.1096805, 49.2702518 ], [ -123.1095765, 49.270256 ], [ -123.109535, 49.2702575 ], [ -123.109415, 49.2702567 ] ] } },
{ "type": "Feature", "properties": { "lts_score": 1, "facility_type": "mixed", "highway": "residential", "name": "West 3rd Avenue" }, "geometry": { "type": "LineString", "coordinates": [ [ -123.109433, 49.2683789 ], [ -123.1095411, 49.268382 ], [ -123.1095845, 49.2683831 ], [ -123.109846, 49.2683862 ], [ -123.1102091, 49.2683956 ], [ -123.1104359, 49.2684015 ], [ -123.1106041, 49.2684059 ], [ -123.1106427, 49.2684067 ], [ -123.1107439, 49.2684085 ] ] } },
{ "type": "Feature", "properties": { "lts_score": 1, "facility_type": "mixed", "highway": "residential", "name": "West 3rd Avenue" }, "geometry": { "type": "LineString", "coordinates": [ [ -123.109433, 49.2683789 ], [ -123.1093411, 49.2683759 ], [ -123.1093006, 49.2683753 ], [ -123.1091781, 49.2683736 ], [ -123.1083892, 49.2683623 ], [ -123.1078622, 49.2683548 ], [ -123.1067376, 49.2683281 ], [ -123.1066169, 49.2683255 ] ] } },
{ "type": "Feature", "properties": { "lts_score": 1, "facility_type": "mixed", "highway": "residential", "name": "Columbia Street" }, "geometry": { "type": "LineString", "coordinates": [ [ -123.109433, 49.2683789 ], [ -123.1094346, 49.2683096 ], [ -123.1094389, 49.2679291 ], [ -123.1094367, 49.2675451 ], [ -123.1094371, 49.2674725 ] ] } },
{ "type": "Feature", "properties": { "lts_score": 1, "facility_type": "mixed", "highway": "residential", "name": "Columbia Street" }, "geometry": { "type": "LineString", "coordinates": [ [ -123.109433, 49.2683789 ], [ -123.1094315, 49.2684482 ], [ -123.1094298, 49.2686082 ], [ -123.1094284, 49.2688294 ], [ -123.1094287, 49.2689618 ], [ -123.109429, 49.2690916 ], [ -123.109429, 49.2691134 ], [ -123.109429, 49.2692378 ] ] } },
{ "type": "Feature", "properties": { "lts_score": 4, "facility_type": "mixed", "highway": "secondary", "name": "West 2nd Avenue" }, "geometry": { "type": "LineString", "coordinates": [ [ -123.1099789, 49.2690342 ], [ -123.1108001, 49.2686279 ] ] } },
{ "type": "Feature", "properties": { "lts_score": 1, "facility_type": "mixed", "highway": "residential", "name": "Cook Street" }, "geometry": { "type": "LineString", "coordinates": [ [ -123.1099789, 49.2690342 ], [ -123.1100959, 49.2691359 ], [ -123.1101161, 49.2691545 ], [ -123.1104172, 49.2694311 ], [ -123.1106834, 49.2697381 ], [ -123.1106991, 49.2697513 ], [ -123.1107313, 49.2697824 ] ] } },
{ "type": "Feature", "properties": { "lts_score": 4, "facility_type": "mixed", "highway": "secondary", "name": "West 2nd Avenue" }, "geometry": { "type": "LineString", "coordinates": [ [ -123.1099789, 49.2690342 ], [ -123.1098097, 49.2691141 ], [ -123.1096421, 49.2691793 ], [ -123.1095839, 49.2691966 ], [ -123.109552, 49.269206 ], [ -123.109429, 49.2692378 ] ] } },
{ "type": "Feature", "properties": { "lts_score": 1, "facility_type": "mixed", "highway": "residential", "name": "Walter Hardwick Avenue" }, "geometry": { "type": "LineString", "coordinates": [ [ -123.1093878, 49.270988 ], [ -123.1093043, 49.2709864 ], [ -123.1092678, 49.2709857 ], [ -123.1088648, 49.270978 ], [ -123.1086721, 49.2709744 ], [ -123.10795, 49.2709607 ], [ -123.1075443, 49.2709531 ], [ -123.1071423, 49.2709458 ], [ -123.1067534, 49.2709388 ], [ -123.1066698, 49.2709373 ] ] } },
{ "type": "Feature", "properties": { "lts_score": 1, "facility_type": "mixed", "highway": "residential", "name": "Columbia Street" }, "geometry": { "type": "LineString", "coordinates": [ [ -123.1093878, 49.270988 ], [ -123.109388, 49.2710354 ], [ -123.1093689, 49.2715232 ], [ -123.109369, 49.2715464 ] ] } },
{ "type": "Feature", "properties": { "lts_score": 1, "facility_type": "mixed", "highway": "residential", "name": "Columbia Street" }, "geometry": { "type": "LineString", "coordinates": [ [ -123.1093878, 49.270988 ], [ -123.109388, 49.2709395 ], [ -123.1094085, 49.2704333 ], [ -123.10941, 49.2704044 ], [ -123.109411, 49.2703616 ] ] } },
{ "type": "Feature", "properties": { "lts_score": 1, "facility_type": "mixed", "highway": "residential", "name": null }, "geometry": { "type": "LineString", "coordinates": [ [ -123.109369, 49.2715464 ], [ -123.1093439, 49.2715475 ], [ -123.1093205, 49.2715537 ], [ -123.1093013, 49.2715643 ], [ -123.1092882, 49.2715784 ], [ -123.1092825, 49.2715944 ] ] } },
{ "type": "Feature", "properties": { "lts_score": 1, "facility_type": "mixed", "highway": "residential", "name": "Columbia Street" }, "geometry": { "type": "LineString", "coordinates": [ [ -123.109369, 49.2715464 ], [ -123.1093689, 49.2715232 ], [ -123.109388, 49.2710354 ], [ -123.1093878, 49.270988 ] ] } },
{ "type": "Feature", "properties": { "lts_score": 4, "facility_type": "mixed", "highway": "secondary", "name": "West 2nd Avenue" }, "geometry": { "type": "LineString", "coordinates": [ [ -123.1053665, 49.2692505 ], [ -123.1052267, 49.2692083 ], [ -123.1048226, 49.2691967 ], [ -123.1047807, 49.2691957 ], [ -123.104656, 49.2691927 ] ] } },
{ "type": "Feature", "properties": { "lts_score": 4, "facility_type": "mixed", "highway": "secondary", "name": "West 2nd Avenue" }, "geometry": { "type": "LineString", "coordinates": [ [ -123.1053665, 49.2692505 ], [ -123.1058642, 49.2692632 ], [ -123.1064302, 49.2692777 ], [ -123.10647, 49.2692787 ], [ -123.106576, 49.2692809 ] ] } },
{ "type": "Feature", "properties": { "lts_score": 3, "facility_type": "mixed", "highway": "residential", "name": "East 3rd Avenue" }, "geometry": { "type": "LineString", "coordinates": [ [ -123.1046893, 49.268292 ], [ -123.104568, 49.2682898 ], [ -123.1045511, 49.2682895 ], [ -123.1044405, 49.2682875 ], [ -123.1039949, 49.2682792 ], [ -123.1032234, 49.2682649 ], [ -123.1030249, 49.2682612 ], [ -123.1028989, 49.2682589 ], [ -123.1028677, 49.2682583 ], [ -123.1027497, 49.2682556 ] ] } },
{ "type": "Feature", "properties": { "lts_score": 1, "facility_type": "mixed", "highway": "residential", "name": "West 3rd Avenue" }, "geometry": { "type": "LineString", "coordinates": [ [ -123.1046893, 49.268292 ], [ -123.1047935, 49.268294 ], [ -123.1048346, 49.2682946 ], [ -123.1050001, 49.2682974 ], [ -123.1057409, 49.2683101 ], [ -123.1059287, 49.2683133 ], [ -123.1065027, 49.2683231 ], [ -123.1066169, 49.2683255 ] ] } },
{ "type": "Feature", "properties": { "lts_score": 1, "facility_type": "mixed", "highway": "residential", "name": "Ontario Street" }, "geometry": { "type": "LineString", "coordinates": [ [ -123.1046893, 49.268292 ], [ -123.1046914, 49.2682217 ], [ -123.1047059, 49.2678413 ], [ -123.1047195, 49.2674559 ], [ -123.1047222, 49.2673824 ] ] } },
{ "type": "Feature", "properties": { "lts_score": 1, "facility_type": "mixed", "highway": "residential", "name": "Ontario Street" }, "geometry": { "type": "LineString", "coordinates": [ [ -123.1046893, 49.268292 ], [ -123.1046861, 49.2683789 ], [ -123.104673, 49.2687428 ], [ -123.10466, 49.2690873 ], [ -123.1046589, 49.2691146 ], [ -123.104656, 49.2691927 ] ] } },
{ "type": "Feature", "properties": { "lts_score": 1, "facility_type": "mixed", "highway": "residential", "name": "West 3rd Avenue" }, "geometry": { "type": "LineString", "coordinates": [ [ -123.1066169, 49.2683255 ], [ -123.1067376, 49.2683281 ], [ -123.1078622, 49.2683548 ], [ -123.1083892, 49.2683623 ], [ -123.1091781, 49.2683736 ], [ -123.1093006, 49.2683753 ], [ -123.1093411, 49.2683759 ], [ -123.109433, 49.2683789 ] ] } },
{ "type": "Feature", "properties": { "lts_score": 1, "facility_type": "mixed", "highway": "residential", "name": "West 3rd Avenue" }, "geometry": { "type": "LineString", "coordinates": [ [ -123.1066169, 49.2683255 ], [ -123.1065027, 49.2683231 ], [ -123.1059287, 49.2683133 ], [ -123.1057409, 49.2683101 ], [ -123.1050001, 49.2682974 ], [ -123.1048346, 49.2682946 ], [ -123.1047935, 49.268294 ], [ -123.1046893, 49.268292 ] ] } },
{ "type": "Feature", "properties": { "lts_score": 1, "facility_type": "mixed", "highway": "residential", "name": "Manitoba Street" }, "geometry": { "type": "LineString", "coordinates": [ [ -123.1066169, 49.2683255 ], [ -123.1066203, 49.2682504 ], [ -123.1066205, 49.2682308 ], [ -123.1066291, 49.2678763 ], [ -123.1066347, 49.2677376 ], [ -123.1066437, 49.2675178 ], [ -123.1066444, 49.2675016 ], [ -123.1066479, 49.2674222 ] ] } },
{ "type": "Feature", "properties": { "lts_score": 1, "facility_type": "mixed", "highway": "residential", "name": "Manitoba Street" }, "geometry": { "type": "LineString", "coordinates": [ [ -123.1066169, 49.2683255 ], [ -123.1066132, 49.2684064 ], [ -123.1066124, 49.2684194 ], [ -123.1065959, 49.2687846 ], [ -123.1065839, 49.2691395 ], [ -123.106583, 49.2691673 ], [ -123.106576, 49.2692809 ] ] } },
{ "type": "Feature", "properties": { "lts_score": 3, "facility_type": "mixed", "highway": "residential", "name": "East 3rd Avenue" }, "geometry": { "type": "LineString", "coordinates": [ [ -123.1027497, 49.2682556 ], [ -123.1028677, 49.2682583 ], [ -123.1028989, 49.2682589 ], [ -123.1030249, 49.2682612 ], [ -123.1032234, 49.2682649 ], [ -123.1039949, 49.2682792 ], [ -123.1044405, 49.2682875 ], [ -123.1045511, 49.2682895 ], [ -123.104568, 49.2682898 ], [ -123.1046893, 49.268292 ] ] } },
{ "type": "Feature", "properties": { "lts_score": 3, "facility_type": "mixed", "highway": "residential", "name": "East 3rd Avenue" }, "geometry": { "type": "LineString", "coordinates": [ [ -123.1027497, 49.2682556 ], [ -123.1026168, 49.2682536 ], [ -123.1025839, 49.268253 ], [ -123.1015391, 49.2682334 ] ] } },
{ "type": "Feature", "properties": { "lts_score": 3, "facility_type": "mixed", "highway": "unclassified", "name": "Quebec Street" }, "geometry": { "type": "LineString", "coordinates": [ [ -123.1027497, 49.2682556 ], [ -123.1027404, 49.2683395 ], [ -123.1027257, 49.2686424 ], [ -123.1027159, 49.2687135 ], [ -123.1026878, 49.2688413 ], [ -123.1026736, 49.2690356 ], [ -123.102669, 49.2690753 ], [ -123.102663, 49.2692031 ] ] } },
{ "type": "Feature", "properties": { "lts_score": 2, "facility_type": "mixed", "highway": "unclassified", "name": "Quebec Street" }, "geometry": { "type": "LineString", "coordinates": [ [ -123.1027497, 49.2682556 ], [ -123.1027533, 49.2681823 ], [ -123.1027749, 49.2678061 ], [ -123.1027878, 49.2674234 ], [ -123.1027909, 49.267356 ] ] } },
{ "type": "Feature", "properties": { "lts_score": 1, "facility_type": "mixed", "highway": "residential", "name": "Walter Hardwick Avenue" }, "geometry": { "type": "LineString", "coordinates": [ [ -123.1066698, 49.2709373 ], [ -123.1067534, 49.2709388 ], [ -123.1071423, 49.2709458 ], [ -123.1075443, 49.2709531 ], [ -123.10795, 49.2709607 ], [ -123.1086721, 49.2709744 ], [ -123.1088648, 49.270978 ], [ -123.1092678, 49.2709857 ], [ -123.1093043, 49.2709864 ], [ -123.1093878, 49.270988 ] ] } },
{ "type": "Feature", "properties": { "lts_score": 1, "facility_type": "mixed", "highway": "residential", "name": "Walter Hardwick Avenue" }, "geometry": { "type": "LineString", "coordinates": [ [ -123.1066698, 49.2709373 ], [ -123.1065891, 49.2709359 ], [ -123.1061743, 49.2709276 ], [ -123.1061521, 49.2709268 ], [ -123.1060952, 49.2709263 ] ] } },
{ "type": "Feature", "properties": { "lts_score": 1, "facility_type": "mixed", "highway": "residential", "name": "Manitoba Street" }, "geometry": { "type": "LineString", "coordinates": [ [ -123.1066698, 49.2709373 ], [ -123.1066659, 49.2709833 ], [ -123.1066647, 49.2710174 ], [ -123.1066451, 49.2714705 ], [ -123.1066433, 49.2714926 ], [ -123.1066397, 49.2715465 ] ] } },
{ "type": "Feature", "properties": { "lts_score": 1, "facility_type": "mixed", "highway": "residential", "name": "Manitoba Street" }, "geometry": { "type": "LineString", "coordinates": [ [ -123.1066698, 49.2709373 ], [ -123.1066744, 49.2708949 ], [ -123.1066751, 49.2708687 ], [ -123.1066826, 49.2703833 ], [ -123.1066827, 49.2703544 ], [ -123.1066692, 49.2702976 ] ] } },
{ "type": "Feature", "properties": { "lts_score": 1, "facility_type": "mixed", "highway": "residential", "name": "Athletes Way" }, "geometry": { "type": "LineString", "coordinates": [ [ -123.1066397, 49.2715465 ], [ -123.1067423, 49.2715476 ], [ -123.107928, 49.2715707 ], [ -123.1085376, 49.2715814 ], [ -123.1092548, 49.2715941 ], [ -123.1092825, 49.2715944 ] ] } },
{ "type": "Feature", "properties": { "lts_score": 1, "facility_type": "mixed", "highway": "residential", "name": "Manitoba Street" }, "geometry": { "type": "LineString", "coordinates": [ [ -123.1066397, 49.2715465 ], [ -123.1066433, 49.2714926 ], [ -123.1066451, 49.2714705 ], [ -123.1066647, 49.2710174 ], [ -123.1066659, 49.2709833 ], [ -123.1066698, 49.2709373 ] ] } },
{ "type": "Feature", "properties": { "lts_score": 1, "facility_type": "mixed", "highway": "residential", "name": "Athletes Way" }, "geometry": { "type": "LineString", "coordinates": [ [ -123.1066397, 49.2715465 ], [ -123.1065409, 49.2715455 ], [ -123.1061195, 49.2715393 ], [ -123.1060706, 49.2715382 ] ] } },
{ "type": "Feature", "properties": { "lts_score": 1, "facility_type": "mixed", "highway": "residential", "name": "Salt Street" }, "geometry": { "type": "LineString", "coordinates": [ [ -123.1060952, 49.2709263 ], [ -123.1060952, 49.2708945 ], [ -123.1061109, 49.2703619 ], [ -123.1061117, 49.2703386 ], [ -123.1061134, 49.2702887 ] ] } },
{ "type": "Feature", "properties": { "lts_score": 1, "facility_type": "mixed", "highway": "residential", "name": "Walter Hardwick Avenue" }, "geometry": { "type": "LineString", "coordinates": [ [ -123.1060952, 49.2709263 ], [ -123.1061521, 49.2709268 ], [ -123.1061743, 49.2709276 ], [ -123.1065891, 49.2709359 ], [ -123.1066698, 49.2709373 ] ] } },
{ "type": "Feature", "properties": { "lts_score": 1, "facility_type": "mixed", "highway": "residential", "name": "Walter Hardwick Avenue" }, "geometry": { "type": "LineString", "coordinates": [ [ -123.1060952, 49.2709263 ], [ -123.1060341, 49.2709258 ], [ -123.106002, 49.2709259 ], [ -123.1051334, 49.2709084 ], [ -123.1047513, 49.2709011 ], [ -123.1046916, 49.2709013 ], [ -123.104595, 49.2708987 ] ] } },
{ "type": "Feature", "properties": { "lts_score": 3, "facility_type": "mixed", "highway": "residential", "name": "Ontario Street" }, "geometry": { "type": "LineString", "coordinates": [ [ -123.104595, 49.2708987 ], [ -123.1046116, 49.270532 ], [ -123.1046269, 49.2703425 ], [ -123.104629, 49.2703138 ], [ -123.1046338, 49.2702796 ], [ -123.1046426, 49.2702178 ] ] } },
{ "type": "Feature", "properties": { "lts_score": 1, "facility_type": "mixed", "highway": "residential", "name": "Walter Hardwick Avenue" }, "geometry": { "type": "LineString", "coordinates": [ [ -123.104595, 49.2708987 ], [ -123.1046916, 49.2709013 ], [ -123.1047513, 49.2709011 ], [ -123.1051334, 49.2709084 ], [ -123.106002, 49.2709259 ], [ -123.1060341, 49.2709258 ], [ -123.1060952, 49.2709263 ] ] } },
{ "type": "Feature", "properties": { "lts_score": 1, "facility_type": "mixed", "highway": "residential", "name": "Ontario Street" }, "geometry": { "type": "LineString", "coordinates": [ [ -123.104595, 49.2708987 ], [ -123.1045794, 49.2714348 ], [ -123.1045799, 49.2714639 ] ] } },
{ "type": "Feature", "properties": { "lts_score": 1, "facility_type": "mixed", "highway": "residential", "name": "Salt Street" }, "geometry": { "type": "LineString", "coordinates": [ [ -123.1060706, 49.2715382 ], [ -123.106072, 49.2714993 ], [ -123.1060949, 49.2709626 ], [ -123.1060952, 49.2709263 ] ] } },
{ "type": "Feature", "properties": { "lts_score": 1, "facility_type": "mixed", "highway": "residential", "name": "Athletes Way" }, "geometry": { "type": "LineString", "coordinates": [ [ -123.1060706, 49.2715382 ], [ -123.1060033, 49.271537 ], [ -123.105843, 49.2715332 ], [ -123.1046902, 49.2715118 ], [ -123.104654, 49.2715112 ] ] } },
{ "type": "Feature", "properties": { "lts_score": 1, "facility_type": "mixed", "highway": "residential", "name": "Athletes Way" }, "geometry": { "type": "LineString", "coordinates": [ [ -123.1060706, 49.2715382 ], [ -123.1061195, 49.2715393 ], [ -123.1065409, 49.2715455 ], [ -123.1066397, 49.2715465 ] ] } },
{ "type": "Feature", "properties": { "lts_score": 3, "facility_type": "mixed", "highway": "residential", "name": "East 3rd Avenue" }, "geometry": { "type": "LineString", "coordinates": [ [ -123.1015391, 49.2682334 ], [ -123.1025839, 49.268253 ], [ -123.1026168, 49.2682536 ], [ -123.1027497, 49.2682556 ] ] } },
{ "type": "Feature", "properties": { "lts_score": 3, "facility_type": "mixed", "highway": "residential", "name": [ "Lorne Street", "East 3rd Avenue" ] }, "geometry": { "type": "LineString", "coordinates": [ [ -123.1007582, 49.2682199 ], [ -123.1005644, 49.2682165 ], [ -123.1005321, 49.268216 ], [ -123.1001962, 49.2682102 ], [ -123.0998201, 49.2684857 ], [ -123.0998026, 49.2685005 ], [ -123.0997273, 49.2685593 ] ] } },
{ "type": "Feature", "properties": { "lts_score": 4, "facility_type": "mixed", "highway": "primary", "name": "Main Street" }, "geometry": { "type": "LineString", "coordinates": [ [ -123.1007582, 49.2682199 ], [ -123.1007889, 49.2673837 ], [ -123.1007912, 49.26732 ] ] } },
{ "type": "Feature", "properties": { "lts_score": 4, "facility_type": "mixed", "highway": "primary", "name": "Main Street" }, "geometry": { "type": "LineString", "coordinates": [ [ -123.1007582, 49.2682199 ], [ -123.1006742, 49.268291 ], [ -123.1006562, 49.2686056 ], [ -123.100642, 49.2688525 ], [ -123.1006417, 49.2688701 ], [ -123.10064, 49.2688998 ], [ -123.1006391, 49.2689137 ], [ -123.100633, 49.2689859 ] ] } },
{ "type": "Feature", "properties": { "lts_score": 3, "facility_type": "mixed", "highway": "tertiary", "name": "East 12th Avenue" }, "geometry": { "type": "LineString", "coordinates": [ [ -123.0964513, 49.2598537 ], [ -123.0967196, 49.2599046 ] ] } },
{ "type": "Feature", "properties": { "lts_score": 3, "facility_type": "mixed", "highway": "tertiary", "name": "East 12th Avenue" }, "geometry": { "type": "LineString", "coordinates": [ [ -123.0964513, 49.2598537 ], [ -123.0962409, 49.2598194 ], [ -123.0961903, 49.25981 ], [ -123.0960025, 49.2597884 ], [ -123.0956553, 49.2597759 ], [ -123.0949742, 49.2597631 ] ] } },
{ "type": "Feature", "properties": { "lts_score": 4, "facility_type": "mixed", "highway": "primary", "name": "Kingsway" }, "geometry": { "type": "LineString", "coordinates": [ [ -123.0964513, 49.2598537 ], [ -123.0965612, 49.2599548 ], [ -123.0967031, 49.260096 ], [ -123.0969642, 49.260366 ], [ -123.0976042, 49.2609809 ], [ -123.0976573, 49.2610208 ], [ -123.09772, 49.2610533 ], [ -123.0977988, 49.261084 ] ] } },
{ "type": "Feature", "properties": { "lts_score": 4, "facility_type": "mixed", "highway": "primary", "name": "Kingsway" }, "geometry": { "type": "LineString", "coordinates": [ [ -123.0950933, 49.2589789 ], [ -123.0957452, 49.2593579 ], [ -123.0960418, 49.2595372 ], [ -123.0962504, 49.2596921 ], [ -123.0964513, 49.2598537 ] ] } },
{ "type": "Feature", "properties": { "lts_score": 1, "facility_type": "mixed", "highway": "residential", "name": "Guelph Street" }, "geometry": { "type": "LineString", "coordinates": [ [ -123.0950933, 49.2589789 ], [ -123.0950273, 49.2590415 ], [ -123.0950046, 49.2590856 ], [ -123.0949987, 49.2591329 ], [ -123.094984, 49.2593146 ], [ -123.0949756, 49.2596725 ], [ -123.0949752, 49.2597 ], [ -123.0949742, 49.2597631 ] ] } },
{ "type": "Feature", "properties": { "lts_score": 1, "facility_type": "mixed", "highway": "residential", "name": "Carolina Street" }, "geometry": { "type": "LineString", "coordinates": [ [ -123.091766, 49.257469 ], [ -123.0917972, 49.2573796 ] ] } },
{ "type": "Feature", "properties": { "lts_score": 4, "facility_type": "mixed", "highway": "primary", "name": "Kingsway" }, "geometry": { "type": "LineString", "coordinates": [ [ -123.091766, 49.257469 ], [ -123.0922716, 49.2575538 ], [ -123.0924591, 49.2575975 ], [ -123.0927856, 49.257702 ], [ -123.0929627, 49.2577728 ], [ -123.0930011, 49.2577903 ], [ -123.0931646, 49.2578757 ] ] } },
{ "type": "Feature", "properties": { "lts_score": 4, "facility_type": "mixed", "highway": "primary", "name": "Kingsway" }, "geometry": { "type": "LineString", "coordinates": [ [ -123.0907911, 49.2572151 ], [ -123.0909809, 49.257288 ], [ -123.0911771, 49.2573481 ], [ -123.0914609, 49.2574181 ], [ -123.091766, 49.257469 ] ] } },
{ "type": "Feature", "properties": { "lts_score": 1, "facility_type": "mixed", "highway": "residential", "name": "East 8th Avenue" }, "geometry": { "type": "LineString", "coordinates": [ [ -123.1001073, 49.2636341 ], [ -123.1002229, 49.263589 ] ] } },
{ "type": "Feature", "properties": { "lts_score": 4, "facility_type": "mixed", "highway": "primary", "name": "Kingsway" }, "geometry": { "type": "LineString", "coordinates": [ [ -123.1001073, 49.2636341 ], [ -123.1001879, 49.2637199 ], [ -123.1004134, 49.2639846 ], [ -123.1005152, 49.2640981 ], [ -123.1005392, 49.2641275 ], [ -123.1005592, 49.2641516 ] ] } },
{ "type": "Feature", "properties": { "lts_score": 1, "facility_type": "mixed", "highway": "residential", "name": "East 8th Avenue" }, "geometry": { "type": "LineString", "coordinates": [ [ -123.1001073, 49.2636341 ], [ -123.1000098, 49.2636742 ], [ -123.1, 49.2636774 ], [ -123.099979, 49.2636816 ], [ -123.099556, 49.2636697 ], [ -123.0993888, 49.263669 ], [ -123.0990976, 49.2636632 ], [ -123.0990679, 49.2636626 ], [ -123.0989384, 49.2636602 ] ] } },
{ "type": "Feature", "properties": { "lts_score": 1, "facility_type": "mixed", "highway": "residential", "name": "East 11th Avenue" }, "geometry": { "type": "LineString", "coordinates": [ [ -123.1011465, 49.2611122 ], [ -123.1012338, 49.2611086 ], [ -123.1012901, 49.2611111 ], [ -123.1017185, 49.2611197 ], [ -123.1018343, 49.261121 ], [ -123.1020289, 49.2611245 ], [ -123.1021546, 49.2611269 ], [ -123.1027667, 49.2611382 ], [ -123.1028992, 49.2611407 ], [ -123.102957, 49.2611414 ], [ -123.10305, 49.2611423 ] ] } },
{ "type": "Feature", "properties": { "lts_score": 4, "facility_type": "mixed", "highway": "secondary", "name": "Main Street" }, "geometry": { "type": "LineString", "coordinates": [ [ -123.1011465, 49.2611122 ], [ -123.1011553, 49.2608302 ], [ -123.1011715, 49.2603285 ], [ -123.101173, 49.2603005 ], [ -123.1011762, 49.2602035 ] ] } },
{ "type": "Feature", "properties": { "lts_score": 3, "facility_type": "mixed", "highway": "tertiary", "name": "East 12th Avenue" }, "geometry": { "type": "LineString", "coordinates": [ [ -123.1011762, 49.2602035 ], [ -123.1009978, 49.2602007 ] ] } },
{ "type": "Feature", "properties": { "lts_score": 4, "facility_type": "mixed", "highway": "tertiary", "name": "East 12th Avenue" }, "geometry": { "type": "LineString", "coordinates": [ [ -123.1011762, 49.2602035 ], [ -123.101285, 49.2602048 ], [ -123.1013197, 49.2602055 ], [ -123.1016718, 49.2602129 ], [ -123.1018541, 49.2602166 ], [ -123.1021295, 49.2602214 ], [ -123.1029554, 49.2602359 ], [ -123.1029814, 49.2602364 ], [ -123.1030893, 49.2602389 ] ] } },
{ "type": "Feature", "properties": { "lts_score": 4, "facility_type": "mixed", "highway": "secondary", "name": "Main Street" }, "geometry": { "type": "LineString", "coordinates": [ [ -123.1011762, 49.2602035 ], [ -123.1011805, 49.2601067 ], [ -123.101211, 49.2593976 ], [ -123.1011324, 49.2593106 ] ] } },
{ "type": "Feature", "properties": { "lts_score": 4, "facility_type": "mixed", "highway": "secondary", "name": "Main Street" }, "geometry": { "type": "LineString", "coordinates": [ [ -123.1010182, 49.2637014 ], [ -123.1010433, 49.2630442 ], [ -123.1010446, 49.2630238 ], [ -123.1009723, 49.2629109 ] ] } },
{ "type": "Feature", "properties": { "lts_score": 1, "facility_type": "mixed", "highway": "residential", "name": "East 8th Avenue" }, "geometry": { "type": "LineString", "coordinates": [ [ -123.1010182, 49.2637014 ], [ -123.101122, 49.2637029 ], [ -123.1011751, 49.2637039 ], [ -123.10156, 49.2637108 ], [ -123.1017368, 49.263714 ], [ -123.1020758, 49.2637201 ], [ -123.1026519, 49.2637304 ], [ -123.1027871, 49.2637328 ], [ -123.1028441, 49.2637339 ], [ -123.1029396, 49.2637356 ] ] } },
{ "type": "Feature", "properties": { "lts_score": 4, "facility_type": "mixed", "highway": "primary", "name": "Main Street" }, "geometry": { "type": "LineString", "coordinates": [ [ -123.1008758, 49.2648351 ], [ -123.1009547, 49.2647651 ], [ -123.1009604, 49.264713 ], [ -123.100965, 49.2646135 ] ] } },
{ "type": "Feature", "properties": { "lts_score": 4, "facility_type": "mixed", "highway": "primary", "name": "Main Street" }, "geometry": { "type": "LineString", "coordinates": [ [ -123.1008758, 49.2648351 ], [ -123.1008564, 49.2654476 ], [ -123.1008544, 49.265512 ] ] } },
{ "type": "Feature", "properties": { "lts_score": 4, "facility_type": "mixed", "highway": "primary", "name": "Kingsway" }, "geometry": { "type": "LineString", "coordinates": [ [ -123.0898924, 49.2567448 ], [ -123.0897918, 49.256638 ] ] } },
{ "type": "Feature", "properties": { "lts_score": 4, "facility_type": "mixed", "highway": "primary", "name": "Kingsway" }, "geometry": { "type": "LineString", "coordinates": [ [ -123.0898924, 49.2567448 ], [ -123.0899473, 49.2567676 ], [ -123.0899857, 49.2567856 ], [ -123.0900119, 49.2567981 ], [ -123.0904385, 49.2569994 ] ] } },
{ "type": "Feature", "properties": { "lts_score": 4, "facility_type": "mixed", "highway": "tertiary", "name": "Fraser Street" }, "geometry": { "type": "LineString", "coordinates": [ [ -123.0895245, 49.2571636 ], [ -123.0896609, 49.2570169 ], [ -123.0897932, 49.2568717 ], [ -123.0898071, 49.2568577 ], [ -123.089863, 49.2567848 ], [ -123.0898924, 49.2567448 ] ] } },
{ "type": "Feature", "properties": { "lts_score": 3, "facility_type": "mixed", "highway": "residential", "name": "East 15th Avenue" }, "geometry": { "type": "LineString", "coordinates": [ [ -123.0895245, 49.2571636 ], [ -123.0896512, 49.2571713 ], [ -123.0905533, 49.2572213 ], [ -123.0905824, 49.2572227 ], [ -123.090638, 49.2572265 ], [ -123.0907911, 49.2572151 ] ] } },
{ "type": "Feature", "properties": { "lts_score": 3, "facility_type": "mixed", "highway": "tertiary", "name": "Fraser Street" }, "geometry": { "type": "LineString", "coordinates": [ [ -123.0892249, 49.257382 ], [ -123.0892475, 49.2574683 ] ] } },
{ "type": "Feature", "properties": { "lts_score": 1, "facility_type": "mixed", "highway": "residential", "name": "Manitoba Street" }, "geometry": { "type": "LineString", "coordinates": [ [ -123.1068673, 49.2625694 ], [ -123.106846, 49.2629253 ], [ -123.1068443, 49.2629505 ], [ -123.1068375, 49.2630528 ] ] } },
{ "type": "Feature", "properties": { "lts_score": 1, "facility_type": "mixed", "highway": "residential", "name": "Columbia Street" }, "geometry": { "type": "LineString", "coordinates": [ [ -123.1094865, 49.2626335 ], [ -123.1094725, 49.2629945 ], [ -123.1094723, 49.2630067 ], [ -123.109468, 49.2631221 ] ] } },
{ "type": "Feature", "properties": { "lts_score": 4, "facility_type": "mixed", "highway": "secondary", "name": "West 2nd Avenue" }, "geometry": { "type": "LineString", "coordinates": [ [ -123.1143753, 49.2667986 ], [ -123.1137596, 49.2671003 ], [ -123.1131439, 49.267402 ], [ -123.1131162, 49.2674157 ] ] } },
{ "type": "Feature", "properties": { "lts_score": 3, "facility_type": "mixed", "highway": "secondary_link", "name": null }, "geometry": { "type": "LineString", "coordinates": [ [ -123.1142216, 49.2670125 ], [ -123.1143119, 49.2670153 ], [ -123.1144045, 49.2670018 ], [ -123.1144718, 49.2669977 ], [ -123.1145116, 49.2670106 ], [ -123.1145513, 49.2670235 ], [ -123.1146657, 49.2670782 ] ] } },
{ "type": "Feature", "properties": { "lts_score": 3, "facility_type": "mixed", "highway": "secondary", "name": "West 2nd Avenue" }, "geometry": { "type": "LineString", "coordinates": [ [ -123.1142216, 49.2670125 ], [ -123.1144255, 49.2669039 ], [ -123.114485, 49.266876 ], [ -123.114551, 49.2668432 ], [ -123.1146563, 49.2667926 ] ] } },
{ "type": "Feature", "properties": { "lts_score": 1, "facility_type": "mixed", "highway": "residential", "name": "Wylie Street" }, "geometry": { "type": "LineString", "coordinates": [ [ -123.1139982, 49.2683247 ], [ -123.1139172, 49.2682541 ] ] } },
{ "type": "Feature", "properties": { "lts_score": 1, "facility_type": "mixed", "highway": "residential", "name": "Crowe Street" }, "geometry": { "type": "LineString", "coordinates": [ [ -123.1124642, 49.269092 ], [ -123.112371, 49.2690124 ] ] } },
{ "type": "Feature", "properties": { "lts_score": 1, "facility_type": "bike_lane", "highway": "residential", "name": "West 1st Avenue" }, "geometry": { "type": "LineString", "coordinates": [ [ -123.1124642, 49.269092 ], [ -123.1125519, 49.269048 ], [ -123.1138922, 49.2683777 ], [ -123.1139982, 49.2683247 ] ] } },
{ "type": "Feature", "properties": { "lts_score": 1, "facility_type": "mixed", "highway": "residential", "name": "Cook Street" }, "geometry": { "type": "LineString", "coordinates": [ [ -123.11083, 49.2698697 ], [ -123.1107313, 49.2697824 ] ] } },
{ "type": "Feature", "properties": { "lts_score": 1, "facility_type": "bike_lane", "highway": "residential", "name": "West 1st Avenue" }, "geometry": { "type": "LineString", "coordinates": [ [ -123.11083, 49.2698697 ], [ -123.1109191, 49.2698259 ], [ -123.1110043, 49.2697841 ], [ -123.1111301, 49.2697283 ], [ -123.1113591, 49.2696318 ], [ -123.1123683, 49.2691391 ], [ -123.1124642, 49.269092 ] ] } },
{ "type": "Feature", "properties": { "lts_score": 1, "facility_type": "bike_lane", "highway": "residential", "name": "West 1st Avenue" }, "geometry": { "type": "LineString", "coordinates": [ [ -123.1061134, 49.2702887 ], [ -123.1065258, 49.2702949 ], [ -123.1065698, 49.2702949 ], [ -123.1066692, 49.2702976 ] ] } },
{ "type": "Feature", "properties": { "lts_score": 1, "facility_type": "mixed", "highway": "residential", "name": "West 10th Avenue" }, "geometry": { "type": "LineString", "coordinates": [ [ -123.1136316, 49.2622336 ], [ -123.1131164, 49.262224 ], [ -123.1130722, 49.2622249 ], [ -123.1129604, 49.2622222 ] ] } },
{ "type": "Feature", "properties": { "lts_score": 1, "facility_type": "mixed", "highway": "residential", "name": "Ontario Street" }, "geometry": { "type": "LineString", "coordinates": [ [ -123.104976, 49.2614579 ], [ -123.1049709, 49.2615904 ], [ -123.1049543, 49.2620224 ], [ -123.1049535, 49.2620437 ] ] } },
{ "type": "Feature", "properties": { "lts_score": 1, "facility_type": "mixed", "highway": "residential", "name": "Wylie Street" }, "geometry": { "type": "LineString", "coordinates": [ [ -123.1131162, 49.2674157 ], [ -123.1130941, 49.2675342 ], [ -123.1130874, 49.2675693 ] ] } },
{ "type": "Feature", "properties": { "lts_score": 4, "facility_type": "mixed", "highway": "secondary", "name": "West 2nd Avenue" }, "geometry": { "type": "LineString", "coordinates": [ [ -123.1131162, 49.2674157 ], [ -123.112987, 49.2674797 ], [ -123.112856, 49.2675454 ] ] } },
{ "type": "Feature", "properties": { "lts_score": 3, "facility_type": "mixed", "highway": "secondary", "name": "West 2nd Avenue" }, "geometry": { "type": "LineString", "coordinates": [ [ -123.112827, 49.2676285 ], [ -123.112856, 49.2675454 ] ] } },
{ "type": "Feature", "properties": { "lts_score": 4, "facility_type": "mixed", "highway": "secondary", "name": "West 2nd Avenue" }, "geometry": { "type": "LineString", "coordinates": [ [ -123.112827, 49.2676285 ], [ -123.1129585, 49.2676335 ], [ -123.1130874, 49.2675693 ] ] } },
{ "type": "Feature", "properties": { "lts_score": 4, "facility_type": "mixed", "highway": "secondary", "name": "West 2nd Avenue" }, "geometry": { "type": "LineString", "coordinates": [ [ -123.112827, 49.2676285 ], [ -123.1127997, 49.2676425 ], [ -123.1126689, 49.2677073 ] ] } },
{ "type": "Feature", "properties": { "lts_score": 1, "facility_type": "mixed", "highway": "residential", "name": "Yukon Street" }, "geometry": { "type": "LineString", "coordinates": [ [ -123.1130281, 49.2601628 ], [ -123.1130334, 49.2599144 ], [ -123.1130343, 49.259884 ], [ -123.1130499, 49.2594904 ], [ -123.1130526, 49.259424 ] ] } },
{ "type": "Feature", "properties": { "lts_score": 1, "facility_type": "mixed", "highway": "residential", "name": "Quebec Street" }, "geometry": { "type": "LineString", "coordinates": [ [ -123.1029901, 49.262509 ], [ -123.1030056, 49.2621415 ], [ -123.1030065, 49.2621188 ], [ -123.1030094, 49.2620502 ] ] } },
{ "type": "Feature", "properties": { "lts_score": 1, "facility_type": "mixed", "highway": "residential", "name": "Ontario Street" }, "geometry": { "type": "LineString", "coordinates": [ [ -123.1049249, 49.2625443 ], [ -123.1049493, 49.2621528 ], [ -123.1049503, 49.2621251 ] ] } },
{ "type": "Feature", "properties": { "lts_score": 2, "facility_type": "mixed", "highway": "unclassified", "name": "Quebec Street" }, "geometry": { "type": "LineString", "coordinates": [ [ -123.1029574, 49.2633124 ], [ -123.1029423, 49.263674 ], [ -123.1029396, 49.2637356 ] ] } },
{ "type": "Feature", "properties": { "lts_score": 3, "facility_type": "mixed", "highway": "primary_link", "name": null }, "geometry": { "type": "LineString", "coordinates": [ [ -123.1005592, 49.2641516 ], [ -123.100638, 49.2641885 ], [ -123.100818, 49.2644112 ] ] } },
{ "type": "Feature", "properties": { "lts_score": 3, "facility_type": "mixed", "highway": "primary", "name": "Kingsway" }, "geometry": { "type": "LineString", "coordinates": [ [ -123.1005592, 49.2641516 ], [ -123.1005814, 49.2642098 ], [ -123.1007204, 49.2643909 ], [ -123.1007693, 49.2644672 ], [ -123.100807, 49.2645992 ] ] } },
{ "type": "Feature", "properties": { "lts_score": 3, "facility_type": "mixed", "highway": "secondary", "name": "Great Northern Way" }, "geometry": { "type": "LineString", "coordinates": [ [ -123.0951443, 49.2668108 ], [ -123.0955728, 49.2668142 ], [ -123.0958452, 49.2668309 ], [ -123.0960327, 49.2668522 ], [ -123.0960723, 49.2668575 ], [ -123.0961777, 49.2668748 ] ] } },
{ "type": "Feature", "properties": { "lts_score": 4, "facility_type": "mixed", "highway": "secondary", "name": "Great Northern Way" }, "geometry": { "type": "LineString", "coordinates": [ [ -123.0951443, 49.2668108 ], [ -123.091645, 49.2667879 ], [ -123.0910873, 49.2667843 ], [ -123.0910556, 49.2667841 ], [ -123.0908337, 49.2667823 ] ] } },
{ "type": "Feature", "properties": { "lts_score": 4, "facility_type": "mixed", "highway": "secondary", "name": "Main Street" }, "geometry": { "type": "LineString", "coordinates": [ [ -123.1008229, 49.2642888 ], [ -123.100818, 49.2644112 ] ] } },
{ "type": "Feature", "properties": { "lts_score": 3, "facility_type": "mixed", "highway": "primary", "name": "Kingsway" }, "geometry": { "type": "LineString", "coordinates": [ [ -123.1008229, 49.2642888 ], [ -123.100669, 49.2641136 ], [ -123.1006446, 49.2640863 ], [ -123.1002982, 49.2636775 ], [ -123.1002229, 49.263589 ] ] } },
{ "type": "Feature", "properties": { "lts_score": 3, "facility_type": "mixed", "highway": "primary_link", "name": null }, "geometry": { "type": "LineString", "coordinates": [ [ -123.100818, 49.2644112 ], [ -123.100965, 49.2646135 ] ] } },
{ "type": "Feature", "properties": { "lts_score": 4, "facility_type": "bike_lane", "highway": "secondary", "name": "Main Street" }, "geometry": { "type": "LineString", "coordinates": [ [ -123.100818, 49.2644112 ], [ -123.100807, 49.2645992 ] ] } },
{ "type": "Feature", "properties": { "lts_score": 2, "facility_type": "mixed", "highway": "tertiary", "name": "Yukon Street" }, "geometry": { "type": "LineString", "coordinates": [ [ -123.1129324, 49.2626841 ], [ -123.112955, 49.2623165 ], [ -123.1129566, 49.2622888 ], [ -123.1129604, 49.2622222 ] ] } },
{ "type": "Feature", "properties": { "lts_score": 1, "facility_type": "mixed", "highway": "residential", "name": "Prince Edward Street" }, "geometry": { "type": "LineString", "coordinates": [ [ -123.0964007, 49.2583462 ], [ -123.0964061, 49.2582801 ], [ -123.0964338, 49.2579391 ], [ -123.096438, 49.2578906 ], [ -123.0964751, 49.2575219 ], [ -123.096475, 49.2574501 ] ] } },
{ "type": "Feature", "properties": { "lts_score": 1, "facility_type": "mixed", "highway": "residential", "name": "East 14th Avenue" }, "geometry": { "type": "LineString", "coordinates": [ [ -123.0964007, 49.2583462 ], [ -123.0965167, 49.2583481 ], [ -123.0965546, 49.2583489 ], [ -123.0966113, 49.2583497 ], [ -123.0982649, 49.2583726 ], [ -123.0983748, 49.2583744 ] ] } },
{ "type": "Feature", "properties": { "lts_score": 1, "facility_type": "mixed", "highway": "residential", "name": "Prince Edward Street" }, "geometry": { "type": "LineString", "coordinates": [ [ -123.0964007, 49.2583462 ], [ -123.096392, 49.2584191 ], [ -123.0963901, 49.2584425 ], [ -123.0963669, 49.2586991 ], [ -123.0963596, 49.2587957 ], [ -123.0963185, 49.2591872 ], [ -123.0963143, 49.259248 ] ] } },
{ "type": "Feature", "properties": { "lts_score": 1, "facility_type": "mixed", "highway": "residential", "name": "East 8th Avenue" }, "geometry": { "type": "LineString", "coordinates": [ [ -123.0949193, 49.2634756 ], [ -123.0949602, 49.263476 ], [ -123.095025, 49.2634763 ], [ -123.0953336, 49.2634781 ], [ -123.0957391, 49.2634851 ], [ -123.0958011, 49.2634865 ], [ -123.0959128, 49.2634892 ] ] } },
{ "type": "Feature", "properties": { "lts_score": 1, "facility_type": "mixed", "highway": "residential", "name": "Guelph Street" }, "geometry": { "type": "LineString", "coordinates": [ [ -123.0949193, 49.2634756 ], [ -123.0949206, 49.2634105 ], [ -123.0949205, 49.2633781 ], [ -123.0949256, 49.2630862 ], [ -123.0949267, 49.2630255 ], [ -123.0949388, 49.2626402 ], [ -123.0949394, 49.2626331 ], [ -123.0949407, 49.2625227 ] ] } },
{ "type": "Feature", "properties": { "lts_score": 1, "facility_type": "mixed", "highway": "residential", "name": "East 8th Avenue" }, "geometry": { "type": "LineString", "coordinates": [ [ -123.0949193, 49.2634756 ], [ -123.0948194, 49.2634751 ], [ -123.0937478, 49.2634636 ], [ -123.0931365, 49.2634616 ], [ -123.0930896, 49.2634614 ], [ -123.0930163, 49.2634613 ] ] } },
{ "type": "Feature", "properties": { "lts_score": 4, "facility_type": "mixed", "highway": "primary", "name": "Main Street" }, "geometry": { "type": "LineString", "coordinates": [ [ -123.1003587, 49.2715553 ], [ -123.1006009, 49.2711213 ], [ -123.1006754, 49.270944 ] ] } },
{ "type": "Feature", "properties": { "lts_score": 4, "facility_type": "bike_lane", "highway": "secondary", "name": "Quebec Street" }, "geometry": { "type": "LineString", "coordinates": [ [ -123.1019435, 49.2719093 ], [ -123.1019071, 49.2719826 ] ] } },
{ "type": "Feature", "properties": { "lts_score": 3, "facility_type": "mixed", "highway": "residential", "name": "Central Street" }, "geometry": { "type": "LineString", "coordinates": [ [ -123.1019435, 49.2719093 ], [ -123.1017798, 49.2718761 ], [ -123.101727, 49.2718659 ], [ -123.1009183, 49.2716768 ], [ -123.1005074, 49.2715807 ], [ -123.1004694, 49.2715718 ], [ -123.1003587, 49.2715553 ] ] } },
{ "type": "Feature", "properties": { "lts_score": 4, "facility_type": "bike_lane", "highway": "secondary", "name": "Quebec Street" }, "geometry": { "type": "LineString", "coordinates": [ [ -123.1019435, 49.2719093 ], [ -123.1021189, 49.2715737 ], [ -123.1022436, 49.2713423 ], [ -123.1022654, 49.2713044 ], [ -123.1023073, 49.2712296 ] ] } },
{ "type": "Feature", "properties": { "lts_score": 4, "facility_type": "mixed", "highway": "primary", "name": "Main Street" }, "geometry": { "type": "LineString", "coordinates": [ [ -123.1006754, 49.270944 ], [ -123.100711, 49.2708371 ], [ -123.1007317, 49.2707409 ], [ -123.1007457, 49.2706124 ], [ -123.1007561, 49.2704145 ] ] } },
{ "type": "Feature", "properties": { "lts_score": 1, "facility_type": "mixed", "highway": "residential", "name": "Switchmen Street" }, "geometry": { "type": "LineString", "coordinates": [ [ -123.1006754, 49.270944 ], [ -123.1008189, 49.2709683 ], [ -123.1008426, 49.2709725 ], [ -123.10126, 49.2710415 ], [ -123.1020387, 49.2711865 ], [ -123.1020858, 49.2711941 ], [ -123.1021612, 49.2712061 ], [ -123.1023073, 49.2712296 ] ] } },
{ "type": "Feature", "properties": { "lts_score": 1, "facility_type": "mixed", "highway": "residential", "name": "Prince Edward Street" }, "geometry": { "type": "LineString", "coordinates": [ [ -123.0957586, 49.2652856 ], [ -123.0957652, 49.2652257 ], [ -123.0957945, 49.2649651 ], [ -123.0958356, 49.2646006 ], [ -123.0958366, 49.2645906 ], [ -123.0958435, 49.2645232 ] ] } },
{ "type": "Feature", "properties": { "lts_score": 1, "facility_type": "mixed", "highway": "residential", "name": "Prince Edward Street" }, "geometry": { "type": "LineString", "coordinates": [ [ -123.0957586, 49.2652856 ], [ -123.0957513, 49.2653536 ], [ -123.0957447, 49.2654132 ] ] } },
{ "type": "Feature", "properties": { "lts_score": 1, "facility_type": "mixed", "highway": "residential", "name": "East 6th Avenue" }, "geometry": { "type": "LineString", "coordinates": [ [ -123.0957586, 49.2652856 ], [ -123.0956575, 49.2652843 ], [ -123.0956179, 49.2652839 ], [ -123.0949939, 49.2652795 ], [ -123.0948892, 49.2652791 ] ] } },
{ "type": "Feature", "properties": { "lts_score": 3, "facility_type": "mixed", "highway": "residential", "name": "Manitoba Street" }, "geometry": { "type": "LineString", "coordinates": [ [ -123.1069368, 49.2607483 ], [ -123.1069479, 49.2604713 ], [ -123.1069898, 49.2604295 ], [ -123.1069904, 49.2603973 ], [ -123.1069918, 49.260385 ], [ -123.106954, 49.2603135 ] ] } },
{ "type": "Feature", "properties": { "lts_score": 1, "facility_type": "mixed", "highway": "residential", "name": "Manitoba Street" }, "geometry": { "type": "LineString", "coordinates": [ [ -123.1069368, 49.2607483 ], [ -123.1069209, 49.2611456 ], [ -123.1069194, 49.2611735 ] ] } },
{ "type": "Feature", "properties": { "lts_score": 3, "facility_type": "mixed", "highway": "secondary", "name": "Great Northern Way" }, "geometry": { "type": "LineString", "coordinates": [ [ -123.0813197, 49.2652327 ], [ -123.0814413, 49.2652395 ], [ -123.0814909, 49.265246 ], [ -123.0816423, 49.2652659 ], [ -123.0818537, 49.2652976 ], [ -123.0832026, 49.2655576 ], [ -123.0837264, 49.2656585 ], [ -123.0841328, 49.2657368 ], [ -123.084805, 49.2658663 ], [ -123.0851679, 49.2659338 ], [ -123.086441, 49.2661804 ], [ -123.086477, 49.2661874 ], [ -123.0866368, 49.2662182 ] ] } },
{ "type": "Feature", "properties": { "lts_score": 4, "facility_type": "mixed", "highway": "secondary", "name": "East 6th Avenue" }, "geometry": { "type": "LineString", "coordinates": [ [ -123.0813197, 49.2652327 ], [ -123.0812099, 49.2652296 ], [ -123.0811733, 49.2652279 ], [ -123.0809417, 49.2652168 ], [ -123.080819, 49.2652159 ], [ -123.0795515, 49.2652063 ], [ -123.079496, 49.2652059 ], [ -123.079397, 49.2652048 ] ] } },
{ "type": "Feature", "properties": { "lts_score": 1, "facility_type": "mixed", "highway": "residential", "name": "Glen Drive" }, "geometry": { "type": "LineString", "coordinates": [ [ -123.0813197, 49.2652327 ], [ -123.0813213, 49.2651218 ], [ -123.0813219, 49.2650944 ], [ -123.0813286, 49.2647741 ], [ -123.0813397, 49.2643495 ], [ -123.0813404, 49.2643153 ] ] } },
{ "type": "Feature", "properties": { "lts_score": 3, "facility_type": "bike_lane", "highway": "tertiary", "name": "Yukon Street" }, "geometry": { "type": "LineString", "coordinates": [ [ -123.112899, 49.2639164 ], [ -123.112902, 49.2638454 ], [ -123.1129039, 49.2638096 ], [ -123.1129144, 49.2636073 ], [ -123.1129048, 49.2635584 ], [ -123.1128867, 49.2634675 ], [ -123.1128945, 49.263324 ], [ -123.1128962, 49.2632924 ], [ -123.1129024, 49.2631818 ] ] } },
{ "type": "Feature", "properties": { "lts_score": 1, "facility_type": "bike_lane", "highway": "tertiary", "name": "Yukon Street" }, "geometry": { "type": "LineString", "coordinates": [ [ -123.112899, 49.2639164 ], [ -123.1128955, 49.2639931 ], [ -123.1128941, 49.2640241 ], [ -123.1128825, 49.2642804 ], [ -123.1128799, 49.2643387 ], [ -123.1128788, 49.2643615 ], [ -123.1128638, 49.2646928 ], [ -123.1128622, 49.2647276 ], [ -123.1128613, 49.2647492 ], [ -123.1128579, 49.2648225 ] ] } },
{ "type": "Feature", "properties": { "lts_score": 3, "facility_type": "mixed", "highway": "residential", "name": "West 8th Avenue" }, "geometry": { "type": "LineString", "coordinates": [ [ -123.112899, 49.2639164 ], [ -123.113003, 49.2639187 ], [ -123.1130631, 49.2639203 ], [ -123.1139691, 49.2639444 ], [ -123.11421, 49.263949 ], [ -123.1143574, 49.263963 ], [ -123.1145613, 49.2639993 ], [ -123.1146203, 49.2640105 ], [ -123.114735, 49.2640339 ] ] } },
{ "type": "Feature", "properties": { "lts_score": 3, "facility_type": "mixed", "highway": "residential", "name": "West 8th Avenue" }, "geometry": { "type": "LineString", "coordinates": [ [ -123.112899, 49.2639164 ], [ -123.112765, 49.2639133 ], [ -123.112726, 49.2639127 ], [ -123.1111003, 49.2638877 ], [ -123.1110711, 49.2638873 ], [ -123.110933, 49.2638846 ] ] } },
{ "type": "Feature", "properties": { "lts_score": 3, "facility_type": "mixed", "highway": "secondary_link", "name": null }, "geometry": { "type": "LineString", "coordinates": [ [ -123.1147127, 49.2653648 ], [ -123.1146406, 49.2655468 ], [ -123.1146219, 49.2656747 ] ] } },
{ "type": "Feature", "properties": { "lts_score": 1, "facility_type": "mixed", "highway": "residential", "name": "Prince Edward Street" }, "geometry": { "type": "LineString", "coordinates": [ [ -123.0962558, 49.2600534 ], [ -123.0961933, 49.2606199 ], [ -123.0961875, 49.2606854 ] ] } },
{ "type": "Feature", "properties": { "lts_score": 1, "facility_type": "mixed", "highway": "residential", "name": "East 15th Avenue" }, "geometry": { "type": "LineString", "coordinates": [ [ -123.0891778, 49.2571508 ], [ -123.0891229, 49.2571488 ], [ -123.0890816, 49.2571474 ], [ -123.0890574, 49.257147 ], [ -123.0885635, 49.257124 ], [ -123.0874702, 49.2570769 ] ] } },
{ "type": "Feature", "properties": { "lts_score": 1, "facility_type": "mixed", "highway": "residential", "name": null }, "geometry": { "type": "LineString", "coordinates": [ [ -123.0891778, 49.2571508 ], [ -123.0891716, 49.2572061 ], [ -123.089162, 49.2573314 ], [ -123.0892249, 49.257382 ] ] } },
{ "type": "Feature", "properties": { "lts_score": 4, "facility_type": "mixed", "highway": "primary", "name": "Main Street" }, "geometry": { "type": "LineString", "coordinates": [ [ -123.1007561, 49.2704145 ], [ -123.1007568, 49.270283 ], [ -123.100758, 49.2702503 ], [ -123.100758, 49.2701943 ], [ -123.1007592, 49.2701739 ] ] } },
{ "type": "Feature", "properties": { "lts_score": 1, "facility_type": "mixed", "highway": "residential", "name": "Scotia Street" }, "geometry": { "type": "LineString", "coordinates": [ [ -123.0989397, 49.2635884 ], [ -123.0989384, 49.2636602 ] ] } },
{ "type": "Feature", "properties": { "lts_score": 1, "facility_type": "mixed", "highway": "residential", "name": "Scotia Street" }, "geometry": { "type": "LineString", "coordinates": [ [ -123.0989397, 49.2635884 ], [ -123.0989556, 49.2632183 ], [ -123.0989624, 49.2629718 ], [ -123.0989639, 49.2629495 ], [ -123.0989661, 49.2628463 ] ] } },
{ "type": "Feature", "properties": { "lts_score": 3, "facility_type": "mixed", "highway": "residential", "name": "East 8th Avenue" }, "geometry": { "type": "LineString", "coordinates": [ [ -123.0989397, 49.2635884 ], [ -123.098856, 49.2636217 ], [ -123.0988337, 49.2636306 ], [ -123.0987305, 49.263658 ] ] } },
{ "type": "Feature", "properties": { "lts_score": 1, "facility_type": "mixed", "highway": "residential", "name": "Scotia Street" }, "geometry": { "type": "LineString", "coordinates": [ [ -123.098937, 49.2637331 ], [ -123.0989384, 49.2636602 ] ] } },
{ "type": "Feature", "properties": { "lts_score": 1, "facility_type": "mixed", "highway": "residential", "name": "Scotia Street" }, "geometry": { "type": "LineString", "coordinates": [ [ -123.098937, 49.2637331 ], [ -123.0989195, 49.2641234 ], [ -123.0989044, 49.2645035 ], [ -123.098903, 49.2645791 ] ] } },
{ "type": "Feature", "properties": { "lts_score": 3, "facility_type": "mixed", "highway": "residential", "name": "East 8th Avenue" }, "geometry": { "type": "LineString", "coordinates": [ [ -123.0987305, 49.263658 ], [ -123.0988103, 49.2636818 ], [ -123.0988306, 49.2636901 ], [ -123.0988521, 49.2636988 ], [ -123.098937, 49.2637331 ] ] } },
{ "type": "Feature", "properties": { "lts_score": 1, "facility_type": "mixed", "highway": "residential", "name": "East 8th Avenue" }, "geometry": { "type": "LineString", "coordinates": [ [ -123.0987305, 49.263658 ], [ -123.0984552, 49.2636542 ], [ -123.0971156, 49.2636358 ], [ -123.0970784, 49.2636351 ] ] } },
{ "type": "Feature", "properties": { "lts_score": 1, "facility_type": "mixed", "highway": "residential", "name": "West 4th Avenue" }, "geometry": { "type": "LineString", "coordinates": [ [ -123.1125999, 49.2675352 ], [ -123.1125363, 49.2675337 ], [ -123.1124506, 49.2675314 ], [ -123.111789, 49.2675191 ], [ -123.1116074, 49.2675155 ], [ -123.1108877, 49.2675014 ], [ -123.1107918, 49.2674991 ] ] } },
{ "type": "Feature", "properties": { "lts_score": 3, "facility_type": "mixed", "highway": "tertiary", "name": "Yukon Street" }, "geometry": { "type": "LineString", "coordinates": [ [ -123.1125999, 49.2675352 ], [ -123.1125956, 49.2675703 ], [ -123.1126016, 49.2675938 ], [ -123.1126689, 49.2677073 ] ] } },
{ "type": "Feature", "properties": { "lts_score": 1, "facility_type": "mixed", "highway": "residential", "name": "East 1st Avenue" }, "geometry": { "type": "LineString", "coordinates": [ [ -123.101125, 49.2701579 ], [ -123.1012972, 49.2701654 ], [ -123.1023301, 49.2701821 ], [ -123.102375, 49.2701828 ], [ -123.102427, 49.2701831 ], [ -123.1025985, 49.2701859 ] ] } },
{ "type": "Feature", "properties": { "lts_score": 3, "facility_type": "mixed", "highway": "residential", "name": "East 1st Avenue" }, "geometry": { "type": "LineString", "coordinates": [ [ -123.101125, 49.2701579 ], [ -123.1010525, 49.2701306 ], [ -123.1009275, 49.2701204 ], [ -123.1008711, 49.2701181 ], [ -123.1007629, 49.2701102 ] ] } },
{ "type": "Feature", "properties": { "lts_score": 1, "facility_type": "mixed", "highway": "residential", "name": "Athletes Way" }, "geometry": { "type": "LineString", "coordinates": [ [ -123.1092825, 49.2715944 ], [ -123.1092548, 49.2715941 ], [ -123.1085376, 49.2715814 ], [ -123.107928, 49.2715707 ], [ -123.1067423, 49.2715476 ], [ -123.1066397, 49.2715465 ] ] } },
{ "type": "Feature", "properties": { "lts_score": 1, "facility_type": "mixed", "highway": "residential", "name": null }, "geometry": { "type": "LineString", "coordinates": [ [ -123.1092825, 49.2715944 ], [ -123.1092841, 49.2716089 ], [ -123.1092918, 49.2716225 ], [ -123.1093049, 49.2716342 ], [ -123.1093226, 49.271643 ], [ -123.1093433, 49.2716483 ], [ -123.1093654, 49.2716497 ], [ -123.1093889, 49.2716466 ], [ -123.1094099, 49.2716391 ], [ -123.1094265, 49.2716278 ], [ -123.1094372, 49.2716138 ], [ -123.109441, 49.2715983 ], [ -123.1094377, 49.2715832 ], [ -123.1094278, 49.2715693 ], [ -123.109412, 49.2715579 ], [ -123.1093918, 49.2715501 ], [ -123.109369, 49.2715464 ] ] } },
{ "type": "Feature", "properties": { "lts_score": 1, "facility_type": "mixed", "highway": "residential", "name": null }, "geometry": { "type": "LineString", "coordinates": [ [ -123.1045799, 49.2714639 ], [ -123.1045617, 49.2714671 ], [ -123.1045456, 49.2714735 ], [ -123.1045328, 49.2714826 ], [ -123.1045245, 49.2714937 ], [ -123.1045213, 49.2715058 ], [ -123.1045246, 49.2715204 ], [ -123.1045351, 49.2715335 ], [ -123.1045517, 49.2715435 ], [ -123.1045725, 49.2715493 ], [ -123.104595, 49.2715502 ], [ -123.1046168, 49.2715461 ], [ -123.1046351, 49.2715375 ], [ -123.1046481, 49.2715254 ], [ -123.104654, 49.2715112 ] ] } },
{ "type": "Feature", "properties": { "lts_score": 1, "facility_type": "mixed", "highway": "residential", "name": "Ontario Street" }, "geometry": { "type": "LineString", "coordinates": [ [ -123.1045799, 49.2714639 ], [ -123.1045794, 49.2714348 ], [ -123.104595, 49.2708987 ] ] } },
{ "type": "Feature", "properties": { "lts_score": 3, "facility_type": "bike_lane", "highway": "secondary_link", "name": null }, "geometry": { "type": "LineString", "coordinates": [ [ -123.1146147, 49.2658667 ], [ -123.1146289, 49.2662166 ], [ -123.1146323, 49.2663419 ], [ -123.1146361, 49.266478 ], [ -123.1146357, 49.2665042 ], [ -123.1146425, 49.2665778 ], [ -123.114648, 49.266663 ] ] } },
{ "type": "Feature", "properties": { "lts_score": 3, "facility_type": "mixed", "highway": "secondary_link", "name": null }, "geometry": { "type": "LineString", "coordinates": [ [ -123.1146219, 49.2656747 ], [ -123.1146164, 49.2657628 ], [ -123.1146147, 49.2658667 ] ] } },
{ "type": "Feature", "properties": { "lts_score": 3, "facility_type": "mixed", "highway": "residential", "name": "West 6th Avenue" }, "geometry": { "type": "LineString", "coordinates": [ [ -123.1146219, 49.2656747 ], [ -123.114534, 49.2657216 ], [ -123.114422, 49.2657587 ] ] } },
{ "type": "Feature", "properties": { "lts_score": 1, "facility_type": "mixed", "highway": "residential", "name": "Alberta Street" }, "geometry": { "type": "LineString", "coordinates": [ [ -123.1110545, 49.2603449 ], [ -123.1110524, 49.2604116 ], [ -123.1110517, 49.2604339 ], [ -123.1110427, 49.2608062 ], [ -123.1110306, 49.2612078 ], [ -123.1110301, 49.2612351 ] ] } },
{ "type": "Feature", "properties": { "lts_score": 3, "facility_type": "mixed", "highway": "tertiary", "name": "West 12th Avenue" }, "geometry": { "type": "LineString", "coordinates": [ [ -123.1110545, 49.2603449 ], [ -123.1111686, 49.2603459 ], [ -123.1111961, 49.2603467 ] ] } },
{ "type": "Feature", "properties": { "lts_score": 3, "facility_type": "mixed", "highway": "tertiary", "name": "West 12th Avenue" }, "geometry": { "type": "LineString", "coordinates": [ [ -123.1110545, 49.2603449 ], [ -123.1109839, 49.2603438 ], [ -123.1109433, 49.2603433 ] ] } },
{ "type": "Feature", "properties": { "lts_score": 3, "facility_type": "mixed", "highway": "tertiary", "name": "West 12th Avenue" }, "geometry": { "type": "LineString", "coordinates": [ [ -123.1109433, 49.2603433 ], [ -123.1103206, 49.260332 ], [ -123.1095573, 49.2603445 ] ] } },
{ "type": "Feature", "properties": { "lts_score": 3, "facility_type": "mixed", "highway": "tertiary", "name": "West 12th Avenue" }, "geometry": { "type": "LineString", "coordinates": [ [ -123.1109433, 49.2603433 ], [ -123.1109839, 49.2603438 ], [ -123.1110545, 49.2603449 ] ] } },
{ "type": "Feature", "properties": { "lts_score": 3, "facility_type": "mixed", "highway": "residential", "name": "Alberta Street" }, "geometry": { "type": "LineString", "coordinates": [ [ -123.1110691, 49.2602156 ], [ -123.1110381, 49.260247 ], [ -123.1110207, 49.2602653 ], [ -123.1109848, 49.2603012 ], [ -123.1109433, 49.2603433 ] ] } },
{ "type": "Feature", "properties": { "lts_score": 1, "facility_type": "mixed", "highway": "residential", "name": "Alberta Street" }, "geometry": { "type": "LineString", "coordinates": [ [ -123.1110691, 49.2602156 ], [ -123.1110824, 49.2598509 ], [ -123.1110936, 49.2594634 ], [ -123.1110956, 49.2593927 ] ] } },
{ "type": "Feature", "properties": { "lts_score": 4, "facility_type": "bike_lane", "highway": "secondary", "name": "Quebec Street" }, "geometry": { "type": "LineString", "coordinates": [ [ -123.1019071, 49.2719826 ], [ -123.1019435, 49.2719093 ] ] } },
{ "type": "Feature", "properties": { "lts_score": 4, "facility_type": "mixed", "highway": "secondary", "name": "Quebec Street" }, "geometry": { "type": "LineString", "coordinates": [ [ -123.1019071, 49.2719826 ], [ -123.1018124, 49.2720279 ], [ -123.1017386, 49.2721818 ], [ -123.1017226, 49.27223 ], [ -123.1017054, 49.272285 ], [ -123.1016768, 49.2724335 ], [ -123.1016588, 49.2726263 ], [ -123.101639, 49.272861 ], [ -123.1016352, 49.2729469 ] ] } },
{ "type": "Feature", "properties": { "lts_score": 1, "facility_type": "mixed", "highway": "residential", "name": "Columbia Street" }, "geometry": { "type": "LineString", "coordinates": [ [ -123.1097108, 49.2568604 ], [ -123.1097092, 49.2568768 ], [ -123.1097015, 49.2570371 ], [ -123.1096917, 49.2572637 ], [ -123.109683, 49.2575815 ], [ -123.1096804, 49.2576794 ] ] } },
{ "type": "Feature", "properties": { "lts_score": 4, "facility_type": "mixed", "highway": "primary", "name": "Kingsway" }, "geometry": { "type": "LineString", "coordinates": [ [ -123.0910746, 49.2572094 ], [ -123.0909181, 49.2571465 ], [ -123.0906004, 49.2570056 ], [ -123.0904385, 49.2569994 ] ] } },
{ "type": "Feature", "properties": { "lts_score": 1, "facility_type": "mixed", "highway": "residential", "name": "Prince Edward Street" }, "geometry": { "type": "LineString", "coordinates": [ [ -123.0961162, 49.2615069 ], [ -123.096149, 49.2611333 ], [ -123.0961532, 49.2610636 ] ] } },
{ "type": "Feature", "properties": { "lts_score": 1, "facility_type": "protected", "highway": "residential", "name": [ "Prince Edward Street", "East 10th Avenue" ] }, "geometry": { "type": "LineString", "coordinates": [ [ -123.0961162, 49.2615069 ], [ -123.0960711, 49.2615408 ], [ -123.0960546, 49.2615531 ], [ -123.096002, 49.2615913 ], [ -123.0953374, 49.2615832 ], [ -123.095055, 49.2615798 ], [ -123.0949506, 49.2615792 ] ] } },
{ "type": "Feature", "properties": { "lts_score": 1, "facility_type": "mixed", "highway": "residential", "name": [ "East 10th Avenue", "Prince Edward Street" ] }, "geometry": { "type": "LineString", "coordinates": [ [ -123.0967441, 49.2619757 ], [ -123.0961901, 49.2619679 ], [ -123.0961725, 49.2619677 ], [ -123.0961006, 49.2619946 ], [ -123.096082, 49.2620121 ], [ -123.0960752, 49.2620211 ], [ -123.0960668, 49.262043 ], [ -123.0960568, 49.2621372 ], [ -123.0960132, 49.2624783 ], [ -123.096012, 49.2624946 ], [ -123.0960054, 49.2626429 ] ] } },
{ "type": "Feature", "properties": { "lts_score": 3, "facility_type": "mixed", "highway": "residential", "name": "East 10th Avenue" }, "geometry": { "type": "LineString", "coordinates": [ [ -123.0967441, 49.2619757 ], [ -123.0971013, 49.2619807 ], [ -123.0971836, 49.2620033 ], [ -123.0974946, 49.2620076 ], [ -123.0975744, 49.2619919 ] ] } },
{ "type": "Feature", "properties": { "lts_score": 1, "facility_type": "bike_lane", "highway": "residential", "name": "East 10th Avenue" }, "geometry": { "type": "LineString", "coordinates": [ [ -123.0975744, 49.2619919 ], [ -123.0976985, 49.2619936 ], [ -123.0981848, 49.2620011 ], [ -123.0982922, 49.2620006 ], [ -123.098408, 49.2620001 ], [ -123.0984596, 49.2619977 ], [ -123.0986794, 49.2619902 ] ] } },
{ "type": "Feature", "properties": { "lts_score": 4, "facility_type": "mixed", "highway": "secondary", "name": "West 2nd Avenue" }, "geometry": { "type": "LineString", "coordinates": [ [ -123.1113026, 49.2683808 ], [ -123.1108001, 49.2686279 ] ] } },
{ "type": "Feature", "properties": { "lts_score": 1, "facility_type": "mixed", "highway": "residential", "name": "West 3rd Avenue" }, "geometry": { "type": "LineString", "coordinates": [ [ -123.1113026, 49.2683808 ], [ -123.1110246, 49.268379 ], [ -123.110878, 49.2683736 ], [ -123.1107461, 49.2683692 ] ] } },
{ "type": "Feature", "properties": { "lts_score": 4, "facility_type": "mixed", "highway": "secondary", "name": "West 2nd Avenue" }, "geometry": { "type": "LineString", "coordinates": [ [ -123.1113026, 49.2683808 ], [ -123.1113836, 49.2683425 ], [ -123.111419, 49.2683258 ], [ -123.1115142, 49.2682802 ] ] } },
{ "type": "Feature", "properties": { "lts_score": 1, "facility_type": "mixed", "highway": "residential", "name": "Alberta Street" }, "geometry": { "type": "LineString", "coordinates": [ [ -123.1107461, 49.2683692 ], [ -123.1107439, 49.2684085 ] ] } },
{ "type": "Feature", "properties": { "lts_score": 1, "facility_type": "mixed", "highway": "residential", "name": "Alberta Street" }, "geometry": { "type": "LineString", "coordinates": [ [ -123.1107461, 49.2683692 ], [ -123.1107486, 49.2683248 ], [ -123.1107654, 49.2680241 ], [ -123.1107693, 49.2679533 ], [ -123.1107872, 49.2675956 ], [ -123.1107893, 49.2675707 ], [ -123.1107918, 49.2674991 ] ] } },
{ "type": "Feature", "properties": { "lts_score": 1, "facility_type": "mixed", "highway": "residential", "name": null }, "geometry": { "type": "LineString", "coordinates": [ [ -123.1032125, 49.2713823 ], [ -123.1032119, 49.2714009 ], [ -123.1032232, 49.271418 ], [ -123.1032445, 49.2714304 ], [ -123.1032717, 49.2714359 ], [ -123.1033, 49.2714335 ], [ -123.1033242, 49.2714237 ], [ -123.1033398, 49.2714081 ], [ -123.1033441, 49.2713902 ], [ -123.1033369, 49.2713728 ], [ -123.1033195, 49.2713587 ], [ -123.1032948, 49.2713505 ] ] } },
{ "type": "Feature", "properties": { "lts_score": 1, "facility_type": "mixed", "highway": "residential", "name": "Switchmen Street" }, "geometry": { "type": "LineString", "coordinates": [ [ -123.1032125, 49.2713823 ], [ -123.1029009, 49.2713269 ], [ -123.1025942, 49.2712755 ], [ -123.1025351, 49.2712661 ], [ -123.1024455, 49.2712517 ], [ -123.1023073, 49.2712296 ] ] } },
{ "type": "Feature", "properties": { "lts_score": 3, "facility_type": "mixed", "highway": "secondary", "name": "Main Street" }, "geometry": { "type": "LineString", "coordinates": [ [ -123.1010539, 49.2612276 ], [ -123.1009706, 49.2611165 ] ] } },
{ "type": "Feature", "properties": { "lts_score": 4, "facility_type": "mixed", "highway": "secondary", "name": "Main Street" }, "geometry": { "type": "LineString", "coordinates": [ [ -123.1010539, 49.2612276 ], [ -123.1011465, 49.2611122 ] ] } },
{ "type": "Feature", "properties": { "lts_score": 4, "facility_type": "mixed", "highway": "secondary", "name": "Main Street" }, "geometry": { "type": "LineString", "coordinates": [ [ -123.1010539, 49.2612276 ], [ -123.1010327, 49.2615784 ], [ -123.1010169, 49.2619114 ], [ -123.101016, 49.2619399 ], [ -123.1010138, 49.2620132 ] ] } },
{ "type": "Feature", "properties": { "lts_score": 3, "facility_type": "mixed", "highway": "secondary", "name": "Cambie Street" }, "geometry": { "type": "LineString", "coordinates": [ [ -123.1147399, 49.2639476 ], [ -123.114735, 49.2640339 ] ] } },
{ "type": "Feature", "properties": { "lts_score": 4, "facility_type": "mixed", "highway": "secondary", "name": "Cambie Street" }, "geometry": { "type": "LineString", "coordinates": [ [ -123.1147399, 49.2639476 ], [ -123.1147414, 49.2639213 ], [ -123.1147456, 49.2638335 ], [ -123.1147633, 49.2635049 ], [ -123.1147695, 49.2633753 ], [ -123.114771, 49.2633459 ], [ -123.114778, 49.2632096 ] ] } },
{ "type": "Feature", "properties": { "lts_score": 1, "facility_type": "mixed", "highway": "residential", "name": "East 1st Avenue" }, "geometry": { "type": "LineString", "coordinates": [ [ -123.1037207, 49.2702034 ], [ -123.102879, 49.2701903 ], [ -123.1028295, 49.2701895 ], [ -123.1027768, 49.2701887 ], [ -123.1025985, 49.2701859 ] ] } },
{ "type": "Feature", "properties": { "lts_score": 1, "facility_type": "mixed", "highway": "residential", "name": "East 1st Avenue" }, "geometry": { "type": "LineString", "coordinates": [ [ -123.1037207, 49.2702034 ], [ -123.1041267, 49.2702097 ], [ -123.1044141, 49.2702142 ], [ -123.1044655, 49.270215 ], [ -123.1045404, 49.2702162 ], [ -123.1046426, 49.2702178 ] ] } },
{ "type": "Feature", "properties": { "lts_score": 1, "facility_type": "mixed", "highway": "residential", "name": "Pullman Porter Street" }, "geometry": { "type": "LineString", "coordinates": [ [ -123.1037207, 49.2702034 ], [ -123.10372, 49.2702646 ], [ -123.10372, 49.2703022 ], [ -123.1037156, 49.2703124 ], [ -123.1036077, 49.2705578 ], [ -123.103488, 49.2708582 ], [ -123.1033719, 49.2711527 ], [ -123.1033044, 49.2713247 ], [ -123.1032948, 49.2713505 ] ] } },
{ "type": "Feature", "properties": { "lts_score": 4, "facility_type": "mixed", "highway": "primary", "name": "Main Street" }, "geometry": { "type": "LineString", "coordinates": [ [ -123.1007592, 49.2701739 ], [ -123.1007629, 49.2701102 ] ] } },
{ "type": "Feature", "properties": { "lts_score": 3, "facility_type": "mixed", "highway": "residential", "name": "East 1st Avenue" }, "geometry": { "type": "LineString", "coordinates": [ [ -123.1007592, 49.2701739 ], [ -123.1008704, 49.2701751 ], [ -123.1010484, 49.2701739 ], [ -123.101125, 49.2701579 ] ] } },
{ "type": "Feature", "properties": { "lts_score": 1, "facility_type": "mixed", "highway": "residential", "name": "East 10th Avenue" }, "geometry": { "type": "LineString", "coordinates": [ [ -123.1048877, 49.2620849 ], [ -123.1048536, 49.2620843 ], [ -123.1035329, 49.2620569 ], [ -123.1032442, 49.2620532 ], [ -123.1032149, 49.2620459 ], [ -123.1031675, 49.2620331 ], [ -123.1031151, 49.2620319 ], [ -123.103067, 49.2620313 ], [ -123.1030094, 49.2620502 ] ] } },
{ "type": "Feature", "properties": { "lts_score": 1, "facility_type": "mixed", "highway": "residential", "name": null }, "geometry": { "type": "LineString", "coordinates": [ [ -123.1048877, 49.2620849 ], [ -123.1048927, 49.2621003 ], [ -123.1049064, 49.2621134 ], [ -123.1049266, 49.2621221 ], [ -123.1049503, 49.2621251 ] ] } },
{ "type": "Feature", "properties": { "lts_score": 1, "facility_type": "mixed", "highway": "residential", "name": "West 10th Avenue" }, "geometry": { "type": "LineString", "coordinates": [ [ -123.1050125, 49.2620869 ], [ -123.1050489, 49.2620875 ], [ -123.1067793, 49.2621138 ], [ -123.1068117, 49.2621142 ] ] } },
{ "type": "Feature", "properties": { "lts_score": 1, "facility_type": "mixed", "highway": "residential", "name": null }, "geometry": { "type": "LineString", "coordinates": [ [ -123.1050125, 49.2620869 ], [ -123.1050092, 49.2620711 ], [ -123.1049968, 49.2620573 ], [ -123.1049772, 49.2620476 ], [ -123.1049535, 49.2620437 ] ] } },
{ "type": "Feature", "properties": { "lts_score": 1, "facility_type": "mixed", "highway": "residential", "name": "Ontario Street" }, "geometry": { "type": "LineString", "coordinates": [ [ -123.1049535, 49.2620437 ], [ -123.1049543, 49.2620224 ], [ -123.1049709, 49.2615904 ], [ -123.104976, 49.2614579 ] ] } },
{ "type": "Feature", "properties": { "lts_score": 1, "facility_type": "mixed", "highway": "residential", "name": null }, "geometry": { "type": "LineString", "coordinates": [ [ -123.1049535, 49.2620437 ], [ -123.1049284, 49.2620462 ], [ -123.1049069, 49.262055 ], [ -123.1048925, 49.2620686 ], [ -123.1048877, 49.2620849 ] ] } },
{ "type": "Feature", "properties": { "lts_score": 1, "facility_type": "mixed", "highway": "residential", "name": null }, "geometry": { "type": "LineString", "coordinates": [ [ -123.1049503, 49.2621251 ], [ -123.1049733, 49.2621222 ], [ -123.1049929, 49.262114 ], [ -123.1050066, 49.2621017 ], [ -123.1050125, 49.2620869 ] ] } },
{ "type": "Feature", "properties": { "lts_score": 1, "facility_type": "mixed", "highway": "residential", "name": "Ontario Street" }, "geometry": { "type": "LineString", "coordinates": [ [ -123.1049503, 49.2621251 ], [ -123.1049493, 49.2621528 ], [ -123.1049249, 49.2625443 ] ] } },
{ "type": "Feature", "properties": { "lts_score": 1, "facility_type": "mixed", "highway": "residential", "name": "Manitoba Street" }, "geometry": { "type": "LineString", "coordinates": [ [ -123.1068766, 49.2620754 ], [ -123.1068773, 49.2620536 ], [ -123.1068901, 49.2617741 ], [ -123.1069135, 49.2612803 ], [ -123.1069147, 49.2612545 ] ] } },
{ "type": "Feature", "properties": { "lts_score": 1, "facility_type": "mixed", "highway": "residential", "name": null }, "geometry": { "type": "LineString", "coordinates": [ [ -123.1068766, 49.2620754 ], [ -123.1068526, 49.2620778 ], [ -123.1068319, 49.262086 ], [ -123.1068175, 49.2620988 ], [ -123.1068117, 49.2621142 ] ] } },
{ "type": "Feature", "properties": { "lts_score": 1, "facility_type": "mixed", "highway": "residential", "name": "West 10th Avenue" }, "geometry": { "type": "LineString", "coordinates": [ [ -123.1069362, 49.2621159 ], [ -123.1069894, 49.2621166 ], [ -123.1071391, 49.2621194 ], [ -123.1093952, 49.2621618 ], [ -123.1095023, 49.2621636 ] ] } },
{ "type": "Feature", "properties": { "lts_score": 1, "facility_type": "mixed", "highway": "residential", "name": null }, "geometry": { "type": "LineString", "coordinates": [ [ -123.1069362, 49.2621159 ], [ -123.1069317, 49.2621008 ], [ -123.1069189, 49.2620878 ], [ -123.1068996, 49.2620789 ], [ -123.1068766, 49.2620754 ] ] } },
{ "type": "Feature", "properties": { "lts_score": 1, "facility_type": "mixed", "highway": "residential", "name": "West 10th Avenue" }, "geometry": { "type": "LineString", "coordinates": [ [ -123.1068117, 49.2621142 ], [ -123.1067793, 49.2621138 ], [ -123.1050489, 49.2620875 ], [ -123.1050125, 49.2620869 ] ] } },
{ "type": "Feature", "properties": { "lts_score": 1, "facility_type": "mixed", "highway": "residential", "name": null }, "geometry": { "type": "LineString", "coordinates": [ [ -123.1068117, 49.2621142 ], [ -123.1068156, 49.2621303 ], [ -123.106829, 49.2621441 ], [ -123.1068496, 49.2621534 ], [ -123.1068741, 49.2621566 ] ] } },
{ "type": "Feature", "properties": { "lts_score": 3, "facility_type": "mixed", "highway": "residential", "name": "Manitoba Street" }, "geometry": { "type": "LineString", "coordinates": [ [ -123.1068741, 49.2621566 ], [ -123.1068732, 49.2621838 ], [ -123.1068661, 49.2624823 ], [ -123.1068405, 49.262534 ], [ -123.1068673, 49.2625694 ] ] } },
{ "type": "Feature", "properties": { "lts_score": 1, "facility_type": "mixed", "highway": "residential", "name": null }, "geometry": { "type": "LineString", "coordinates": [ [ -123.1068741, 49.2621566 ], [ -123.1068979, 49.2621535 ], [ -123.1069181, 49.2621447 ], [ -123.1069315, 49.2621314 ], [ -123.1069362, 49.2621159 ] ] } },
{ "type": "Feature", "properties": { "lts_score": 1, "facility_type": "mixed", "highway": "residential", "name": "West 11th Avenue" }, "geometry": { "type": "LineString", "coordinates": [ [ -123.1068592, 49.2612099 ], [ -123.1068155, 49.2612089 ], [ -123.1063963, 49.2611978 ], [ -123.105117, 49.2611731 ], [ -123.1050936, 49.2611727 ], [ -123.1049804, 49.2611711 ] ] } },
{ "type": "Feature", "properties": { "lts_score": 1, "facility_type": "mixed", "highway": "residential", "name": null }, "geometry": { "type": "LineString", "coordinates": [ [ -123.1068592, 49.2612099 ], [ -123.1068616, 49.261226 ], [ -123.1068733, 49.2612401 ], [ -123.1068924, 49.2612501 ], [ -123.1069147, 49.2612545 ] ] } },
{ "type": "Feature", "properties": { "lts_score": 1, "facility_type": "mixed", "highway": "residential", "name": "West 11th Avenue" }, "geometry": { "type": "LineString", "coordinates": [ [ -123.1069831, 49.2612128 ], [ -123.1070236, 49.2612137 ], [ -123.1087238, 49.261237 ], [ -123.1094111, 49.2612463 ], [ -123.1094378, 49.2612467 ], [ -123.1095426, 49.2612476 ] ] } },
{ "type": "Feature", "properties": { "lts_score": 1, "facility_type": "mixed", "highway": "residential", "name": null }, "geometry": { "type": "LineString", "coordinates": [ [ -123.1069831, 49.2612128 ], [ -123.1069776, 49.2611974 ], [ -123.1069637, 49.2611846 ], [ -123.1069434, 49.2611763 ], [ -123.1069194, 49.2611735 ] ] } },
{ "type": "Feature", "properties": { "lts_score": 1, "facility_type": "mixed", "highway": "residential", "name": "Manitoba Street" }, "geometry": { "type": "LineString", "coordinates": [ [ -123.1069194, 49.2611735 ], [ -123.1069209, 49.2611456 ], [ -123.1069368, 49.2607483 ] ] } },
{ "type": "Feature", "properties": { "lts_score": 1, "facility_type": "mixed", "highway": "residential", "name": null }, "geometry": { "type": "LineString", "coordinates": [ [ -123.1069194, 49.2611735 ], [ -123.1068978, 49.2611765 ], [ -123.1068789, 49.2611843 ], [ -123.1068654, 49.261196 ], [ -123.1068592, 49.2612099 ] ] } },
{ "type": "Feature", "properties": { "lts_score": 1, "facility_type": "mixed", "highway": "residential", "name": "Manitoba Street" }, "geometry": { "type": "LineString", "coordinates": [ [ -123.1069147, 49.2612545 ], [ -123.1069135, 49.2612803 ], [ -123.1068901, 49.2617741 ], [ -123.1068773, 49.2620536 ], [ -123.1068766, 49.2620754 ] ] } },
{ "type": "Feature", "properties": { "lts_score": 1, "facility_type": "mixed", "highway": "residential", "name": null }, "geometry": { "type": "LineString", "coordinates": [ [ -123.1069147, 49.2612545 ], [ -123.1069418, 49.2612523 ], [ -123.1069639, 49.2612434 ], [ -123.1069786, 49.2612294 ], [ -123.1069831, 49.2612128 ] ] } },
{ "type": "Feature", "properties": { "lts_score": 1, "facility_type": "mixed", "highway": "residential", "name": "Alberta Street" }, "geometry": { "type": "LineString", "coordinates": [ [ -123.1110301, 49.2612351 ], [ -123.1110306, 49.2612078 ], [ -123.1110427, 49.2608062 ], [ -123.1110517, 49.2604339 ], [ -123.1110524, 49.2604116 ], [ -123.1110545, 49.2603449 ] ] } },
{ "type": "Feature", "properties": { "lts_score": 1, "facility_type": "mixed", "highway": "residential", "name": null }, "geometry": { "type": "LineString", "coordinates": [ [ -123.1110301, 49.2612351 ], [ -123.1110085, 49.2612383 ], [ -123.11099, 49.2612461 ], [ -123.1109767, 49.2612577 ], [ -123.1109705, 49.2612716 ] ] } },
{ "type": "Feature", "properties": { "lts_score": 1, "facility_type": "mixed", "highway": "residential", "name": null }, "geometry": { "type": "LineString", "coordinates": [ [ -123.1110287, 49.261317 ], [ -123.1110553, 49.2613144 ], [ -123.1110778, 49.2613048 ], [ -123.1110921, 49.2612899 ], [ -123.1110956, 49.2612726 ] ] } },
{ "type": "Feature", "properties": { "lts_score": 1, "facility_type": "mixed", "highway": "residential", "name": "Alberta Street" }, "geometry": { "type": "LineString", "coordinates": [ [ -123.1110287, 49.261317 ], [ -123.1110283, 49.261341 ], [ -123.1110131, 49.2617339 ], [ -123.1109941, 49.2621004 ], [ -123.1109931, 49.2621278 ], [ -123.11099, 49.2621908 ] ] } },
{ "type": "Feature", "properties": { "lts_score": 1, "facility_type": "mixed", "highway": "residential", "name": "West 11th Avenue" }, "geometry": { "type": "LineString", "coordinates": [ [ -123.1110956, 49.2612726 ], [ -123.1111363, 49.2612733 ], [ -123.112857, 49.2613026 ], [ -123.1128803, 49.2613029 ], [ -123.1129954, 49.2613049 ] ] } },
{ "type": "Feature", "properties": { "lts_score": 1, "facility_type": "mixed", "highway": "residential", "name": null }, "geometry": { "type": "LineString", "coordinates": [ [ -123.1110956, 49.2612726 ], [ -123.111089, 49.2612575 ], [ -123.1110744, 49.2612452 ], [ -123.1110538, 49.2612374 ], [ -123.1110301, 49.2612351 ] ] } },
{ "type": "Feature", "properties": { "lts_score": 1, "facility_type": "mixed", "highway": "residential", "name": "West 11th Avenue" }, "geometry": { "type": "LineString", "coordinates": [ [ -123.1109705, 49.2612716 ], [ -123.1109341, 49.2612713 ], [ -123.1096776, 49.26125 ], [ -123.1096457, 49.2612495 ], [ -123.1095426, 49.2612476 ] ] } },
{ "type": "Feature", "properties": { "lts_score": 1, "facility_type": "mixed", "highway": "residential", "name": null }, "geometry": { "type": "LineString", "coordinates": [ [ -123.1109705, 49.2612716 ], [ -123.1109728, 49.2612879 ], [ -123.1109847, 49.2613024 ], [ -123.1110044, 49.2613126 ], [ -123.1110287, 49.261317 ] ] } },
{ "type": "Feature", "properties": { "lts_score": 3, "facility_type": "mixed", "highway": "tertiary", "name": "West 7th Avenue" }, "geometry": { "type": "LineString", "coordinates": [ [ -123.1048273, 49.2646698 ], [ -123.104947, 49.2646724 ], [ -123.104986, 49.2646731 ], [ -123.1056399, 49.2646854 ], [ -123.1061215, 49.2646944 ], [ -123.1066485, 49.2647049 ], [ -123.1066764, 49.2647055 ], [ -123.1067726, 49.2647075 ] ] } },
{ "type": "Feature", "properties": { "lts_score": 2, "facility_type": "mixed", "highway": "tertiary", "name": "East 7th Avenue" }, "geometry": { "type": "LineString", "coordinates": [ [ -123.1048273, 49.2646698 ], [ -123.104738, 49.2646678 ], [ -123.1047034, 49.2646671 ], [ -123.1041712, 49.2646564 ], [ -123.1030531, 49.2646389 ], [ -123.1030148, 49.2646383 ], [ -123.102906, 49.2646366 ] ] } },
{ "type": "Feature", "properties": { "lts_score": 2, "facility_type": "mixed", "highway": "unclassified", "name": null }, "geometry": { "type": "LineString", "coordinates": [ [ -123.1107332, 49.269918 ], [ -123.1107595, 49.2699423 ], [ -123.1108355, 49.2699921 ], [ -123.1110847, 49.2702361 ], [ -123.1111008, 49.2705074 ], [ -123.1111008, 49.2706859 ], [ -123.111192, 49.2707769 ], [ -123.1115487, 49.2708802 ] ] } },
{ "type": "Feature", "properties": { "lts_score": 1, "facility_type": "bike_lane", "highway": "residential", "name": "West 1st Avenue" }, "geometry": { "type": "LineString", "coordinates": [ [ -123.1107332, 49.269918 ], [ -123.1107453, 49.2699119 ], [ -123.11083, 49.2698697 ] ] } },
{ "type": "Feature", "properties": { "lts_score": 2, "facility_type": "mixed", "highway": "unclassified", "name": null }, "geometry": { "type": "LineString", "coordinates": [ [ -123.1115487, 49.2708802 ], [ -123.111192, 49.2707769 ], [ -123.1111008, 49.2706859 ], [ -123.1111008, 49.2705074 ], [ -123.1110847, 49.2702361 ], [ -123.1108355, 49.2699921 ], [ -123.1107595, 49.2699423 ], [ -123.1107332, 49.269918 ] ] } },
{ "type": "Feature", "properties": { "lts_score": 1, "facility_type": "mixed", "highway": "residential", "name": "Ontario Street" }, "geometry": { "type": "LineString", "coordinates": [ [ -123.1051651, 49.256842 ], [ -123.1051633, 49.2569197 ], [ -123.1051594, 49.2571083 ], [ -123.1051493, 49.2573781 ], [ -123.1051438, 49.2574992 ], [ -123.1051427, 49.2575193 ] ] } },
{ "type": "Feature", "properties": { "lts_score": 4, "facility_type": "mixed", "highway": "primary", "name": "Main Street" }, "geometry": { "type": "LineString", "coordinates": [ [ -123.1008544, 49.265512 ], [ -123.1008523, 49.2655715 ], [ -123.1008465, 49.2657387 ], [ -123.1008272, 49.2662905 ], [ -123.1008261, 49.2663217 ], [ -123.1008229, 49.2664134 ] ] } },
{ "type": "Feature", "properties": { "lts_score": 4, "facility_type": "mixed", "highway": "primary", "name": "Main Street" }, "geometry": { "type": "LineString", "coordinates": [ [ -123.1008544, 49.265512 ], [ -123.1008564, 49.2654476 ], [ -123.1008758, 49.2648351 ] ] } },
{ "type": "Feature", "properties": { "lts_score": 1, "facility_type": "mixed", "highway": "residential", "name": "East 6th Avenue" }, "geometry": { "type": "LineString", "coordinates": [ [ -123.1008544, 49.265512 ], [ -123.100674, 49.2655089 ], [ -123.100649, 49.2655085 ], [ -123.1000619, 49.2654996 ], [ -123.0989866, 49.2654741 ], [ -123.098863, 49.2654719 ] ] } },
{ "type": "Feature", "properties": { "lts_score": 1, "facility_type": "mixed", "highway": "residential", "name": "East 6th Avenue" }, "geometry": { "type": "LineString", "coordinates": [ [ -123.1008544, 49.265512 ], [ -123.1010618, 49.2655155 ], [ -123.1010937, 49.2655163 ], [ -123.1011112, 49.2655166 ], [ -123.1016586, 49.2655267 ], [ -123.102306, 49.2655359 ], [ -123.1027185, 49.2655469 ], [ -123.1027582, 49.2655477 ], [ -123.1028655, 49.2655498 ] ] } },
{ "type": "Feature", "properties": { "lts_score": 4, "facility_type": "mixed", "highway": "secondary", "name": "Quebec Street" }, "geometry": { "type": "LineString", "coordinates": [ [ -123.1025662, 49.2705188 ], [ -123.102586, 49.2703378 ], [ -123.1025891, 49.2703099 ], [ -123.102591, 49.270273 ], [ -123.1025985, 49.2701859 ] ] } },
{ "type": "Feature", "properties": { "lts_score": 3, "facility_type": "mixed", "highway": "secondary", "name": "Quebec Street" }, "geometry": { "type": "LineString", "coordinates": [ [ -123.1025662, 49.2705188 ], [ -123.1025024, 49.2705983 ], [ -123.1024727, 49.2707111 ], [ -123.1024444, 49.2708247 ], [ -123.102461, 49.2709328 ] ] } },
{ "type": "Feature", "properties": { "lts_score": 4, "facility_type": "mixed", "highway": "secondary", "name": "West 2nd Avenue" }, "geometry": { "type": "LineString", "coordinates": [ [ -123.1131539, 49.267536 ], [ -123.1132191, 49.2675037 ], [ -123.1142216, 49.2670125 ] ] } },
{ "type": "Feature", "properties": { "lts_score": 1, "facility_type": "mixed", "highway": "residential", "name": "Wylie Street" }, "geometry": { "type": "LineString", "coordinates": [ [ -123.1133086, 49.2677214 ], [ -123.1135295, 49.2679158 ], [ -123.1138301, 49.2681781 ], [ -123.1138632, 49.2682067 ], [ -123.1139172, 49.2682541 ] ] } },
{ "type": "Feature", "properties": { "lts_score": 1, "facility_type": "bike_lane", "highway": "residential", "name": "Wylie Street" }, "geometry": { "type": "LineString", "coordinates": [ [ -123.1133086, 49.2677214 ], [ -123.1133078, 49.2676681 ], [ -123.1132442, 49.2676137 ], [ -123.1132256, 49.2675978 ], [ -123.1131539, 49.267536 ] ] } },
{ "type": "Feature", "properties": { "lts_score": 4, "facility_type": "mixed", "highway": "secondary", "name": "West 2nd Avenue" }, "geometry": { "type": "LineString", "coordinates": [ [ -123.1130874, 49.2675693 ], [ -123.1131539, 49.267536 ] ] } },
{ "type": "Feature", "properties": { "lts_score": 1, "facility_type": "mixed", "highway": "residential", "name": "Wylie Street" }, "geometry": { "type": "LineString", "coordinates": [ [ -123.1130874, 49.2675693 ], [ -123.1131599, 49.2676306 ], [ -123.1132415, 49.2677011 ], [ -123.1133086, 49.2677214 ] ] } },
{ "type": "Feature", "properties": { "lts_score": 3, "facility_type": "mixed", "highway": "secondary", "name": "West 2nd Avenue" }, "geometry": { "type": "LineString", "coordinates": [ [ -123.112856, 49.2675454 ], [ -123.112827, 49.2676285 ] ] } },
{ "type": "Feature", "properties": { "lts_score": 3, "facility_type": "bike_lane", "highway": "tertiary", "name": "Yukon Street" }, "geometry": { "type": "LineString", "coordinates": [ [ -123.112856, 49.2675454 ], [ -123.1127994, 49.2674959 ], [ -123.1127835, 49.2674822 ], [ -123.1127302, 49.2674159 ], [ -123.1127086, 49.2673515 ] ] } },
{ "type": "Feature", "properties": { "lts_score": 4, "facility_type": "mixed", "highway": "secondary", "name": "West 2nd Avenue" }, "geometry": { "type": "LineString", "coordinates": [ [ -123.1126689, 49.2677073 ], [ -123.1127997, 49.2676425 ], [ -123.112827, 49.2676285 ] ] } },
{ "type": "Feature", "properties": { "lts_score": 4, "facility_type": "mixed", "highway": "secondary", "name": "West 2nd Avenue" }, "geometry": { "type": "LineString", "coordinates": [ [ -123.1126689, 49.2677073 ], [ -123.1123682, 49.2678574 ], [ -123.1116463, 49.2682195 ], [ -123.1116185, 49.2682334 ], [ -123.1115142, 49.2682802 ] ] } },
{ "type": "Feature", "properties": { "lts_score": 3, "facility_type": "bike_lane", "highway": "secondary_link", "name": null }, "geometry": { "type": "LineString", "coordinates": [ [ -123.114648, 49.266663 ], [ -123.1146563, 49.2667926 ] ] } },
{ "type": "Feature", "properties": { "lts_score": 4, "facility_type": "mixed", "highway": "secondary", "name": "West 2nd Avenue" }, "geometry": { "type": "LineString", "coordinates": [ [ -123.114648, 49.266663 ], [ -123.114536, 49.2667196 ], [ -123.114466, 49.2667525 ], [ -123.1143753, 49.2667986 ] ] } },
{ "type": "Feature", "properties": { "lts_score": 3, "facility_type": "mixed", "highway": "secondary_link", "name": null }, "geometry": { "type": "LineString", "coordinates": [ [ -123.1146563, 49.2667926 ], [ -123.11466, 49.2668637 ], [ -123.1146632, 49.266985 ], [ -123.1146657, 49.2670782 ] ] } },
{ "type": "Feature", "properties": { "lts_score": 2, "facility_type": "mixed", "highway": "tertiary", "name": "Fraser Street" }, "geometry": { "type": "LineString", "coordinates": [ [ -123.0891261, 49.26253 ], [ -123.089131, 49.2624328 ] ] } },
{ "type": "Feature", "properties": { "lts_score": 1, "facility_type": "mixed", "highway": "residential", "name": "Fraser Street" }, "geometry": { "type": "LineString", "coordinates": [ [ -123.0891261, 49.26253 ], [ -123.0891224, 49.2626031 ], [ -123.0891209, 49.2626327 ], [ -123.089119, 49.2629738 ], [ -123.0891171, 49.2633378 ], [ -123.0891177, 49.2633653 ], [ -123.089117, 49.2634228 ] ] } },
{ "type": "Feature", "properties": { "lts_score": 4, "facility_type": "mixed", "highway": "primary", "name": "East Broadway" }, "geometry": { "type": "LineString", "coordinates": [ [ -123.0891261, 49.26253 ], [ -123.0892593, 49.2625313 ], [ -123.0906468, 49.26254 ], [ -123.0906923, 49.2625399 ], [ -123.0907922, 49.26249 ] ] } },
{ "type": "Feature", "properties": { "lts_score": 1, "facility_type": "mixed", "highway": "residential", "name": "Saint George Street" }, "geometry": { "type": "LineString", "coordinates": [ [ -123.0931646, 49.2578757 ], [ -123.0932566, 49.257795 ] ] } },
{ "type": "Feature", "properties": { "lts_score": 1, "facility_type": "mixed", "highway": "residential", "name": "Saint George Street" }, "geometry": { "type": "LineString", "coordinates": [ [ -123.0931646, 49.2578757 ], [ -123.0931008, 49.2579343 ], [ -123.0930838, 49.2579639 ], [ -123.0930783, 49.2580095 ], [ -123.0930538, 49.2587896 ], [ -123.0930535, 49.2588108 ] ] } },
{ "type": "Feature", "properties": { "lts_score": 4, "facility_type": "mixed", "highway": "primary", "name": "Kingsway" }, "geometry": { "type": "LineString", "coordinates": [ [ -123.0931646, 49.2578757 ], [ -123.093289, 49.2579413 ], [ -123.093629, 49.2581205 ], [ -123.0939573, 49.2583104 ], [ -123.0944184, 49.2585761 ], [ -123.0946433, 49.2587076 ], [ -123.094859, 49.2588382 ], [ -123.0950933, 49.2589789 ] ] } },
{ "type": "Feature", "properties": { "lts_score": 1, "facility_type": "mixed", "highway": "residential", "name": "Saint George Street" }, "geometry": { "type": "LineString", "coordinates": [ [ -123.0932566, 49.257795 ], [ -123.0931646, 49.2578757 ] ] } },
{ "type": "Feature", "properties": { "lts_score": 4, "facility_type": "mixed", "highway": "primary", "name": "Kingsway" }, "geometry": { "type": "LineString", "coordinates": [ [ -123.0932566, 49.257795 ], [ -123.0930781, 49.25771 ], [ -123.0928274, 49.2576073 ] ] } },
{ "type": "Feature", "properties": { "lts_score": 4, "facility_type": "mixed", "highway": "primary", "name": "East Broadway" }, "geometry": { "type": "LineString", "coordinates": [ [ -123.0795552, 49.2624018 ], [ -123.0794083, 49.2623568 ], [ -123.0788249, 49.2623431 ], [ -123.0784957, 49.2623402 ], [ -123.077834, 49.2623345 ], [ -123.0777868, 49.262334 ], [ -123.0776451, 49.262332 ] ] } },
{ "type": "Feature", "properties": { "lts_score": 4, "facility_type": "mixed", "highway": "primary", "name": "East Broadway" }, "geometry": { "type": "LineString", "coordinates": [ [ -123.0795552, 49.2624018 ], [ -123.0812097, 49.2624107 ], [ -123.0812543, 49.2624113 ], [ -123.0813787, 49.2624136 ] ] } },
{ "type": "Feature", "properties": { "lts_score": 4, "facility_type": "mixed", "highway": "secondary", "name": "Clark Drive" }, "geometry": { "type": "LineString", "coordinates": [ [ -123.0776399, 49.2624493 ], [ -123.0776451, 49.262332 ] ] } },
{ "type": "Feature", "properties": { "lts_score": 4, "facility_type": "mixed", "highway": "primary", "name": "East Broadway" }, "geometry": { "type": "LineString", "coordinates": [ [ -123.0776399, 49.2624493 ], [ -123.077784, 49.2624519 ], [ -123.0780101, 49.2624559 ], [ -123.0794077, 49.2624553 ], [ -123.0795552, 49.2624018 ] ] } },
{ "type": "Feature", "properties": { "lts_score": 4, "facility_type": "mixed", "highway": "secondary", "name": "Clark Drive" }, "geometry": { "type": "LineString", "coordinates": [ [ -123.0776451, 49.262332 ], [ -123.0776486, 49.2622528 ], [ -123.0776646, 49.2618892 ], [ -123.0776655, 49.2615266 ], [ -123.0776654, 49.2615009 ], [ -123.0776652, 49.2614345 ] ] } },
{ "type": "Feature", "properties": { "lts_score": 4, "facility_type": "mixed", "highway": "secondary", "name": "Clark Drive" }, "geometry": { "type": "LineString", "coordinates": [ [ -123.0776652, 49.2614345 ], [ -123.0776642, 49.2613706 ], [ -123.0776521, 49.2605968 ], [ -123.0776515, 49.260533 ] ] } },
{ "type": "Feature", "properties": { "lts_score": 1, "facility_type": "mixed", "highway": "residential", "name": "East 10th Avenue" }, "geometry": { "type": "LineString", "coordinates": [ [ -123.0776652, 49.2614345 ], [ -123.0777746, 49.261435 ], [ -123.0778052, 49.2614344 ], [ -123.0781063, 49.2614405 ] ] } },
{ "type": "Feature", "properties": { "lts_score": 4, "facility_type": "mixed", "highway": "secondary", "name": "East 2nd Avenue" }, "geometry": { "type": "LineString", "coordinates": [ [ -123.1017073, 49.2691928 ], [ -123.1020391, 49.2691936 ], [ -123.1024028, 49.2691991 ], [ -123.1024608, 49.2692 ], [ -123.1025152, 49.2692009 ], [ -123.102663, 49.2692031 ] ] } },
{ "type": "Feature", "properties": { "lts_score": 4, "facility_type": "mixed", "highway": "secondary", "name": "East 2nd Avenue" }, "geometry": { "type": "LineString", "coordinates": [ [ -123.1017073, 49.2691928 ], [ -123.1015549, 49.2691361 ], [ -123.1015008, 49.2691348 ], [ -123.1013493, 49.2691277 ], [ -123.1012098, 49.2691154 ], [ -123.1010779, 49.2690978 ], [ -123.1009611, 49.2690808 ], [ -123.100918, 49.2690745 ], [ -123.1008046, 49.2690392 ] ] } },
{ "type": "Feature", "properties": { "lts_score": 4, "facility_type": "mixed", "highway": "secondary", "name": "East 2nd Avenue" }, "geometry": { "type": "LineString", "coordinates": [ [ -123.1041631, 49.269239 ], [ -123.102896, 49.2692087 ], [ -123.1028486, 49.2692076 ], [ -123.1027946, 49.2692062 ], [ -123.102663, 49.2692031 ] ] } },
{ "type": "Feature", "properties": { "lts_score": 4, "facility_type": "mixed", "highway": "secondary", "name": "East 2nd Avenue" }, "geometry": { "type": "LineString", "coordinates": [ [ -123.1041631, 49.269239 ], [ -123.1042723, 49.2692769 ], [ -123.1044988, 49.2692835 ], [ -123.1045394, 49.2692844 ], [ -123.1046093, 49.2692861 ], [ -123.1046613, 49.2692873 ], [ -123.1046918, 49.2692881 ] ] } },
{ "type": "Feature", "properties": { "lts_score": 3, "facility_type": "mixed", "highway": "secondary", "name": "West 2nd Avenue" }, "geometry": { "type": "LineString", "coordinates": [ [ -123.1046918, 49.2692881 ], [ -123.1047788, 49.2692901 ], [ -123.1052171, 49.2692885 ], [ -123.1053665, 49.2692505 ] ] } },
{ "type": "Feature", "properties": { "lts_score": 1, "facility_type": "mixed", "highway": "residential", "name": "Ontario Street" }, "geometry": { "type": "LineString", "coordinates": [ [ -123.104656, 49.2691927 ], [ -123.1046589, 49.2691146 ], [ -123.10466, 49.2690873 ], [ -123.104673, 49.2687428 ], [ -123.1046861, 49.2683789 ], [ -123.1046893, 49.268292 ] ] } },
{ "type": "Feature", "properties": { "lts_score": 4, "facility_type": "mixed", "highway": "secondary", "name": "East 2nd Avenue" }, "geometry": { "type": "LineString", "coordinates": [ [ -123.104656, 49.2691927 ], [ -123.104543, 49.26919 ], [ -123.1042755, 49.269186 ], [ -123.1041631, 49.269239 ] ] } },
{ "type": "Feature", "properties": { "lts_score": 4, "facility_type": "mixed", "highway": "primary", "name": "Main Street" }, "geometry": { "type": "LineString", "coordinates": [ [ -123.100793, 49.2691535 ], [ -123.1008046, 49.2690392 ] ] } },
{ "type": "Feature", "properties": { "lts_score": 4, "facility_type": "mixed", "highway": "secondary", "name": "East 2nd Avenue" }, "geometry": { "type": "LineString", "coordinates": [ [ -123.100793, 49.2691535 ], [ -123.100914, 49.2691853 ], [ -123.1010608, 49.2692102 ], [ -123.1012182, 49.269227 ], [ -123.1014409, 49.2692424 ], [ -123.1015441, 49.2692466 ], [ -123.1017073, 49.2691928 ] ] } },
{ "type": "Feature", "properties": { "lts_score": 4, "facility_type": "mixed", "highway": "secondary", "name": "East 2nd Avenue" }, "geometry": { "type": "LineString", "coordinates": [ [ -123.100633, 49.2689859 ], [ -123.100525, 49.2689525 ], [ -123.1003791, 49.268893 ], [ -123.1002805, 49.2688512 ], [ -123.1000807, 49.268755 ], [ -123.0998115, 49.268606 ], [ -123.0997273, 49.2685593 ] ] } },
{ "type": "Feature", "properties": { "lts_score": 3, "facility_type": "mixed", "highway": "tertiary", "name": "Fraser Street" }, "geometry": { "type": "LineString", "coordinates": [ [ -123.089216, 49.2579405 ], [ -123.0892178, 49.2578861 ], [ -123.089218, 49.2578611 ], [ -123.0892256, 49.2576189 ], [ -123.089233, 49.2575275 ], [ -123.0892475, 49.2574683 ] ] } },
{ "type": "Feature", "properties": { "lts_score": 3, "facility_type": "mixed", "highway": "tertiary", "name": "Fraser Street" }, "geometry": { "type": "LineString", "coordinates": [ [ -123.089216, 49.2579405 ], [ -123.0892147, 49.2579932 ], [ -123.089215, 49.2580162 ], [ -123.0892119, 49.2583662 ], [ -123.0892024, 49.2587509 ], [ -123.0892008, 49.2588143 ] ] } },
{ "type": "Feature", "properties": { "lts_score": 1, "facility_type": "mixed", "highway": "residential", "name": [ "Carolina Street", "East 14th Avenue" ] }, "geometry": { "type": "LineString", "coordinates": [ [ -123.089216, 49.2579405 ], [ -123.0893348, 49.257919 ], [ -123.0893623, 49.2579166 ], [ -123.0906979, 49.2579233 ], [ -123.0910472, 49.2579269 ], [ -123.0910897, 49.257938 ], [ -123.0911206, 49.257959 ], [ -123.0911291, 49.2579907 ], [ -123.0911286, 49.2583768 ], [ -123.091133, 49.2587703 ], [ -123.0911325, 49.2587921 ] ] } },
{ "type": "Feature", "properties": { "lts_score": 2, "facility_type": "mixed", "highway": "tertiary", "name": "Fraser Street" }, "geometry": { "type": "LineString", "coordinates": [ [ -123.089131, 49.2624328 ], [ -123.0891261, 49.26253 ] ] } },
{ "type": "Feature", "properties": { "lts_score": 4, "facility_type": "mixed", "highway": "primary", "name": "East Broadway" }, "geometry": { "type": "LineString", "coordinates": [ [ -123.089131, 49.2624328 ], [ -123.0889985, 49.2624314 ], [ -123.0873621, 49.2624261 ], [ -123.0873131, 49.262426 ], [ -123.0871835, 49.2624706 ] ] } },
{ "type": "Feature", "properties": { "lts_score": 3, "facility_type": "mixed", "highway": "tertiary", "name": "Fraser Street" }, "geometry": { "type": "LineString", "coordinates": [ [ -123.089131, 49.2624328 ], [ -123.0891354, 49.2623474 ], [ -123.0891367, 49.2623211 ], [ -123.0891437, 49.2619812 ], [ -123.0891502, 49.2616265 ], [ -123.0891506, 49.2615975 ], [ -123.0891516, 49.2615328 ] ] } },
{ "type": "Feature", "properties": { "lts_score": 1, "facility_type": "mixed", "highway": "residential", "name": "East 10th Avenue" }, "geometry": { "type": "LineString", "coordinates": [ [ -123.0891516, 49.2615328 ], [ -123.0892739, 49.2615356 ], [ -123.0893032, 49.2615363 ], [ -123.0909824, 49.2615462 ], [ -123.0910089, 49.2615464 ] ] } },
{ "type": "Feature", "properties": { "lts_score": 1, "facility_type": "mixed", "highway": "residential", "name": "East 10th Avenue" }, "geometry": { "type": "LineString", "coordinates": [ [ -123.0891516, 49.2615328 ], [ -123.0890222, 49.2615298 ], [ -123.0889935, 49.2615291 ], [ -123.087308, 49.2615132 ], [ -123.0872793, 49.261513 ] ] } },
{ "type": "Feature", "properties": { "lts_score": 3, "facility_type": "mixed", "highway": "tertiary", "name": "Fraser Street" }, "geometry": { "type": "LineString", "coordinates": [ [ -123.0891516, 49.2615328 ], [ -123.0891526, 49.2614689 ], [ -123.0891531, 49.2614347 ], [ -123.0891534, 49.261078 ], [ -123.0891612, 49.2606913 ], [ -123.0891625, 49.260624 ] ] } },
{ "type": "Feature", "properties": { "lts_score": 3, "facility_type": "mixed", "highway": "tertiary", "name": "Fraser Street" }, "geometry": { "type": "LineString", "coordinates": [ [ -123.0891516, 49.2615328 ], [ -123.0891506, 49.2615975 ], [ -123.0891502, 49.2616265 ], [ -123.0891437, 49.2619812 ], [ -123.0891367, 49.2623211 ], [ -123.0891354, 49.2623474 ], [ -123.089131, 49.2624328 ] ] } },
{ "type": "Feature", "properties": { "lts_score": 4, "facility_type": "mixed", "highway": "primary", "name": "Kingsway" }, "geometry": { "type": "LineString", "coordinates": [ [ -123.0904385, 49.2569994 ], [ -123.0900119, 49.2567981 ], [ -123.0899857, 49.2567856 ], [ -123.0899473, 49.2567676 ], [ -123.0898924, 49.2567448 ] ] } },
{ "type": "Feature", "properties": { "lts_score": 4, "facility_type": "mixed", "highway": "primary", "name": "Kingsway" }, "geometry": { "type": "LineString", "coordinates": [ [ -123.0904385, 49.2569994 ], [ -123.0905071, 49.2570881 ], [ -123.0907911, 49.2572151 ] ] } },
{ "type": "Feature", "properties": { "lts_score": 4, "facility_type": "mixed", "highway": "tertiary", "name": "East 12th Avenue" }, "geometry": { "type": "LineString", "coordinates": [ [ -123.0974988, 49.2600438 ], [ -123.0973106, 49.2599461 ], [ -123.0970259, 49.2598953 ], [ -123.09688, 49.2598692 ], [ -123.0968246, 49.2598818 ], [ -123.0967196, 49.2599046 ] ] } },
{ "type": "Feature", "properties": { "lts_score": 4, "facility_type": "mixed", "highway": "tertiary", "name": "East 12th Avenue" }, "geometry": { "type": "LineString", "coordinates": [ [ -123.0974988, 49.2600438 ], [ -123.0976048, 49.2600628 ], [ -123.0981798, 49.2601654 ], [ -123.0982185, 49.2601725 ], [ -123.0983212, 49.2601836 ] ] } },
{ "type": "Feature", "properties": { "lts_score": 3, "facility_type": "mixed", "highway": "tertiary", "name": "East 12th Avenue" }, "geometry": { "type": "LineString", "coordinates": [ [ -123.0967196, 49.2599046 ], [ -123.0964513, 49.2598537 ] ] } },
{ "type": "Feature", "properties": { "lts_score": 4, "facility_type": "mixed", "highway": "primary", "name": "Kingsway" }, "geometry": { "type": "LineString", "coordinates": [ [ -123.0967196, 49.2599046 ], [ -123.0965671, 49.2597621 ], [ -123.0963747, 49.2596017 ], [ -123.0962944, 49.2595347 ] ] } },
{ "type": "Feature", "properties": { "lts_score": 3, "facility_type": "mixed", "highway": "tertiary", "name": "East 12th Avenue" }, "geometry": { "type": "LineString", "coordinates": [ [ -123.0967196, 49.2599046 ], [ -123.0969216, 49.2599765 ], [ -123.0972716, 49.260039 ], [ -123.0974988, 49.2600438 ] ] } },
{ "type": "Feature", "properties": { "lts_score": 4, "facility_type": "mixed", "highway": "tertiary", "name": "East 12th Avenue" }, "geometry": { "type": "LineString", "coordinates": [ [ -123.0983212, 49.2601836 ], [ -123.0984366, 49.260196 ], [ -123.0984754, 49.260197 ], [ -123.0987462, 49.2602013 ], [ -123.0991467, 49.260201 ], [ -123.099368, 49.2602009 ], [ -123.1001994, 49.2602002 ], [ -123.1004533, 49.2602 ], [ -123.1008587, 49.2601993 ], [ -123.100894, 49.2601992 ], [ -123.1009978, 49.2602007 ] ] } },
{ "type": "Feature", "properties": { "lts_score": 1, "facility_type": "mixed", "highway": "residential", "name": "Sophia Street" }, "geometry": { "type": "LineString", "coordinates": [ [ -123.0983212, 49.2601836 ], [ -123.0983208, 49.2602733 ], [ -123.0983207, 49.2602976 ], [ -123.0983022, 49.2605492 ], [ -123.0983022, 49.2606353 ], [ -123.0983025, 49.2607056 ], [ -123.0982942, 49.2610067 ], [ -123.0982935, 49.2610291 ], [ -123.0982905, 49.2610933 ] ] } },
{ "type": "Feature", "properties": { "lts_score": 1, "facility_type": "mixed", "highway": "residential", "name": "Sophia Street" }, "geometry": { "type": "LineString", "coordinates": [ [ -123.0983212, 49.2601836 ], [ -123.0983217, 49.2600663 ], [ -123.0983217, 49.2600508 ], [ -123.0983357, 49.2597387 ], [ -123.0983522, 49.2593489 ], [ -123.098354, 49.2593151 ] ] } },
{ "type": "Feature", "properties": { "lts_score": 4, "facility_type": "mixed", "highway": "tertiary", "name": "East 12th Avenue" }, "geometry": { "type": "LineString", "coordinates": [ [ -123.0983212, 49.2601836 ], [ -123.0982185, 49.2601725 ], [ -123.0981798, 49.2601654 ], [ -123.0976048, 49.2600628 ], [ -123.0974988, 49.2600438 ] ] } },
{ "type": "Feature", "properties": { "lts_score": 1, "facility_type": "mixed", "highway": "residential", "name": "East 10th Avenue" }, "geometry": { "type": "LineString", "coordinates": [ [ -123.1010138, 49.2620132 ], [ -123.1012197, 49.2620207 ], [ -123.1012481, 49.2620217 ], [ -123.101679, 49.2620273 ], [ -123.1024575, 49.262041 ], [ -123.1029206, 49.2620492 ], [ -123.1030094, 49.2620502 ] ] } },
{ "type": "Feature", "properties": { "lts_score": 4, "facility_type": "mixed", "highway": "secondary", "name": "Main Street" }, "geometry": { "type": "LineString", "coordinates": [ [ -123.1010138, 49.2620132 ], [ -123.101016, 49.2619399 ], [ -123.1010169, 49.2619114 ], [ -123.1010327, 49.2615784 ], [ -123.1010539, 49.2612276 ] ] } },
{ "type": "Feature", "properties": { "lts_score": 1, "facility_type": "mixed", "highway": "residential", "name": "East 10th Avenue" }, "geometry": { "type": "LineString", "coordinates": [ [ -123.1010138, 49.2620132 ], [ -123.1008159, 49.2620061 ], [ -123.1007908, 49.2620052 ], [ -123.1004547, 49.2620003 ], [ -123.1004417, 49.2620002 ], [ -123.100353, 49.2619994 ] ] } },
{ "type": "Feature", "properties": { "lts_score": 4, "facility_type": "mixed", "highway": "secondary", "name": "Main Street" }, "geometry": { "type": "LineString", "coordinates": [ [ -123.1010138, 49.2620132 ], [ -123.1010114, 49.2620931 ], [ -123.1010105, 49.2621242 ], [ -123.1010035, 49.2623356 ], [ -123.1009782, 49.2627833 ], [ -123.1009771, 49.2628002 ], [ -123.1009723, 49.2629109 ] ] } },
{ "type": "Feature", "properties": { "lts_score": 3, "facility_type": "mixed", "highway": "primary", "name": "Kingsway" }, "geometry": { "type": "LineString", "coordinates": [ [ -123.100965, 49.2646135 ], [ -123.1009239, 49.2644237 ], [ -123.1008229, 49.2642888 ] ] } },
{ "type": "Feature", "properties": { "lts_score": 3, "facility_type": "mixed", "highway": "tertiary", "name": "East 7th Avenue" }, "geometry": { "type": "LineString", "coordinates": [ [ -123.100965, 49.2646135 ], [ -123.101093, 49.2646154 ], [ -123.101154, 49.2646163 ], [ -123.1014526, 49.2646208 ], [ -123.1015507, 49.2646212 ], [ -123.1016961, 49.2646154 ], [ -123.1017798, 49.2646133 ], [ -123.1022611, 49.2646235 ], [ -123.1027737, 49.2646344 ], [ -123.1028079, 49.2646351 ], [ -123.102906, 49.2646366 ] ] } },
{ "type": "Feature", "properties": { "lts_score": 3, "facility_type": "bike_lane", "highway": "secondary", "name": "Main Street" }, "geometry": { "type": "LineString", "coordinates": [ [ -123.100965, 49.2646135 ], [ -123.1010047, 49.2645063 ], [ -123.1010045, 49.2643087 ], [ -123.1010045, 49.2642792 ], [ -123.1010018, 49.2641724 ], [ -123.1010031, 49.2640851 ], [ -123.101004, 49.2640574 ], [ -123.1010147, 49.2637888 ], [ -123.1010182, 49.2637014 ] ] } },
{ "type": "Feature", "properties": { "lts_score": 1, "facility_type": "mixed", "highway": "residential", "name": "East 7th Avenue" }, "geometry": { "type": "LineString", "coordinates": [ [ -123.100807, 49.2645992 ], [ -123.100698, 49.2645976 ], [ -123.1006619, 49.2645971 ], [ -123.1000612, 49.2645882 ], [ -123.0990495, 49.2645751 ], [ -123.0990272, 49.2645764 ], [ -123.098903, 49.2645791 ] ] } },
{ "type": "Feature", "properties": { "lts_score": 4, "facility_type": "mixed", "highway": "primary", "name": "Main Street" }, "geometry": { "type": "LineString", "coordinates": [ [ -123.100807, 49.2645992 ], [ -123.100801, 49.264765 ], [ -123.1008758, 49.2648351 ] ] } },
{ "type": "Feature", "properties": { "lts_score": 1, "facility_type": "mixed", "highway": "residential", "name": "East 13th Avenue" }, "geometry": { "type": "LineString", "coordinates": [ [ -123.1011324, 49.2593106 ], [ -123.101327, 49.2593136 ], [ -123.1013559, 49.2593141 ], [ -123.1017011, 49.2593182 ], [ -123.1018661, 49.2593213 ], [ -123.102009, 49.259324 ], [ -123.1026115, 49.2593358 ], [ -123.1029967, 49.2593433 ], [ -123.1030262, 49.2593439 ], [ -123.1031375, 49.2593448 ] ] } },
{ "type": "Feature", "properties": { "lts_score": 1, "facility_type": "mixed", "highway": "residential", "name": "East 13th Avenue" }, "geometry": { "type": "LineString", "coordinates": [ [ -123.1011324, 49.2593106 ], [ -123.1009217, 49.2593073 ], [ -123.1009066, 49.259307 ], [ -123.1004993, 49.2593184 ], [ -123.0984666, 49.2592814 ], [ -123.0984107, 49.2592807 ] ] } },
{ "type": "Feature", "properties": { "lts_score": 3, "facility_type": "mixed", "highway": "secondary", "name": "Main Street" }, "geometry": { "type": "LineString", "coordinates": [ [ -123.1011324, 49.2593106 ], [ -123.1011453, 49.258954 ], [ -123.1011616, 49.2585088 ], [ -123.1011625, 49.2584763 ], [ -123.1011649, 49.2584069 ] ] } },
{ "type": "Feature", "properties": { "lts_score": 4, "facility_type": "mixed", "highway": "secondary", "name": "Main Street" }, "geometry": { "type": "LineString", "coordinates": [ [ -123.1011324, 49.2593106 ], [ -123.1010399, 49.2593943 ], [ -123.1010363, 49.2594874 ], [ -123.1010297, 49.2596007 ], [ -123.1010039, 49.2600855 ], [ -123.101003, 49.2601032 ], [ -123.1009978, 49.2602007 ] ] } },
{ "type": "Feature", "properties": { "lts_score": 4, "facility_type": "mixed", "highway": "primary", "name": "East Broadway" }, "geometry": { "type": "LineString", "coordinates": [ [ -123.0995111, 49.2628635 ], [ -123.0992553, 49.2628543 ], [ -123.0992042, 49.2628527 ], [ -123.0989661, 49.2628463 ] ] } },
{ "type": "Feature", "properties": { "lts_score": 4, "facility_type": "mixed", "highway": "primary", "name": "East Broadway" }, "geometry": { "type": "LineString", "coordinates": [ [ -123.0995111, 49.2628635 ], [ -123.0997689, 49.2628728 ], [ -123.0998306, 49.2628747 ], [ -123.100301, 49.2628898 ], [ -123.100753, 49.2629032 ], [ -123.1007897, 49.2629045 ], [ -123.1009723, 49.2629109 ] ] } },
{ "type": "Feature", "properties": { "lts_score": 4, "facility_type": "mixed", "highway": "primary", "name": "Kingsway" }, "geometry": { "type": "LineString", "coordinates": [ [ -123.0995111, 49.2628635 ], [ -123.0995126, 49.2629684 ], [ -123.1001073, 49.2636341 ] ] } },
{ "type": "Feature", "properties": { "lts_score": 4, "facility_type": "mixed", "highway": "primary", "name": "Kingsway" }, "geometry": { "type": "LineString", "coordinates": [ [ -123.0995111, 49.2628635 ], [ -123.0994106, 49.2627497 ], [ -123.0993743, 49.26271 ], [ -123.0991668, 49.2624793 ], [ -123.0988212, 49.2621325 ], [ -123.0987688, 49.2620799 ], [ -123.098726, 49.262037 ], [ -123.0986794, 49.2619902 ] ] } },
{ "type": "Feature", "properties": { "lts_score": 4, "facility_type": "mixed", "highway": "primary", "name": "Kingsway" }, "geometry": { "type": "LineString", "coordinates": [ [ -123.0981429, 49.2614518 ], [ -123.09791, 49.2612035 ], [ -123.0978671, 49.2611602 ], [ -123.0977988, 49.261084 ] ] } },
{ "type": "Feature", "properties": { "lts_score": 3, "facility_type": "mixed", "highway": "residential", "name": "Sophia Street" }, "geometry": { "type": "LineString", "coordinates": [ [ -123.0981429, 49.2614518 ], [ -123.0982508, 49.2613725 ], [ -123.0982709, 49.2613375 ], [ -123.0982847, 49.2611846 ], [ -123.0982866, 49.261163 ], [ -123.0982905, 49.2610933 ] ] } },
{ "type": "Feature", "properties": { "lts_score": 4, "facility_type": "mixed", "highway": "primary", "name": "Kingsway" }, "geometry": { "type": "LineString", "coordinates": [ [ -123.0981429, 49.2614518 ], [ -123.098274, 49.2615832 ], [ -123.098518, 49.2618295 ], [ -123.0985782, 49.2618886 ], [ -123.0986104, 49.2619199 ], [ -123.0986794, 49.2619902 ] ] } },
{ "type": "Feature", "properties": { "lts_score": 4, "facility_type": "mixed", "highway": "primary", "name": "East Broadway" }, "geometry": { "type": "LineString", "coordinates": [ [ -123.1009723, 49.2629109 ], [ -123.1011632, 49.2629176 ], [ -123.1012486, 49.2629194 ], [ -123.1017747, 49.2629327 ], [ -123.1019059, 49.262936 ], [ -123.1029079, 49.2629613 ], [ -123.1029432, 49.2629622 ], [ -123.1030899, 49.2629659 ], [ -123.1032364, 49.2629696 ], [ -123.1033124, 49.2629715 ], [ -123.1036074, 49.262979 ], [ -123.1039416, 49.2629874 ], [ -123.1047525, 49.2630078 ], [ -123.104792, 49.2630088 ], [ -123.104897, 49.2630115 ] ] } },
{ "type": "Feature", "properties": { "lts_score": 4, "facility_type": "mixed", "highway": "primary", "name": "East Broadway" }, "geometry": { "type": "LineString", "coordinates": [ [ -123.1009723, 49.2629109 ], [ -123.1007897, 49.2629045 ], [ -123.100753, 49.2629032 ], [ -123.100301, 49.2628898 ], [ -123.0998306, 49.2628747 ], [ -123.0997689, 49.2628728 ], [ -123.0995111, 49.2628635 ] ] } },
{ "type": "Feature", "properties": { "lts_score": 4, "facility_type": "mixed", "highway": "secondary", "name": "Main Street" }, "geometry": { "type": "LineString", "coordinates": [ [ -123.1009723, 49.2629109 ], [ -123.1009771, 49.2628002 ], [ -123.1009782, 49.2627833 ], [ -123.1010035, 49.2623356 ], [ -123.1010105, 49.2621242 ], [ -123.1010114, 49.2620931 ], [ -123.1010138, 49.2620132 ] ] } },
{ "type": "Feature", "properties": { "lts_score": 4, "facility_type": "mixed", "highway": "secondary", "name": "Main Street" }, "geometry": { "type": "LineString", "coordinates": [ [ -123.1009723, 49.2629109 ], [ -123.100883, 49.263019 ], [ -123.1008738, 49.2632799 ], [ -123.1008553, 49.2636985 ], [ -123.1008335, 49.2640226 ], [ -123.1008315, 49.2640547 ], [ -123.1008311, 49.2640818 ], [ -123.1008229, 49.2642888 ] ] } },
{ "type": "Feature", "properties": { "lts_score": 1, "facility_type": "mixed", "highway": "residential", "name": "Saint George Street" }, "geometry": { "type": "LineString", "coordinates": [ [ -123.0930383, 49.259753 ], [ -123.0930375, 49.2598237 ], [ -123.0930371, 49.2598528 ], [ -123.0930368, 49.2600712 ], [ -123.0930364, 49.2601995 ], [ -123.0930356, 49.2604331 ], [ -123.0930351, 49.260571 ], [ -123.0930349, 49.26059 ], [ -123.0930341, 49.2606561 ] ] } },
{ "type": "Feature", "properties": { "lts_score": 1, "facility_type": "mixed", "highway": "residential", "name": "Saint George Street" }, "geometry": { "type": "LineString", "coordinates": [ [ -123.0930383, 49.259753 ], [ -123.093039, 49.2596881 ], [ -123.0930393, 49.2596664 ], [ -123.0930408, 49.2595773 ], [ -123.0930458, 49.2593026 ], [ -123.093052, 49.2589149 ], [ -123.0930524, 49.2588923 ] ] } },
{ "type": "Feature", "properties": { "lts_score": 3, "facility_type": "mixed", "highway": "tertiary", "name": "East 12th Avenue" }, "geometry": { "type": "LineString", "coordinates": [ [ -123.0930383, 49.259753 ], [ -123.0931493, 49.2597536 ], [ -123.0931837, 49.2597538 ], [ -123.0949742, 49.2597631 ] ] } },
{ "type": "Feature", "properties": { "lts_score": 3, "facility_type": "mixed", "highway": "tertiary", "name": "East 12th Avenue" }, "geometry": { "type": "LineString", "coordinates": [ [ -123.0930383, 49.259753 ], [ -123.0929463, 49.2597525 ], [ -123.0928938, 49.2597522 ], [ -123.0912183, 49.2597354 ], [ -123.0911136, 49.2597343 ] ] } },
{ "type": "Feature", "properties": { "lts_score": 4, "facility_type": "mixed", "highway": "secondary", "name": "East 2nd Avenue" }, "geometry": { "type": "LineString", "coordinates": [ [ -123.102663, 49.2692031 ], [ -123.1027946, 49.2692062 ], [ -123.1028486, 49.2692076 ], [ -123.102896, 49.2692087 ], [ -123.1041631, 49.269239 ] ] } },
{ "type": "Feature", "properties": { "lts_score": 4, "facility_type": "mixed", "highway": "secondary", "name": "Quebec Street" }, "geometry": { "type": "LineString", "coordinates": [ [ -123.102663, 49.2692031 ], [ -123.102652, 49.2693349 ], [ -123.1026497, 49.2693723 ], [ -123.1026294, 49.2697096 ], [ -123.102607, 49.2700344 ], [ -123.102605, 49.2700635 ], [ -123.102603, 49.2700966 ], [ -123.1025985, 49.2701859 ] ] } },
{ "type": "Feature", "properties": { "lts_score": 4, "facility_type": "mixed", "highway": "secondary", "name": "East 2nd Avenue" }, "geometry": { "type": "LineString", "coordinates": [ [ -123.102663, 49.2692031 ], [ -123.1025152, 49.2692009 ], [ -123.1024608, 49.2692 ], [ -123.1024028, 49.2691991 ], [ -123.1020391, 49.2691936 ], [ -123.1017073, 49.2691928 ] ] } },
{ "type": "Feature", "properties": { "lts_score": 3, "facility_type": "mixed", "highway": "unclassified", "name": "Quebec Street" }, "geometry": { "type": "LineString", "coordinates": [ [ -123.102663, 49.2692031 ], [ -123.102669, 49.2690753 ], [ -123.1026736, 49.2690356 ], [ -123.1026878, 49.2688413 ], [ -123.1027159, 49.2687135 ], [ -123.1027257, 49.2686424 ], [ -123.1027404, 49.2683395 ], [ -123.1027497, 49.2682556 ] ] } },
{ "type": "Feature", "properties": { "lts_score": 1, "facility_type": "mixed", "highway": "residential", "name": "East 1st Avenue" }, "geometry": { "type": "LineString", "coordinates": [ [ -123.1025985, 49.2701859 ], [ -123.102427, 49.2701831 ], [ -123.102375, 49.2701828 ], [ -123.1023301, 49.2701821 ], [ -123.1012972, 49.2701654 ], [ -123.101125, 49.2701579 ] ] } },
{ "type": "Feature", "properties": { "lts_score": 1, "facility_type": "mixed", "highway": "residential", "name": "East 1st Avenue" }, "geometry": { "type": "LineString", "coordinates": [ [ -123.1025985, 49.2701859 ], [ -123.1027768, 49.2701887 ], [ -123.1028295, 49.2701895 ], [ -123.102879, 49.2701903 ], [ -123.1037207, 49.2702034 ] ] } },
{ "type": "Feature", "properties": { "lts_score": 4, "facility_type": "mixed", "highway": "secondary", "name": "Quebec Street" }, "geometry": { "type": "LineString", "coordinates": [ [ -123.1025985, 49.2701859 ], [ -123.102603, 49.2700966 ], [ -123.102605, 49.2700635 ], [ -123.102607, 49.2700344 ], [ -123.1026294, 49.2697096 ], [ -123.1026497, 49.2693723 ], [ -123.102652, 49.2693349 ], [ -123.102663, 49.2692031 ] ] } },
{ "type": "Feature", "properties": { "lts_score": 4, "facility_type": "mixed", "highway": "secondary", "name": "Quebec Street" }, "geometry": { "type": "LineString", "coordinates": [ [ -123.1025985, 49.2701859 ], [ -123.102591, 49.270273 ], [ -123.1025891, 49.2703099 ], [ -123.102586, 49.2703378 ], [ -123.1025662, 49.2705188 ] ] } },
{ "type": "Feature", "properties": { "lts_score": 3, "facility_type": "mixed", "highway": "residential", "name": "Ontario Street" }, "geometry": { "type": "LineString", "coordinates": [ [ -123.1046426, 49.2702178 ], [ -123.1046481, 49.2701514 ], [ -123.1046511, 49.2701159 ], [ -123.1046687, 49.2697437 ], [ -123.1046854, 49.2693937 ], [ -123.1046866, 49.2693723 ], [ -123.1046918, 49.2692881 ] ] } },
{ "type": "Feature", "properties": { "lts_score": 1, "facility_type": "mixed", "highway": "residential", "name": "East 1st Avenue" }, "geometry": { "type": "LineString", "coordinates": [ [ -123.1046426, 49.2702178 ], [ -123.1045404, 49.2702162 ], [ -123.1044655, 49.270215 ], [ -123.1044141, 49.2702142 ], [ -123.1041267, 49.2702097 ], [ -123.1037207, 49.2702034 ] ] } },
{ "type": "Feature", "properties": { "lts_score": 1, "facility_type": "mixed", "highway": "residential", "name": "East 1st Avenue" }, "geometry": { "type": "LineString", "coordinates": [ [ -123.1046426, 49.2702178 ], [ -123.1047315, 49.2702192 ], [ -123.10478, 49.2702199 ], [ -123.1049844, 49.2702231 ] ] } },
{ "type": "Feature", "properties": { "lts_score": 1, "facility_type": "mixed", "highway": "residential", "name": "Manitoba Street" }, "geometry": { "type": "LineString", "coordinates": [ [ -123.1066436, 49.2701896 ], [ -123.1066692, 49.2702976 ] ] } },
{ "type": "Feature", "properties": { "lts_score": 1, "facility_type": "mixed", "highway": "residential", "name": "Manitoba Street" }, "geometry": { "type": "LineString", "coordinates": [ [ -123.1066436, 49.2701896 ], [ -123.1066304, 49.2701346 ], [ -123.1066241, 49.2701074 ], [ -123.1065636, 49.2697767 ], [ -123.1065857, 49.26942 ], [ -123.1065873, 49.2693945 ], [ -123.106576, 49.2692809 ] ] } },
{ "type": "Feature", "properties": { "lts_score": 1, "facility_type": "mixed", "highway": "residential", "name": "West 1st Avenue" }, "geometry": { "type": "LineString", "coordinates": [ [ -123.1066436, 49.2701896 ], [ -123.1065322, 49.2701862 ], [ -123.1060371, 49.2701755 ], [ -123.1054947, 49.2701863 ], [ -123.1052971, 49.2701834 ], [ -123.1052104, 49.2701869 ], [ -123.1049844, 49.2702231 ] ] } },
{ "type": "Feature", "properties": { "lts_score": 1, "facility_type": "mixed", "highway": "residential", "name": "Manitoba Street" }, "geometry": { "type": "LineString", "coordinates": [ [ -123.1066692, 49.2702976 ], [ -123.1066436, 49.2701896 ] ] } },
{ "type": "Feature", "properties": { "lts_score": 1, "facility_type": "mixed", "highway": "residential", "name": "Manitoba Street" }, "geometry": { "type": "LineString", "coordinates": [ [ -123.1066692, 49.2702976 ], [ -123.1066827, 49.2703544 ], [ -123.1066826, 49.2703833 ], [ -123.1066751, 49.2708687 ], [ -123.1066744, 49.2708949 ], [ -123.1066698, 49.2709373 ] ] } },
{ "type": "Feature", "properties": { "lts_score": 1, "facility_type": "bike_lane", "highway": "residential", "name": "West 1st Avenue" }, "geometry": { "type": "LineString", "coordinates": [ [ -123.1066692, 49.2702976 ], [ -123.1067805, 49.2703001 ], [ -123.1079627, 49.2703243 ], [ -123.1092754, 49.2703586 ], [ -123.1093201, 49.2703598 ], [ -123.109411, 49.2703616 ] ] } },
{ "type": "Feature", "properties": { "lts_score": 4, "facility_type": "mixed", "highway": "primary", "name": "Main Street" }, "geometry": { "type": "LineString", "coordinates": [ [ -123.1007629, 49.2701102 ], [ -123.1007639, 49.2700748 ], [ -123.1007663, 49.2700249 ], [ -123.1007687, 49.2698341 ], [ -123.1007677, 49.2696667 ], [ -123.1007744, 49.2694326 ], [ -123.1007799, 49.2693106 ], [ -123.100783, 49.2692721 ], [ -123.100793, 49.2691535 ] ] } },
{ "type": "Feature", "properties": { "lts_score": 4, "facility_type": "bike_lane", "highway": "secondary", "name": "Quebec Street" }, "geometry": { "type": "LineString", "coordinates": [ [ -123.1023073, 49.2712296 ], [ -123.1022654, 49.2713044 ], [ -123.1022436, 49.2713423 ], [ -123.1021189, 49.2715737 ], [ -123.1019435, 49.2719093 ] ] } },
{ "type": "Feature", "properties": { "lts_score": 1, "facility_type": "mixed", "highway": "residential", "name": "Switchmen Street" }, "geometry": { "type": "LineString", "coordinates": [ [ -123.1023073, 49.2712296 ], [ -123.1021612, 49.2712061 ], [ -123.1020858, 49.2711941 ], [ -123.1020387, 49.2711865 ], [ -123.10126, 49.2710415 ], [ -123.1008426, 49.2709725 ], [ -123.1008189, 49.2709683 ], [ -123.1006754, 49.270944 ] ] } },
{ "type": "Feature", "properties": { "lts_score": 4, "facility_type": "mixed", "highway": "secondary", "name": "Quebec Street" }, "geometry": { "type": "LineString", "coordinates": [ [ -123.1023073, 49.2712296 ], [ -123.1023474, 49.2711608 ], [ -123.1023725, 49.2711169 ], [ -123.102418, 49.2710226 ], [ -123.102461, 49.2709328 ] ] } },
{ "type": "Feature", "properties": { "lts_score": 1, "facility_type": "mixed", "highway": "residential", "name": "Switchmen Street" }, "geometry": { "type": "LineString", "coordinates": [ [ -123.1023073, 49.2712296 ], [ -123.1024455, 49.2712517 ], [ -123.1025351, 49.2712661 ], [ -123.1025942, 49.2712755 ], [ -123.1029009, 49.2713269 ], [ -123.1032125, 49.2713823 ] ] } },
{ "type": "Feature", "properties": { "lts_score": 1, "facility_type": "mixed", "highway": "residential", "name": "Columbia Street" }, "geometry": { "type": "LineString", "coordinates": [ [ -123.109411, 49.2703616 ], [ -123.109415, 49.2702567 ] ] } },
{ "type": "Feature", "properties": { "lts_score": 1, "facility_type": "mixed", "highway": "residential", "name": "Columbia Street" }, "geometry": { "type": "LineString", "coordinates": [ [ -123.109411, 49.2703616 ], [ -123.10941, 49.2704044 ], [ -123.1094085, 49.2704333 ], [ -123.109388, 49.2709395 ], [ -123.1093878, 49.270988 ] ] } },
{ "type": "Feature", "properties": { "lts_score": 1, "facility_type": "bike_lane", "highway": "residential", "name": "West 1st Avenue" }, "geometry": { "type": "LineString", "coordinates": [ [ -123.109411, 49.2703616 ], [ -123.109532, 49.2703643 ], [ -123.1096115, 49.2703658 ], [ -123.1097225, 49.2703625 ], [ -123.1097987, 49.2703544 ], [ -123.1098726, 49.2703401 ], [ -123.1099484, 49.2703205 ], [ -123.1100132, 49.2702989 ], [ -123.1100733, 49.2702734 ], [ -123.1100856, 49.2702672 ], [ -123.1101365, 49.2702425 ], [ -123.1102685, 49.2701694 ], [ -123.1103432, 49.2701286 ], [ -123.1107332, 49.269918 ] ] } },
{ "type": "Feature", "properties": { "lts_score": 1, "facility_type": "mixed", "highway": "residential", "name": "Columbia Street" }, "geometry": { "type": "LineString", "coordinates": [ [ -123.109415, 49.2702567 ], [ -123.109411, 49.2703616 ] ] } },
{ "type": "Feature", "properties": { "lts_score": 1, "facility_type": "mixed", "highway": "residential", "name": "Columbia Street" }, "geometry": { "type": "LineString", "coordinates": [ [ -123.109415, 49.2702567 ], [ -123.1094161, 49.2702029 ], [ -123.109416, 49.2701778 ], [ -123.1094217, 49.2698266 ], [ -123.1094267, 49.2694435 ], [ -123.109427, 49.2694168 ], [ -123.109429, 49.2692378 ] ] } },
{ "type": "Feature", "properties": { "lts_score": 1, "facility_type": "bike_lane", "highway": "residential", "name": "West 1st Avenue" }, "geometry": { "type": "LineString", "coordinates": [ [ -123.109415, 49.2702567 ], [ -123.1093232, 49.270256 ], [ -123.107966, 49.2702305 ], [ -123.1070658, 49.2702149 ], [ -123.106805, 49.2701967 ], [ -123.1067642, 49.270194 ], [ -123.1066436, 49.2701896 ] ] } },
{ "type": "Feature", "properties": { "lts_score": 3, "facility_type": "mixed", "highway": "secondary", "name": "East 2nd Avenue" }, "geometry": { "type": "LineString", "coordinates": [ [ -123.09626, 49.26689 ], [ -123.0961777, 49.2668748 ] ] } },
{ "type": "Feature", "properties": { "lts_score": 3, "facility_type": "mixed", "highway": "secondary", "name": "East 2nd Avenue" }, "geometry": { "type": "LineString", "coordinates": [ [ -123.09626, 49.26689 ], [ -123.0963267, 49.2669023 ], [ -123.0963692, 49.2669137 ], [ -123.0964432, 49.2669314 ], [ -123.0966823, 49.2669946 ], [ -123.0969425, 49.2670867 ], [ -123.0971737, 49.2671846 ], [ -123.0980678, 49.267694 ], [ -123.0981063, 49.2677159 ], [ -123.098203, 49.267771 ] ] } },
{ "type": "Feature", "properties": { "lts_score": 3, "facility_type": "mixed", "highway": "residential", "name": "Brunswick Street" }, "geometry": { "type": "LineString", "coordinates": [ [ -123.09626, 49.26689 ], [ -123.0963093, 49.2667786 ], [ -123.096353, 49.2666812 ], [ -123.0963489, 49.2666286 ] ] } },
{ "type": "Feature", "properties": { "lts_score": 1, "facility_type": "mixed", "highway": "residential", "name": "Brunswick Street" }, "geometry": { "type": "LineString", "coordinates": [ [ -123.0963489, 49.2666286 ], [ -123.0964039, 49.2665905 ], [ -123.0964304, 49.2665702 ], [ -123.0968153, 49.2662903 ] ] } },
{ "type": "Feature", "properties": { "lts_score": 1, "facility_type": "mixed", "highway": "residential", "name": "East 2nd Avenue" }, "geometry": { "type": "LineString", "coordinates": [ [ -123.0963489, 49.2666286 ], [ -123.0962653, 49.2665845 ], [ -123.0956628, 49.2662494 ], [ -123.0955765, 49.2662033 ] ] } },
{ "type": "Feature", "properties": { "lts_score": 3, "facility_type": "mixed", "highway": "residential", "name": "Brunswick Street" }, "geometry": { "type": "LineString", "coordinates": [ [ -123.0963489, 49.2666286 ], [ -123.096299, 49.2666643 ], [ -123.0962679, 49.2667006 ], [ -123.0962416, 49.2667461 ], [ -123.0962338, 49.2667624 ], [ -123.0961777, 49.2668748 ] ] } },
{ "type": "Feature", "properties": { "lts_score": 3, "facility_type": "mixed", "highway": "secondary", "name": "East 2nd Avenue" }, "geometry": { "type": "LineString", "coordinates": [ [ -123.0961777, 49.2668748 ], [ -123.09626, 49.26689 ] ] } },
{ "type": "Feature", "properties": { "lts_score": 3, "facility_type": "mixed", "highway": "secondary", "name": "Great Northern Way" }, "geometry": { "type": "LineString", "coordinates": [ [ -123.0961777, 49.2668748 ], [ -123.0960723, 49.2668575 ], [ -123.0960327, 49.2668522 ], [ -123.0958452, 49.2668309 ], [ -123.0955728, 49.2668142 ], [ -123.0951443, 49.2668108 ] ] } },
{ "type": "Feature", "properties": { "lts_score": 1, "facility_type": "mixed", "highway": "residential", "name": "East 5th Avenue" }, "geometry": { "type": "LineString", "coordinates": [ [ -123.1008229, 49.2664134 ], [ -123.1010031, 49.2664164 ], [ -123.1010457, 49.2664168 ], [ -123.101619, 49.2664238 ], [ -123.1026037, 49.2664397 ], [ -123.1026651, 49.2664406 ], [ -123.1026918, 49.2664412 ], [ -123.102726, 49.2664418 ], [ -123.1028248, 49.2664443 ] ] } },
{ "type": "Feature", "properties": { "lts_score": 1, "facility_type": "protected", "highway": "residential", "name": "East 5th Avenue" }, "geometry": { "type": "LineString", "coordinates": [ [ -123.1008229, 49.2664134 ], [ -123.1006573, 49.2664109 ], [ -123.1006322, 49.2664106 ], [ -123.1004943, 49.2664086 ], [ -123.1000218, 49.266402 ], [ -123.0989853, 49.2663799 ], [ -123.0989443, 49.2663786 ], [ -123.098831, 49.2663771 ] ] } },
{ "type": "Feature", "properties": { "lts_score": 4, "facility_type": "mixed", "highway": "primary", "name": "Main Street" }, "geometry": { "type": "LineString", "coordinates": [ [ -123.1008229, 49.2664134 ], [ -123.1008199, 49.2664995 ], [ -123.1008187, 49.2665328 ], [ -123.1007937, 49.2672478 ], [ -123.1007912, 49.26732 ] ] } },
{ "type": "Feature", "properties": { "lts_score": 4, "facility_type": "mixed", "highway": "primary", "name": "Main Street" }, "geometry": { "type": "LineString", "coordinates": [ [ -123.1008229, 49.2664134 ], [ -123.1008261, 49.2663217 ], [ -123.1008272, 49.2662905 ], [ -123.1008465, 49.2657387 ], [ -123.1008523, 49.2655715 ], [ -123.1008544, 49.265512 ] ] } },
{ "type": "Feature", "properties": { "lts_score": 1, "facility_type": "mixed", "highway": "residential", "name": "Prince Edward Street" }, "geometry": { "type": "LineString", "coordinates": [ [ -123.0960054, 49.2626429 ], [ -123.0959972, 49.2627628 ], [ -123.0959955, 49.262792 ], [ -123.0959486, 49.263157 ], [ -123.0959241, 49.2633961 ], [ -123.0959227, 49.2634104 ], [ -123.0959128, 49.2634892 ] ] } },
{ "type": "Feature", "properties": { "lts_score": 1, "facility_type": "mixed", "highway": "residential", "name": [ "Prince Edward Street", "East 10th Avenue" ] }, "geometry": { "type": "LineString", "coordinates": [ [ -123.0960054, 49.2626429 ], [ -123.096012, 49.2624946 ], [ -123.0960132, 49.2624783 ], [ -123.0960568, 49.2621372 ], [ -123.0960668, 49.262043 ], [ -123.0960752, 49.2620211 ], [ -123.096082, 49.2620121 ], [ -123.0961006, 49.2619946 ], [ -123.0961725, 49.2619677 ], [ -123.0961901, 49.2619679 ], [ -123.0967441, 49.2619757 ] ] } },
{ "type": "Feature", "properties": { "lts_score": 4, "facility_type": "mixed", "highway": "primary", "name": "East Broadway" }, "geometry": { "type": "LineString", "coordinates": [ [ -123.0960054, 49.2626429 ], [ -123.095881, 49.2626145 ], [ -123.0958438, 49.262607 ], [ -123.0957146, 49.2625808 ], [ -123.0955922, 49.2625602 ], [ -123.0954202, 49.2625399 ], [ -123.0952185, 49.2625269 ], [ -123.0949407, 49.2625227 ] ] } },
{ "type": "Feature", "properties": { "lts_score": 4, "facility_type": "mixed", "highway": "primary", "name": "East Broadway" }, "geometry": { "type": "LineString", "coordinates": [ [ -123.0960054, 49.2626429 ], [ -123.096136, 49.262671 ], [ -123.0961694, 49.262678 ], [ -123.0963429, 49.2627139 ], [ -123.0965636, 49.2627609 ], [ -123.096699, 49.262783 ], [ -123.0968525, 49.2627954 ], [ -123.0970402, 49.2628008 ] ] } },
{ "type": "Feature", "properties": { "lts_score": 4, "facility_type": "mixed", "highway": "primary", "name": "East Broadway" }, "geometry": { "type": "LineString", "coordinates": [ [ -123.0910636, 49.262492 ], [ -123.0907922, 49.26249 ] ] } },
{ "type": "Feature", "properties": { "lts_score": 1, "facility_type": "mixed", "highway": "residential", "name": "Carolina Street" }, "geometry": { "type": "LineString", "coordinates": [ [ -123.0910636, 49.262492 ], [ -123.091063, 49.2626045 ], [ -123.0910626, 49.2626316 ], [ -123.0910615, 49.2627137 ], [ -123.0910577, 49.2629986 ], [ -123.0910529, 49.2633804 ], [ -123.0910524, 49.2633948 ] ] } },
{ "type": "Feature", "properties": { "lts_score": 1, "facility_type": "mixed", "highway": "residential", "name": "Carolina Street" }, "geometry": { "type": "LineString", "coordinates": [ [ -123.0910636, 49.262492 ], [ -123.0910642, 49.262378 ], [ -123.0910642, 49.2623437 ], [ -123.0910724, 49.2620003 ], [ -123.091083, 49.2616138 ], [ -123.0910833, 49.2615971 ] ] } },
{ "type": "Feature", "properties": { "lts_score": 4, "facility_type": "mixed", "highway": "primary", "name": "East Broadway" }, "geometry": { "type": "LineString", "coordinates": [ [ -123.0910636, 49.262492 ], [ -123.0922996, 49.2625047 ], [ -123.092857, 49.2625104 ], [ -123.0929021, 49.2625108 ], [ -123.0929969, 49.2625118 ] ] } },
{ "type": "Feature", "properties": { "lts_score": 1, "facility_type": "mixed", "highway": "residential", "name": "West 6th Avenue" }, "geometry": { "type": "LineString", "coordinates": [ [ -123.114422, 49.2657587 ], [ -123.1136096, 49.2657402 ], [ -123.1134004, 49.2657348 ], [ -123.1129583, 49.2657312 ], [ -123.1129408, 49.2657311 ], [ -123.1128168, 49.2657303 ] ] } },
{ "type": "Feature", "properties": { "lts_score": 3, "facility_type": "mixed", "highway": "residential", "name": "West 6th Avenue" }, "geometry": { "type": "LineString", "coordinates": [ [ -123.114422, 49.2657587 ], [ -123.1144862, 49.2657846 ], [ -123.114529, 49.2658019 ], [ -123.1146147, 49.2658667 ] ] } },
{ "type": "Feature", "properties": { "lts_score": 3, "facility_type": "bike_lane", "highway": "tertiary", "name": "West 7th Avenue" }, "geometry": { "type": "LineString", "coordinates": [ [ -123.114704, 49.2649128 ], [ -123.1145856, 49.2648918 ], [ -123.1145454, 49.2648881 ], [ -123.1142143, 49.264861 ], [ -123.1141298, 49.2648563 ], [ -123.1140881, 49.264854 ], [ -123.1138842, 49.2648482 ], [ -123.1134774, 49.2648367 ], [ -123.1134153, 49.2648337 ], [ -123.1130796, 49.2648264 ], [ -123.112985, 49.2648243 ], [ -123.1129561, 49.2648237 ], [ -123.1128579, 49.2648225 ] ] } },
{ "type": "Feature", "properties": { "lts_score": 4, "facility_type": "mixed", "highway": "secondary", "name": "Cambie Street" }, "geometry": { "type": "LineString", "coordinates": [ [ -123.114704, 49.2649128 ], [ -123.114698, 49.2650036 ], [ -123.1147071, 49.2652262 ], [ -123.1147127, 49.2653648 ] ] } },
{ "type": "Feature", "properties": { "lts_score": 1, "facility_type": "mixed", "highway": "residential", "name": "West 15th Avenue" }, "geometry": { "type": "LineString", "coordinates": [ [ -123.1150089, 49.2578181 ], [ -123.1149075, 49.2578164 ], [ -123.1148688, 49.257816 ], [ -123.1148044, 49.2578155 ], [ -123.1132602, 49.2577916 ], [ -123.1132208, 49.2577909 ], [ -123.1131114, 49.2577888 ] ] } },
{ "type": "Feature", "properties": { "lts_score": 1, "facility_type": "bike_lane", "highway": "residential", "name": "East 10th Avenue" }, "geometry": { "type": "LineString", "coordinates": [ [ -123.0986794, 49.2619902 ], [ -123.0988757, 49.2619835 ], [ -123.0989245, 49.2619818 ], [ -123.0989733, 49.26198 ], [ -123.099308, 49.2619847 ], [ -123.0995454, 49.261988 ], [ -123.1000496, 49.2619951 ], [ -123.1002079, 49.2619965 ], [ -123.100353, 49.2619994 ] ] } },
{ "type": "Feature", "properties": { "lts_score": 1, "facility_type": "bike_lane", "highway": "residential", "name": "East 10th Avenue" }, "geometry": { "type": "LineString", "coordinates": [ [ -123.0986794, 49.2619902 ], [ -123.0984596, 49.2619977 ], [ -123.098408, 49.2620001 ], [ -123.0982922, 49.2620006 ], [ -123.0981848, 49.2620011 ], [ -123.0976985, 49.2619936 ], [ -123.0975744, 49.2619919 ] ] } },
{ "type": "Feature", "properties": { "lts_score": 4, "facility_type": "mixed", "highway": "primary", "name": "Kingsway" }, "geometry": { "type": "LineString", "coordinates": [ [ -123.0986794, 49.2619902 ], [ -123.0986104, 49.2619199 ], [ -123.0985782, 49.2618886 ], [ -123.098518, 49.2618295 ], [ -123.098274, 49.2615832 ], [ -123.0981429, 49.2614518 ] ] } },
{ "type": "Feature", "properties": { "lts_score": 4, "facility_type": "mixed", "highway": "primary", "name": "Kingsway" }, "geometry": { "type": "LineString", "coordinates": [ [ -123.0986794, 49.2619902 ], [ -123.098726, 49.262037 ], [ -123.0987688, 49.2620799 ], [ -123.0988212, 49.2621325 ], [ -123.0991668, 49.2624793 ], [ -123.0993743, 49.26271 ], [ -123.0994106, 49.2627497 ], [ -123.0995111, 49.2628635 ] ] } },
{ "type": "Feature", "properties": { "lts_score": 4, "facility_type": "mixed", "highway": "primary", "name": "West Broadway" }, "geometry": { "type": "LineString", "coordinates": [ [ -123.114778, 49.2632096 ], [ -123.114608, 49.2632052 ], [ -123.1145634, 49.2632046 ], [ -123.113064, 49.2631843 ], [ -123.1130159, 49.2631836 ], [ -123.1129024, 49.2631818 ] ] } },
{ "type": "Feature", "properties": { "lts_score": 3, "facility_type": "mixed", "highway": "secondary", "name": "Cambie Street" }, "geometry": { "type": "LineString", "coordinates": [ [ -123.114778, 49.2632096 ], [ -123.1147843, 49.2630929 ], [ -123.1147863, 49.2630552 ], [ -123.1148238, 49.2623418 ], [ -123.114825, 49.2623188 ], [ -123.114829, 49.2622503 ] ] } },
{ "type": "Feature", "properties": { "lts_score": 4, "facility_type": "mixed", "highway": "secondary", "name": "Cambie Street" }, "geometry": { "type": "LineString", "coordinates": [ [ -123.114778, 49.2632096 ], [ -123.114771, 49.2633459 ], [ -123.1147695, 49.2633753 ], [ -123.1147633, 49.2635049 ], [ -123.1147456, 49.2638335 ], [ -123.1147414, 49.2639213 ], [ -123.1147399, 49.2639476 ] ] } },
{ "type": "Feature", "properties": { "lts_score": 3, "facility_type": "mixed", "highway": "secondary", "name": "Cambie Street" }, "geometry": { "type": "LineString", "coordinates": [ [ -123.114829, 49.2622503 ], [ -123.114825, 49.2623188 ], [ -123.1148238, 49.2623418 ], [ -123.1147863, 49.2630552 ], [ -123.1147843, 49.2630929 ], [ -123.114778, 49.2632096 ] ] } },
{ "type": "Feature", "properties": { "lts_score": 3, "facility_type": "mixed", "highway": "residential", "name": "West 10th Avenue" }, "geometry": { "type": "LineString", "coordinates": [ [ -123.114829, 49.2622503 ], [ -123.1147146, 49.2622486 ], [ -123.114675, 49.2622479 ], [ -123.1146456, 49.2622475 ], [ -123.1136912, 49.2622344 ], [ -123.1136316, 49.2622336 ] ] } },
{ "type": "Feature", "properties": { "lts_score": 1, "facility_type": "mixed", "highway": "residential", "name": "Ontario Street" }, "geometry": { "type": "LineString", "coordinates": [ [ -123.104897, 49.2630115 ], [ -123.1048934, 49.263117 ], [ -123.1048919, 49.2631458 ], [ -123.1048848, 49.2633591 ], [ -123.104881, 49.2634619 ], [ -123.1048766, 49.2636128 ], [ -123.1048747, 49.2637019 ], [ -123.1048723, 49.2637647 ] ] } },
{ "type": "Feature", "properties": { "lts_score": 4, "facility_type": "mixed", "highway": "primary", "name": "West Broadway" }, "geometry": { "type": "LineString", "coordinates": [ [ -123.104897, 49.2630115 ], [ -123.105019, 49.2630132 ], [ -123.1050756, 49.2630144 ], [ -123.1065591, 49.2630457 ], [ -123.1066968, 49.2630491 ], [ -123.1067304, 49.26305 ], [ -123.1068375, 49.2630528 ] ] } },
{ "type": "Feature", "properties": { "lts_score": 4, "facility_type": "mixed", "highway": "primary", "name": "East Broadway" }, "geometry": { "type": "LineString", "coordinates": [ [ -123.104897, 49.2630115 ], [ -123.104792, 49.2630088 ], [ -123.1047525, 49.2630078 ], [ -123.1039416, 49.2629874 ], [ -123.1036074, 49.262979 ], [ -123.1033124, 49.2629715 ], [ -123.1032364, 49.2629696 ], [ -123.1030899, 49.2629659 ], [ -123.1029432, 49.2629622 ], [ -123.1029079, 49.2629613 ], [ -123.1019059, 49.262936 ], [ -123.1017747, 49.2629327 ], [ -123.1012486, 49.2629194 ], [ -123.1011632, 49.2629176 ], [ -123.1009723, 49.2629109 ] ] } },
{ "type": "Feature", "properties": { "lts_score": 1, "facility_type": "mixed", "highway": "residential", "name": "Manitoba Street" }, "geometry": { "type": "LineString", "coordinates": [ [ -123.1068375, 49.2630528 ], [ -123.1068443, 49.2629505 ], [ -123.106846, 49.2629253 ], [ -123.1068673, 49.2625694 ] ] } },
{ "type": "Feature", "properties": { "lts_score": 1, "facility_type": "mixed", "highway": "residential", "name": "Manitoba Street" }, "geometry": { "type": "LineString", "coordinates": [ [ -123.1068375, 49.2630528 ], [ -123.1068301, 49.2631631 ], [ -123.1068287, 49.2631846 ], [ -123.106822, 49.2634059 ], [ -123.1068092, 49.2637436 ], [ -123.106807, 49.2638025 ] ] } },
{ "type": "Feature", "properties": { "lts_score": 4, "facility_type": "mixed", "highway": "primary", "name": "West Broadway" }, "geometry": { "type": "LineString", "coordinates": [ [ -123.1068375, 49.2630528 ], [ -123.1067304, 49.26305 ], [ -123.1066968, 49.2630491 ], [ -123.1065591, 49.2630457 ], [ -123.1050756, 49.2630144 ], [ -123.105019, 49.2630132 ], [ -123.104897, 49.2630115 ] ] } },
{ "type": "Feature", "properties": { "lts_score": 4, "facility_type": "mixed", "highway": "primary", "name": "West Broadway" }, "geometry": { "type": "LineString", "coordinates": [ [ -123.1068375, 49.2630528 ], [ -123.1069692, 49.2630562 ], [ -123.1070075, 49.2630572 ], [ -123.1093073, 49.2631182 ], [ -123.109349, 49.2631193 ], [ -123.109468, 49.2631221 ] ] } },
{ "type": "Feature", "properties": { "lts_score": 1, "facility_type": "mixed", "highway": "residential", "name": "Columbia Street" }, "geometry": { "type": "LineString", "coordinates": [ [ -123.109468, 49.2631221 ], [ -123.1094723, 49.2630067 ], [ -123.1094725, 49.2629945 ], [ -123.1094865, 49.2626335 ] ] } },
{ "type": "Feature", "properties": { "lts_score": 1, "facility_type": "mixed", "highway": "residential", "name": "Columbia Street" }, "geometry": { "type": "LineString", "coordinates": [ [ -123.109468, 49.2631221 ], [ -123.109464, 49.2632273 ], [ -123.1094638, 49.2632502 ], [ -123.1094607, 49.2634072 ], [ -123.1094594, 49.2634555 ], [ -123.1094598, 49.2637594 ], [ -123.10946, 49.2637827 ], [ -123.1094598, 49.2638558 ] ] } },
{ "type": "Feature", "properties": { "lts_score": 4, "facility_type": "mixed", "highway": "primary", "name": "West Broadway" }, "geometry": { "type": "LineString", "coordinates": [ [ -123.109468, 49.2631221 ], [ -123.109349, 49.2631193 ], [ -123.1093073, 49.2631182 ], [ -123.1070075, 49.2630572 ], [ -123.1069692, 49.2630562 ], [ -123.1068375, 49.2630528 ] ] } },
{ "type": "Feature", "properties": { "lts_score": 4, "facility_type": "mixed", "highway": "primary", "name": "West Broadway" }, "geometry": { "type": "LineString", "coordinates": [ [ -123.109468, 49.2631221 ], [ -123.109584, 49.2631247 ], [ -123.1096283, 49.2631255 ], [ -123.1108048, 49.2631474 ], [ -123.1108357, 49.263148 ], [ -123.1109652, 49.2631504 ] ] } },
{ "type": "Feature", "properties": { "lts_score": 3, "facility_type": "mixed", "highway": "secondary", "name": "Main Street" }, "geometry": { "type": "LineString", "coordinates": [ [ -123.1011649, 49.2584069 ], [ -123.1011678, 49.258321 ], [ -123.1011685, 49.2582962 ], [ -123.1011875, 49.2574989 ] ] } },
{ "type": "Feature", "properties": { "lts_score": 3, "facility_type": "mixed", "highway": "secondary", "name": "Main Street" }, "geometry": { "type": "LineString", "coordinates": [ [ -123.1011649, 49.2584069 ], [ -123.1011625, 49.2584763 ], [ -123.1011616, 49.2585088 ], [ -123.1011453, 49.258954 ], [ -123.1011324, 49.2593106 ] ] } },
{ "type": "Feature", "properties": { "lts_score": 1, "facility_type": "mixed", "highway": "residential", "name": "East 14th Avenue" }, "geometry": { "type": "LineString", "coordinates": [ [ -123.1011649, 49.2584069 ], [ -123.1013596, 49.2583904 ], [ -123.1013937, 49.2583898 ], [ -123.1017052, 49.258395 ], [ -123.1017857, 49.2584087 ], [ -123.1018965, 49.2584104 ], [ -123.1024374, 49.2584185 ], [ -123.1027211, 49.2584253 ], [ -123.10307, 49.2584337 ], [ -123.1031732, 49.2584356 ] ] } },
{ "type": "Feature", "properties": { "lts_score": 3, "facility_type": "mixed", "highway": "tertiary", "name": "West 12th Avenue" }, "geometry": { "type": "LineString", "coordinates": [ [ -123.106954, 49.2603135 ], [ -123.107058, 49.2603157 ], [ -123.1070895, 49.2603162 ], [ -123.1091315, 49.2603508 ], [ -123.1095573, 49.2603445 ] ] } },
{ "type": "Feature", "properties": { "lts_score": 1, "facility_type": "mixed", "highway": "residential", "name": "Manitoba Street" }, "geometry": { "type": "LineString", "coordinates": [ [ -123.106954, 49.2603135 ], [ -123.1069574, 49.2602379 ], [ -123.1069572, 49.260226 ], [ -123.1069658, 49.2598506 ], [ -123.106979, 49.2594735 ], [ -123.1069815, 49.2594047 ] ] } },
{ "type": "Feature", "properties": { "lts_score": 3, "facility_type": "mixed", "highway": "tertiary", "name": "West 12th Avenue" }, "geometry": { "type": "LineString", "coordinates": [ [ -123.106954, 49.2603135 ], [ -123.106859, 49.2603115 ], [ -123.1068307, 49.260311 ], [ -123.1051654, 49.2602803 ], [ -123.105127, 49.2602796 ], [ -123.105035, 49.2602781 ] ] } },
{ "type": "Feature", "properties": { "lts_score": 1, "facility_type": "mixed", "highway": "residential", "name": "Ontario Street" }, "geometry": { "type": "LineString", "coordinates": [ [ -123.105035, 49.2602781 ], [ -123.1050323, 49.2603527 ], [ -123.1050312, 49.2603695 ], [ -123.1050149, 49.2607274 ], [ -123.1050045, 49.2609884 ], [ -123.1049855, 49.26104 ], [ -123.1049826, 49.2611149 ], [ -123.1049804, 49.2611711 ] ] } },
{ "type": "Feature", "properties": { "lts_score": 3, "facility_type": "mixed", "highway": "tertiary", "name": "East 12th Avenue" }, "geometry": { "type": "LineString", "coordinates": [ [ -123.105035, 49.2602781 ], [ -123.104927, 49.2602763 ], [ -123.1048923, 49.2602756 ], [ -123.1032354, 49.2602422 ], [ -123.1032053, 49.2602415 ], [ -123.1030893, 49.2602389 ] ] } },
{ "type": "Feature", "properties": { "lts_score": 3, "facility_type": "mixed", "highway": "tertiary", "name": "West 12th Avenue" }, "geometry": { "type": "LineString", "coordinates": [ [ -123.105035, 49.2602781 ], [ -123.105127, 49.2602796 ], [ -123.1051654, 49.2602803 ], [ -123.1068307, 49.260311 ], [ -123.106859, 49.2603115 ], [ -123.106954, 49.2603135 ] ] } },
{ "type": "Feature", "properties": { "lts_score": 1, "facility_type": "mixed", "highway": "residential", "name": "Ontario Street" }, "geometry": { "type": "LineString", "coordinates": [ [ -123.105035, 49.2602781 ], [ -123.1050395, 49.2601985 ], [ -123.1050393, 49.260182 ], [ -123.1050457, 49.2598174 ], [ -123.1050581, 49.2594349 ], [ -123.1050573, 49.2594147 ] ] } },
{ "type": "Feature", "properties": { "lts_score": 3, "facility_type": "mixed", "highway": "tertiary", "name": "East 12th Avenue" }, "geometry": { "type": "LineString", "coordinates": [ [ -123.1030893, 49.2602389 ], [ -123.1032053, 49.2602415 ], [ -123.1032354, 49.2602422 ], [ -123.1048923, 49.2602756 ], [ -123.104927, 49.2602763 ], [ -123.105035, 49.2602781 ] ] } },
{ "type": "Feature", "properties": { "lts_score": 1, "facility_type": "mixed", "highway": "residential", "name": "Quebec Street" }, "geometry": { "type": "LineString", "coordinates": [ [ -123.1030893, 49.2602389 ], [ -123.1030933, 49.2601471 ], [ -123.1030936, 49.2601404 ], [ -123.1031039, 49.2599464 ], [ -123.1031179, 49.2596962 ], [ -123.1031307, 49.2594657 ], [ -123.103134, 49.2594066 ], [ -123.1031375, 49.2593448 ] ] } },
{ "type": "Feature", "properties": { "lts_score": 1, "facility_type": "mixed", "highway": "residential", "name": "Quebec Street" }, "geometry": { "type": "LineString", "coordinates": [ [ -123.1030893, 49.2602389 ], [ -123.1030854, 49.2603282 ], [ -123.1030849, 49.2603395 ], [ -123.1030751, 49.2605661 ], [ -123.1030693, 49.2606974 ], [ -123.1030535, 49.2610623 ], [ -123.1030526, 49.2610817 ], [ -123.10305, 49.2611423 ] ] } },
{ "type": "Feature", "properties": { "lts_score": 4, "facility_type": "mixed", "highway": "tertiary", "name": "East 12th Avenue" }, "geometry": { "type": "LineString", "coordinates": [ [ -123.1030893, 49.2602389 ], [ -123.1029814, 49.2602364 ], [ -123.1029554, 49.2602359 ], [ -123.1021295, 49.2602214 ], [ -123.1018541, 49.2602166 ], [ -123.1016718, 49.2602129 ], [ -123.1013197, 49.2602055 ], [ -123.101285, 49.2602048 ], [ -123.1011762, 49.2602035 ] ] } },
{ "type": "Feature", "properties": { "lts_score": 1, "facility_type": "mixed", "highway": "residential", "name": "West 13th Avenue" }, "geometry": { "type": "LineString", "coordinates": [ [ -123.1051338, 49.2593677 ], [ -123.1051666, 49.2593683 ], [ -123.1068729, 49.2594028 ], [ -123.106902, 49.2594034 ], [ -123.1069815, 49.2594047 ] ] } },
{ "type": "Feature", "properties": { "lts_score": 1, "facility_type": "mixed", "highway": "residential", "name": null }, "geometry": { "type": "LineString", "coordinates": [ [ -123.1051338, 49.2593677 ], [ -123.1051302, 49.2593537 ], [ -123.1051202, 49.259341 ], [ -123.1051048, 49.2593309 ], [ -123.1050854, 49.2593243 ], [ -123.1050639, 49.2593218 ] ] } },
{ "type": "Feature", "properties": { "lts_score": 1, "facility_type": "mixed", "highway": "residential", "name": null }, "geometry": { "type": "LineString", "coordinates": [ [ -123.1050639, 49.2593218 ], [ -123.1050427, 49.2593237 ], [ -123.1050232, 49.2593296 ], [ -123.1050073, 49.2593389 ], [ -123.1049965, 49.259351 ], [ -123.1049916, 49.2593646 ] ] } },
{ "type": "Feature", "properties": { "lts_score": 1, "facility_type": "mixed", "highway": "residential", "name": "Ontario Street" }, "geometry": { "type": "LineString", "coordinates": [ [ -123.1050639, 49.2593218 ], [ -123.1050659, 49.2593067 ], [ -123.1050807, 49.2589614 ], [ -123.1050982, 49.258537 ], [ -123.1050989, 49.2585177 ] ] } },
{ "type": "Feature", "properties": { "lts_score": 1, "facility_type": "mixed", "highway": "residential", "name": "East 13th Avenue" }, "geometry": { "type": "LineString", "coordinates": [ [ -123.1049916, 49.2593646 ], [ -123.1049678, 49.259364 ], [ -123.1036459, 49.2593494 ], [ -123.1032682, 49.2593458 ], [ -123.10323, 49.2593454 ], [ -123.1031375, 49.2593448 ] ] } },
{ "type": "Feature", "properties": { "lts_score": 1, "facility_type": "mixed", "highway": "residential", "name": null }, "geometry": { "type": "LineString", "coordinates": [ [ -123.1049916, 49.2593646 ], [ -123.1049933, 49.2593792 ], [ -123.1050019, 49.2593926 ], [ -123.1050164, 49.2594037 ], [ -123.1050356, 49.2594113 ], [ -123.1050573, 49.2594147 ] ] } },
{ "type": "Feature", "properties": { "lts_score": 1, "facility_type": "mixed", "highway": "residential", "name": null }, "geometry": { "type": "LineString", "coordinates": [ [ -123.1050573, 49.2594147 ], [ -123.1050807, 49.2594132 ], [ -123.1051021, 49.259407 ], [ -123.1051192, 49.2593964 ], [ -123.1051302, 49.2593829 ], [ -123.1051338, 49.2593677 ] ] } },
{ "type": "Feature", "properties": { "lts_score": 1, "facility_type": "mixed", "highway": "residential", "name": "Ontario Street" }, "geometry": { "type": "LineString", "coordinates": [ [ -123.1050573, 49.2594147 ], [ -123.1050581, 49.2594349 ], [ -123.1050457, 49.2598174 ], [ -123.1050393, 49.260182 ], [ -123.1050395, 49.2601985 ], [ -123.105035, 49.2602781 ] ] } },
{ "type": "Feature", "properties": { "lts_score": 1, "facility_type": "mixed", "highway": "residential", "name": "East 14th Avenue" }, "geometry": { "type": "LineString", "coordinates": [ [ -123.1050305, 49.2584709 ], [ -123.1049997, 49.2584705 ], [ -123.1045218, 49.2584613 ], [ -123.1038356, 49.2584481 ], [ -123.1037701, 49.2584469 ], [ -123.1032733, 49.2584373 ], [ -123.1031732, 49.2584356 ] ] } },
{ "type": "Feature", "properties": { "lts_score": 1, "facility_type": "mixed", "highway": "residential", "name": null }, "geometry": { "type": "LineString", "coordinates": [ [ -123.1050305, 49.2584709 ], [ -123.1050356, 49.2584884 ], [ -123.1050503, 49.2585033 ], [ -123.1050725, 49.2585135 ], [ -123.1050989, 49.2585177 ] ] } },
{ "type": "Feature", "properties": { "lts_score": 1, "facility_type": "mixed", "highway": "residential", "name": null }, "geometry": { "type": "LineString", "coordinates": [ [ -123.1050989, 49.2585177 ], [ -123.1051265, 49.2585149 ], [ -123.1051503, 49.2585054 ], [ -123.1051668, 49.2584907 ], [ -123.1051734, 49.258473 ] ] } },
{ "type": "Feature", "properties": { "lts_score": 1, "facility_type": "mixed", "highway": "residential", "name": "Ontario Street" }, "geometry": { "type": "LineString", "coordinates": [ [ -123.1050989, 49.2585177 ], [ -123.1050982, 49.258537 ], [ -123.1050807, 49.2589614 ], [ -123.1050659, 49.2593067 ], [ -123.1050639, 49.2593218 ] ] } },
{ "type": "Feature", "properties": { "lts_score": 1, "facility_type": "mixed", "highway": "residential", "name": "West 14th Avenue" }, "geometry": { "type": "LineString", "coordinates": [ [ -123.1051734, 49.258473 ], [ -123.1051999, 49.2584734 ], [ -123.1061425, 49.2584873 ], [ -123.1069356, 49.258499 ], [ -123.1070281, 49.2585012 ] ] } },
{ "type": "Feature", "properties": { "lts_score": 1, "facility_type": "mixed", "highway": "residential", "name": null }, "geometry": { "type": "LineString", "coordinates": [ [ -123.1051734, 49.258473 ], [ -123.1051688, 49.2584545 ], [ -123.1051536, 49.2584387 ], [ -123.10513, 49.2584281 ], [ -123.105102, 49.2584244 ] ] } },
{ "type": "Feature", "properties": { "lts_score": 1, "facility_type": "mixed", "highway": "residential", "name": "Ontario Street" }, "geometry": { "type": "LineString", "coordinates": [ [ -123.105102, 49.2584244 ], [ -123.1051026, 49.2584063 ], [ -123.1051369, 49.2576325 ], [ -123.1051377, 49.2576157 ] ] } },
{ "type": "Feature", "properties": { "lts_score": 1, "facility_type": "mixed", "highway": "residential", "name": null }, "geometry": { "type": "LineString", "coordinates": [ [ -123.105102, 49.2584244 ], [ -123.1050747, 49.2584279 ], [ -123.1050515, 49.258438 ], [ -123.1050359, 49.2584531 ], [ -123.1050305, 49.2584709 ] ] } },
{ "type": "Feature", "properties": { "lts_score": 1, "facility_type": "mixed", "highway": "residential", "name": "Ontario Street" }, "geometry": { "type": "LineString", "coordinates": [ [ -123.1051377, 49.2576157 ], [ -123.1051369, 49.2576325 ], [ -123.1051026, 49.2584063 ], [ -123.105102, 49.2584244 ] ] } },
{ "type": "Feature", "properties": { "lts_score": 1, "facility_type": "mixed", "highway": "residential", "name": null }, "geometry": { "type": "LineString", "coordinates": [ [ -123.1051377, 49.2576157 ], [ -123.1051676, 49.2576141 ], [ -123.105194, 49.2576049 ], [ -123.1052128, 49.2575897 ], [ -123.1052208, 49.2575709 ] ] } },
{ "type": "Feature", "properties": { "lts_score": 1, "facility_type": "mixed", "highway": "residential", "name": "West 15th Avenue" }, "geometry": { "type": "LineString", "coordinates": [ [ -123.1052208, 49.2575709 ], [ -123.1052423, 49.2575714 ], [ -123.1063301, 49.2575859 ], [ -123.1070801, 49.2575948 ] ] } },
{ "type": "Feature", "properties": { "lts_score": 1, "facility_type": "mixed", "highway": "residential", "name": null }, "geometry": { "type": "LineString", "coordinates": [ [ -123.1052208, 49.2575709 ], [ -123.1052163, 49.2575508 ], [ -123.1051995, 49.2575336 ], [ -123.1051735, 49.2575225 ], [ -123.1051427, 49.2575193 ] ] } },
{ "type": "Feature", "properties": { "lts_score": 1, "facility_type": "mixed", "highway": "residential", "name": null }, "geometry": { "type": "LineString", "coordinates": [ [ -123.1051427, 49.2575193 ], [ -123.1051157, 49.2575237 ], [ -123.105093, 49.2575344 ], [ -123.1050779, 49.2575497 ], [ -123.1050727, 49.2575676 ] ] } },
{ "type": "Feature", "properties": { "lts_score": 1, "facility_type": "mixed", "highway": "residential", "name": "Ontario Street" }, "geometry": { "type": "LineString", "coordinates": [ [ -123.1051427, 49.2575193 ], [ -123.1051438, 49.2574992 ], [ -123.1051493, 49.2573781 ], [ -123.1051594, 49.2571083 ], [ -123.1051633, 49.2569197 ], [ -123.1051651, 49.256842 ] ] } },
{ "type": "Feature", "properties": { "lts_score": 1, "facility_type": "mixed", "highway": "residential", "name": "East 15th Avenue" }, "geometry": { "type": "LineString", "coordinates": [ [ -123.1050727, 49.2575676 ], [ -123.1050482, 49.2575671 ], [ -123.1033317, 49.2575376 ], [ -123.1032976, 49.257537 ], [ -123.1031987, 49.257535 ] ] } },
{ "type": "Feature", "properties": { "lts_score": 1, "facility_type": "mixed", "highway": "residential", "name": null }, "geometry": { "type": "LineString", "coordinates": [ [ -123.1050727, 49.2575676 ], [ -123.1050775, 49.2575848 ], [ -123.1050912, 49.2575997 ], [ -123.1051122, 49.2576105 ], [ -123.1051377, 49.2576157 ] ] } },
{ "type": "Feature", "properties": { "lts_score": 1, "facility_type": "mixed", "highway": "residential", "name": "Keith Drive" }, "geometry": { "type": "LineString", "coordinates": [ [ -123.079397, 49.2652048 ], [ -123.079397, 49.2650909 ], [ -123.079397, 49.2650698 ], [ -123.0793982, 49.2646378 ], [ -123.0794069, 49.2643626 ], [ -123.0794081, 49.2643222 ], [ -123.0794098, 49.2642575 ] ] } },
{ "type": "Feature", "properties": { "lts_score": 4, "facility_type": "mixed", "highway": "secondary", "name": "East 6th Avenue" }, "geometry": { "type": "LineString", "coordinates": [ [ -123.079397, 49.2652048 ], [ -123.079496, 49.2652059 ], [ -123.0795515, 49.2652063 ], [ -123.080819, 49.2652159 ], [ -123.0809417, 49.2652168 ], [ -123.0811733, 49.2652279 ], [ -123.0812099, 49.2652296 ], [ -123.0813197, 49.2652327 ] ] } },
{ "type": "Feature", "properties": { "lts_score": 4, "facility_type": "mixed", "highway": "secondary", "name": "Great Northern Way" }, "geometry": { "type": "LineString", "coordinates": [ [ -123.0908337, 49.2667823 ], [ -123.0910556, 49.2667841 ], [ -123.0910873, 49.2667843 ], [ -123.091645, 49.2667879 ], [ -123.0951443, 49.2668108 ] ] } },
{ "type": "Feature", "properties": { "lts_score": 4, "facility_type": "mixed", "highway": "secondary", "name": "Great Northern Way" }, "geometry": { "type": "LineString", "coordinates": [ [ -123.0908337, 49.2667823 ], [ -123.0907067, 49.2667808 ], [ -123.0906547, 49.2667802 ], [ -123.0901575, 49.2667733 ], [ -123.0900311, 49.2667716 ], [ -123.0896748, 49.2667614 ], [ -123.0894139, 49.2667379 ], [ -123.0891153, 49.2666924 ] ] } },
{ "type": "Feature", "properties": { "lts_score": 3, "facility_type": "mixed", "highway": "residential", "name": "West 8th Avenue" }, "geometry": { "type": "LineString", "coordinates": [ [ -123.114735, 49.2640339 ], [ -123.1146203, 49.2640105 ], [ -123.1145613, 49.2639993 ], [ -123.1143574, 49.263963 ], [ -123.11421, 49.263949 ], [ -123.1139691, 49.2639444 ], [ -123.1130631, 49.2639203 ], [ -123.113003, 49.2639187 ], [ -123.112899, 49.2639164 ] ] } },
{ "type": "Feature", "properties": { "lts_score": 4, "facility_type": "mixed", "highway": "secondary", "name": "Cambie Street" }, "geometry": { "type": "LineString", "coordinates": [ [ -123.114735, 49.2640339 ], [ -123.11473, 49.2641256 ], [ -123.1147206, 49.2644029 ], [ -123.1147081, 49.264773 ], [ -123.1147062, 49.2648079 ], [ -123.114704, 49.2649128 ] ] } },
{ "type": "Feature", "properties": { "lts_score": 1, "facility_type": "mixed", "highway": "residential", "name": "Glen Drive" }, "geometry": { "type": "LineString", "coordinates": [ [ -123.0813787, 49.2624136 ], [ -123.0813785, 49.2625246 ], [ -123.0813782, 49.2625544 ], [ -123.0813738, 49.2629146 ], [ -123.0813602, 49.2633017 ], [ -123.0813581, 49.2633617 ] ] } },
{ "type": "Feature", "properties": { "lts_score": 4, "facility_type": "mixed", "highway": "primary", "name": "East Broadway" }, "geometry": { "type": "LineString", "coordinates": [ [ -123.0813787, 49.2624136 ], [ -123.0812543, 49.2624113 ], [ -123.0812097, 49.2624107 ], [ -123.0795552, 49.2624018 ] ] } },
{ "type": "Feature", "properties": { "lts_score": 4, "facility_type": "mixed", "highway": "primary", "name": "East Broadway" }, "geometry": { "type": "LineString", "coordinates": [ [ -123.0813787, 49.2624136 ], [ -123.0815018, 49.2624153 ], [ -123.0815456, 49.2624159 ], [ -123.0832083, 49.2624322 ], [ -123.0833153, 49.2624332 ] ] } },
{ "type": "Feature", "properties": { "lts_score": 1, "facility_type": "mixed", "highway": "residential", "name": "Glen Drive" }, "geometry": { "type": "LineString", "coordinates": [ [ -123.0813971, 49.2614282 ], [ -123.0813985, 49.2614012 ], [ -123.0814038, 49.2610163 ], [ -123.0814159, 49.2606248 ], [ -123.0814153, 49.2606151 ] ] } },
{ "type": "Feature", "properties": { "lts_score": 1, "facility_type": "mixed", "highway": "residential", "name": null }, "geometry": { "type": "LineString", "coordinates": [ [ -123.0813971, 49.2614282 ], [ -123.0813757, 49.2614314 ], [ -123.0813572, 49.261439 ], [ -123.0813436, 49.2614502 ], [ -123.0813365, 49.2614637 ] ] } },
{ "type": "Feature", "properties": { "lts_score": 1, "facility_type": "mixed", "highway": "residential", "name": null }, "geometry": { "type": "LineString", "coordinates": [ [ -123.0813365, 49.2614637 ], [ -123.0813365, 49.2614777 ], [ -123.0813434, 49.2614909 ], [ -123.0813566, 49.2615019 ], [ -123.0813744, 49.2615095 ], [ -123.0813952, 49.261513 ] ] } },
{ "type": "Feature", "properties": { "lts_score": 1, "facility_type": "mixed", "highway": "residential", "name": [ "East 10th Avenue", "Keith Drive" ] }, "geometry": { "type": "LineString", "coordinates": [ [ -123.0813365, 49.2614637 ], [ -123.081301, 49.2614637 ], [ -123.0794627, 49.2614462 ], [ -123.0794633, 49.2613868 ], [ -123.0794636, 49.2613585 ], [ -123.0794672, 49.2610059 ] ] } },
{ "type": "Feature", "properties": { "lts_score": 1, "facility_type": "mixed", "highway": "residential", "name": "Glen Drive" }, "geometry": { "type": "LineString", "coordinates": [ [ -123.0813952, 49.261513 ], [ -123.081394, 49.2615355 ], [ -123.0813902, 49.2619157 ] ] } },
{ "type": "Feature", "properties": { "lts_score": 1, "facility_type": "mixed", "highway": "residential", "name": null }, "geometry": { "type": "LineString", "coordinates": [ [ -123.0813952, 49.261513 ], [ -123.0814144, 49.2615122 ], [ -123.0814324, 49.2615078 ], [ -123.0814476, 49.2615001 ], [ -123.0814588, 49.2614899 ], [ -123.0814649, 49.261478 ], [ -123.0814654, 49.2614655 ] ] } },
{ "type": "Feature", "properties": { "lts_score": 1, "facility_type": "mixed", "highway": "residential", "name": null }, "geometry": { "type": "LineString", "coordinates": [ [ -123.0814654, 49.2614655 ], [ -123.0814601, 49.2614532 ], [ -123.0814495, 49.2614425 ], [ -123.0814345, 49.2614343 ], [ -123.0814165, 49.2614294 ], [ -123.0813971, 49.2614282 ] ] } },
{ "type": "Feature", "properties": { "lts_score": 1, "facility_type": "mixed", "highway": "residential", "name": "East 10th Avenue" }, "geometry": { "type": "LineString", "coordinates": [ [ -123.0814654, 49.2614655 ], [ -123.0815062, 49.2614658 ], [ -123.0832361, 49.2614795 ], [ -123.0832707, 49.2614799 ] ] } },
{ "type": "Feature", "properties": { "lts_score": 1, "facility_type": "mixed", "highway": "residential", "name": null }, "geometry": { "type": "LineString", "coordinates": [ [ -123.0814176, 49.2605144 ], [ -123.0813952, 49.2605168 ], [ -123.0813748, 49.2605234 ], [ -123.0813582, 49.2605335 ], [ -123.0813469, 49.2605463 ], [ -123.0813418, 49.2605608 ] ] } },
{ "type": "Feature", "properties": { "lts_score": 1, "facility_type": "mixed", "highway": "residential", "name": "Glen Drive" }, "geometry": { "type": "LineString", "coordinates": [ [ -123.0814176, 49.2605144 ], [ -123.081418, 49.2604982 ], [ -123.0814244, 49.2601074 ] ] } },
{ "type": "Feature", "properties": { "lts_score": 3, "facility_type": "mixed", "highway": "residential", "name": "East 11th Avenue" }, "geometry": { "type": "LineString", "coordinates": [ [ -123.0813418, 49.2605608 ], [ -123.0813202, 49.2605607 ], [ -123.0808893, 49.2605608 ], [ -123.0783798, 49.2605385 ], [ -123.077794, 49.2605333 ], [ -123.077754, 49.2605328 ], [ -123.0776515, 49.260533 ] ] } },
{ "type": "Feature", "properties": { "lts_score": 1, "facility_type": "mixed", "highway": "residential", "name": null }, "geometry": { "type": "LineString", "coordinates": [ [ -123.0813418, 49.2605608 ], [ -123.0813438, 49.2605768 ], [ -123.0813534, 49.2605916 ], [ -123.0813698, 49.2606037 ], [ -123.0813911, 49.2606118 ], [ -123.0814153, 49.2606151 ] ] } },
{ "type": "Feature", "properties": { "lts_score": 1, "facility_type": "mixed", "highway": "residential", "name": "Glen Drive" }, "geometry": { "type": "LineString", "coordinates": [ [ -123.0814153, 49.2606151 ], [ -123.0814159, 49.2606248 ], [ -123.0814038, 49.2610163 ], [ -123.0813985, 49.2614012 ], [ -123.0813971, 49.2614282 ] ] } },
{ "type": "Feature", "properties": { "lts_score": 1, "facility_type": "mixed", "highway": "residential", "name": null }, "geometry": { "type": "LineString", "coordinates": [ [ -123.0814153, 49.2606151 ], [ -123.081441, 49.260613 ], [ -123.0814642, 49.2606054 ], [ -123.0814822, 49.2605933 ], [ -123.0814931, 49.2605779 ], [ -123.0814956, 49.2605611 ] ] } },
{ "type": "Feature", "properties": { "lts_score": 1, "facility_type": "mixed", "highway": "residential", "name": null }, "geometry": { "type": "LineString", "coordinates": [ [ -123.0814956, 49.2605611 ], [ -123.0814904, 49.2605463 ], [ -123.0814788, 49.2605332 ], [ -123.0814616, 49.260523 ], [ -123.0814406, 49.2605165 ], [ -123.0814176, 49.2605144 ] ] } },
{ "type": "Feature", "properties": { "lts_score": 1, "facility_type": "mixed", "highway": "residential", "name": "East 11th Avenue" }, "geometry": { "type": "LineString", "coordinates": [ [ -123.0814956, 49.2605611 ], [ -123.0815242, 49.260561 ], [ -123.0832526, 49.2605792 ], [ -123.0832872, 49.2605793 ] ] } },
{ "type": "Feature", "properties": { "lts_score": 1, "facility_type": "mixed", "highway": "residential", "name": "Windsor Street" }, "geometry": { "type": "LineString", "coordinates": [ [ -123.0833526, 49.2605396 ], [ -123.0833536, 49.2605132 ], [ -123.0833628, 49.260124 ], [ -123.08337, 49.2597735 ], [ -123.0833717, 49.2597455 ], [ -123.083373, 49.2596727 ] ] } },
{ "type": "Feature", "properties": { "lts_score": 1, "facility_type": "mixed", "highway": "residential", "name": null }, "geometry": { "type": "LineString", "coordinates": [ [ -123.0833526, 49.2605396 ], [ -123.0833332, 49.2605415 ], [ -123.0833156, 49.260547 ], [ -123.0833013, 49.2605558 ], [ -123.0832915, 49.2605668 ], [ -123.0832872, 49.2605793 ] ] } },
{ "type": "Feature", "properties": { "lts_score": 1, "facility_type": "mixed", "highway": "residential", "name": null }, "geometry": { "type": "LineString", "coordinates": [ [ -123.0832872, 49.2605793 ], [ -123.0832891, 49.260593 ], [ -123.0832975, 49.2606056 ], [ -123.0833117, 49.2606158 ], [ -123.08333, 49.2606225 ], [ -123.0833507, 49.2606251 ] ] } },
{ "type": "Feature", "properties": { "lts_score": 1, "facility_type": "mixed", "highway": "residential", "name": "East 11th Avenue" }, "geometry": { "type": "LineString", "coordinates": [ [ -123.0832872, 49.2605793 ], [ -123.0832526, 49.2605792 ], [ -123.0815242, 49.260561 ], [ -123.0814956, 49.2605611 ] ] } },
{ "type": "Feature", "properties": { "lts_score": 1, "facility_type": "mixed", "highway": "residential", "name": null }, "geometry": { "type": "LineString", "coordinates": [ [ -123.0833507, 49.2606251 ], [ -123.0833722, 49.2606232 ], [ -123.0833915, 49.2606168 ], [ -123.0834066, 49.2606067 ], [ -123.0834158, 49.2605938 ], [ -123.083418, 49.2605798 ] ] } },
{ "type": "Feature", "properties": { "lts_score": 1, "facility_type": "mixed", "highway": "residential", "name": "Windsor Street" }, "geometry": { "type": "LineString", "coordinates": [ [ -123.0833507, 49.2606251 ], [ -123.0833504, 49.2606493 ], [ -123.0833444, 49.2610275 ], [ -123.0833389, 49.2614207 ], [ -123.0833373, 49.2614404 ] ] } },
{ "type": "Feature", "properties": { "lts_score": 1, "facility_type": "mixed", "highway": "residential", "name": "East 11th Avenue" }, "geometry": { "type": "LineString", "coordinates": [ [ -123.083418, 49.2605798 ], [ -123.0834618, 49.2605799 ], [ -123.0851513, 49.2605965 ], [ -123.0851875, 49.2605967 ], [ -123.0852863, 49.2605972 ] ] } },
{ "type": "Feature", "properties": { "lts_score": 1, "facility_type": "mixed", "highway": "residential", "name": null }, "geometry": { "type": "LineString", "coordinates": [ [ -123.083418, 49.2605798 ], [ -123.0834139, 49.2605672 ], [ -123.0834042, 49.260556 ], [ -123.0833898, 49.2605472 ], [ -123.0833721, 49.2605415 ], [ -123.0833526, 49.2605396 ] ] } },
{ "type": "Feature", "properties": { "lts_score": 1, "facility_type": "mixed", "highway": "residential", "name": "Windsor Street" }, "geometry": { "type": "LineString", "coordinates": [ [ -123.0833373, 49.2614404 ], [ -123.0833389, 49.2614207 ], [ -123.0833444, 49.2610275 ], [ -123.0833504, 49.2606493 ], [ -123.0833507, 49.2606251 ] ] } },
{ "type": "Feature", "properties": { "lts_score": 1, "facility_type": "mixed", "highway": "residential", "name": null }, "geometry": { "type": "LineString", "coordinates": [ [ -123.0833373, 49.2614404 ], [ -123.0833179, 49.2614423 ], [ -123.0833001, 49.2614478 ], [ -123.0832855, 49.2614564 ], [ -123.0832755, 49.2614674 ], [ -123.0832707, 49.2614799 ] ] } },
{ "type": "Feature", "properties": { "lts_score": 1, "facility_type": "mixed", "highway": "residential", "name": null }, "geometry": { "type": "LineString", "coordinates": [ [ -123.0832707, 49.2614799 ], [ -123.0832722, 49.261494 ], [ -123.0832805, 49.2615071 ], [ -123.0832948, 49.2615177 ], [ -123.0833135, 49.2615248 ], [ -123.0833347, 49.2615277 ] ] } },
{ "type": "Feature", "properties": { "lts_score": 1, "facility_type": "mixed", "highway": "residential", "name": "East 10th Avenue" }, "geometry": { "type": "LineString", "coordinates": [ [ -123.0832707, 49.2614799 ], [ -123.0832361, 49.2614795 ], [ -123.0815062, 49.2614658 ], [ -123.0814654, 49.2614655 ] ] } },
{ "type": "Feature", "properties": { "lts_score": 1, "facility_type": "mixed", "highway": "residential", "name": "Windsor Street" }, "geometry": { "type": "LineString", "coordinates": [ [ -123.0833347, 49.2615277 ], [ -123.0833347, 49.2615493 ], [ -123.0833222, 49.2619349 ], [ -123.0833183, 49.2622977 ], [ -123.083318, 49.2623255 ], [ -123.0833153, 49.2624332 ] ] } },
{ "type": "Feature", "properties": { "lts_score": 1, "facility_type": "mixed", "highway": "residential", "name": null }, "geometry": { "type": "LineString", "coordinates": [ [ -123.0833347, 49.2615277 ], [ -123.0833567, 49.2615258 ], [ -123.0833765, 49.2615194 ], [ -123.0833921, 49.2615092 ], [ -123.0834016, 49.2614962 ], [ -123.0834042, 49.2614818 ] ] } },
{ "type": "Feature", "properties": { "lts_score": 1, "facility_type": "mixed", "highway": "residential", "name": null }, "geometry": { "type": "LineString", "coordinates": [ [ -123.0834042, 49.2614818 ], [ -123.0834001, 49.2614689 ], [ -123.0833903, 49.2614573 ], [ -123.0833756, 49.2614482 ], [ -123.0833574, 49.2614424 ], [ -123.0833373, 49.2614404 ] ] } },
{ "type": "Feature", "properties": { "lts_score": 1, "facility_type": "mixed", "highway": "residential", "name": "East 10th Avenue" }, "geometry": { "type": "LineString", "coordinates": [ [ -123.0834042, 49.2614818 ], [ -123.0834409, 49.2614823 ], [ -123.0851694, 49.2614965 ], [ -123.0852645, 49.2614969 ] ] } },
{ "type": "Feature", "properties": { "lts_score": 1, "facility_type": "mixed", "highway": "residential", "name": null }, "geometry": { "type": "LineString", "coordinates": [ [ -123.0872127, 49.2614705 ], [ -123.0871922, 49.2614723 ], [ -123.0871735, 49.261478 ], [ -123.0871582, 49.2614871 ], [ -123.0871479, 49.2614988 ], [ -123.0871434, 49.261512 ] ] } },
{ "type": "Feature", "properties": { "lts_score": 1, "facility_type": "mixed", "highway": "residential", "name": "Prince Albert Street" }, "geometry": { "type": "LineString", "coordinates": [ [ -123.0872127, 49.2614705 ], [ -123.0872139, 49.2614501 ], [ -123.0872137, 49.2610616 ], [ -123.0872264, 49.2606975 ], [ -123.0872273, 49.26068 ], [ -123.0872289, 49.2606071 ] ] } },
{ "type": "Feature", "properties": { "lts_score": 1, "facility_type": "mixed", "highway": "residential", "name": null }, "geometry": { "type": "LineString", "coordinates": [ [ -123.0871434, 49.261512 ], [ -123.0871456, 49.2615263 ], [ -123.0871546, 49.2615394 ], [ -123.0871696, 49.2615499 ], [ -123.0871889, 49.2615568 ], [ -123.0872106, 49.2615593 ] ] } },
{ "type": "Feature", "properties": { "lts_score": 1, "facility_type": "mixed", "highway": "residential", "name": "East 10th Avenue" }, "geometry": { "type": "LineString", "coordinates": [ [ -123.0871434, 49.261512 ], [ -123.0871076, 49.2615117 ], [ -123.0853719, 49.2614973 ], [ -123.0852645, 49.2614969 ] ] } },
{ "type": "Feature", "properties": { "lts_score": 1, "facility_type": "mixed", "highway": "residential", "name": "Prince Albert Street" }, "geometry": { "type": "LineString", "coordinates": [ [ -123.0872106, 49.2615593 ], [ -123.0872103, 49.2615812 ], [ -123.0871998, 49.261966 ], [ -123.0871887, 49.2623287 ], [ -123.0871878, 49.262353 ], [ -123.0871835, 49.2624706 ] ] } },
{ "type": "Feature", "properties": { "lts_score": 1, "facility_type": "mixed", "highway": "residential", "name": null }, "geometry": { "type": "LineString", "coordinates": [ [ -123.0872106, 49.2615593 ], [ -123.0872324, 49.2615571 ], [ -123.0872519, 49.2615505 ], [ -123.0872672, 49.2615402 ], [ -123.0872767, 49.2615272 ], [ -123.0872793, 49.261513 ] ] } },
{ "type": "Feature", "properties": { "lts_score": 1, "facility_type": "mixed", "highway": "residential", "name": "East 10th Avenue" }, "geometry": { "type": "LineString", "coordinates": [ [ -123.0872793, 49.261513 ], [ -123.087308, 49.2615132 ], [ -123.0889935, 49.2615291 ], [ -123.0890222, 49.2615298 ], [ -123.0891516, 49.2615328 ] ] } },
{ "type": "Feature", "properties": { "lts_score": 1, "facility_type": "mixed", "highway": "residential", "name": null }, "geometry": { "type": "LineString", "coordinates": [ [ -123.0872793, 49.261513 ], [ -123.0872754, 49.2614999 ], [ -123.0872657, 49.2614882 ], [ -123.087251, 49.2614788 ], [ -123.0872328, 49.2614728 ], [ -123.0872127, 49.2614705 ] ] } },
{ "type": "Feature", "properties": { "lts_score": 1, "facility_type": "mixed", "highway": "residential", "name": null }, "geometry": { "type": "LineString", "coordinates": [ [ -123.0984107, 49.2574174 ], [ -123.0983834, 49.2574197 ], [ -123.0983586, 49.2574273 ], [ -123.0983386, 49.2574396 ], [ -123.0983253, 49.2574553 ], [ -123.0983201, 49.2574729 ] ] } },
{ "type": "Feature", "properties": { "lts_score": 1, "facility_type": "mixed", "highway": "residential", "name": "Sophia Street" }, "geometry": { "type": "LineString", "coordinates": [ [ -123.0984107, 49.2574174 ], [ -123.098411, 49.2573884 ], [ -123.0984185, 49.2572182 ], [ -123.098427, 49.2570234 ], [ -123.0984364, 49.2567834 ], [ -123.0984444, 49.2566557 ], [ -123.0984452, 49.2566372 ], [ -123.0984453, 49.2565712 ] ] } },
{ "type": "Feature", "properties": { "lts_score": 1, "facility_type": "mixed", "highway": "residential", "name": null }, "geometry": { "type": "LineString", "coordinates": [ [ -123.0983201, 49.2574729 ], [ -123.0983236, 49.2574912 ], [ -123.0983359, 49.2575078 ], [ -123.0983556, 49.2575211 ], [ -123.0983807, 49.2575296 ], [ -123.0984086, 49.2575325 ] ] } },
{ "type": "Feature", "properties": { "lts_score": 1, "facility_type": "mixed", "highway": "residential", "name": "East 15th Avenue" }, "geometry": { "type": "LineString", "coordinates": [ [ -123.0983201, 49.2574729 ], [ -123.098288, 49.2574727 ], [ -123.0978764, 49.2574662 ], [ -123.0966205, 49.2574534 ], [ -123.096576, 49.257453 ], [ -123.096475, 49.2574501 ] ] } },
{ "type": "Feature", "properties": { "lts_score": 1, "facility_type": "mixed", "highway": "residential", "name": null }, "geometry": { "type": "LineString", "coordinates": [ [ -123.0984086, 49.2575325 ], [ -123.0984361, 49.2575295 ], [ -123.0984608, 49.2575211 ], [ -123.0984802, 49.2575081 ], [ -123.0984925, 49.2574918 ], [ -123.0984964, 49.2574739 ] ] } },
{ "type": "Feature", "properties": { "lts_score": 1, "facility_type": "mixed", "highway": "residential", "name": "Sophia Street" }, "geometry": { "type": "LineString", "coordinates": [ [ -123.0984086, 49.2575325 ], [ -123.098408, 49.2575605 ], [ -123.0983947, 49.2579292 ], [ -123.0983712, 49.2582959 ], [ -123.0983708, 49.2583151 ], [ -123.0983748, 49.2583744 ] ] } },
{ "type": "Feature", "properties": { "lts_score": 1, "facility_type": "mixed", "highway": "residential", "name": "East 15th Avenue" }, "geometry": { "type": "LineString", "coordinates": [ [ -123.0984964, 49.2574739 ], [ -123.09854, 49.2574741 ], [ -123.1005486, 49.2574965 ], [ -123.1006154, 49.2574968 ], [ -123.1009975, 49.2574987 ], [ -123.1010421, 49.2574988 ], [ -123.1011875, 49.2574989 ] ] } },
{ "type": "Feature", "properties": { "lts_score": 1, "facility_type": "mixed", "highway": "residential", "name": null }, "geometry": { "type": "LineString", "coordinates": [ [ -123.0984964, 49.2574739 ], [ -123.0984918, 49.2574566 ], [ -123.0984795, 49.2574411 ], [ -123.0984607, 49.2574287 ], [ -123.098437, 49.2574205 ], [ -123.0984107, 49.2574174 ] ] } },
{ "type": "Feature", "properties": { "lts_score": 1, "facility_type": "mixed", "highway": "residential", "name": "Sophia Street" }, "geometry": { "type": "LineString", "coordinates": [ [ -123.0983581, 49.2592475 ], [ -123.0983603, 49.2592207 ], [ -123.0983973, 49.2588249 ], [ -123.0983812, 49.2584818 ], [ -123.0983805, 49.2584559 ], [ -123.0983748, 49.2583744 ] ] } },
{ "type": "Feature", "properties": { "lts_score": 1, "facility_type": "mixed", "highway": "residential", "name": null }, "geometry": { "type": "LineString", "coordinates": [ [ -123.0983581, 49.2592475 ], [ -123.0983429, 49.2592492 ], [ -123.0983291, 49.2592537 ], [ -123.098318, 49.2592606 ], [ -123.0983104, 49.2592693 ], [ -123.0983071, 49.2592791 ] ] } },
{ "type": "Feature", "properties": { "lts_score": 1, "facility_type": "mixed", "highway": "residential", "name": null }, "geometry": { "type": "LineString", "coordinates": [ [ -123.0983071, 49.2592791 ], [ -123.0983085, 49.2592895 ], [ -123.0983146, 49.2592991 ], [ -123.098325, 49.259307 ], [ -123.0983385, 49.2593125 ], [ -123.098354, 49.2593151 ] ] } },
{ "type": "Feature", "properties": { "lts_score": 1, "facility_type": "mixed", "highway": "residential", "name": "East 13th Avenue" }, "geometry": { "type": "LineString", "coordinates": [ [ -123.0983071, 49.2592791 ], [ -123.0982539, 49.2592783 ], [ -123.0980902, 49.2592751 ], [ -123.0977322, 49.2592694 ], [ -123.0976465, 49.259268 ], [ -123.0975578, 49.2592671 ], [ -123.0970489, 49.2592622 ], [ -123.096952, 49.2592602 ], [ -123.0968117, 49.2592573 ], [ -123.0967063, 49.2592552 ], [ -123.0966294, 49.2592536 ], [ -123.0965565, 49.2592521 ], [ -123.0964619, 49.2592502 ], [ -123.0964299, 49.2592495 ], [ -123.0963143, 49.259248 ] ] } },
{ "type": "Feature", "properties": { "lts_score": 1, "facility_type": "mixed", "highway": "residential", "name": null }, "geometry": { "type": "LineString", "coordinates": [ [ -123.098354, 49.2593151 ], [ -123.0983713, 49.2593142 ], [ -123.0983873, 49.2593097 ], [ -123.0984, 49.259302 ], [ -123.0984081, 49.2592919 ], [ -123.0984107, 49.2592807 ] ] } },
{ "type": "Feature", "properties": { "lts_score": 1, "facility_type": "mixed", "highway": "residential", "name": "Sophia Street" }, "geometry": { "type": "LineString", "coordinates": [ [ -123.098354, 49.2593151 ], [ -123.0983522, 49.2593489 ], [ -123.0983357, 49.2597387 ], [ -123.0983217, 49.2600508 ], [ -123.0983217, 49.2600663 ], [ -123.0983212, 49.2601836 ] ] } },
{ "type": "Feature", "properties": { "lts_score": 1, "facility_type": "mixed", "highway": "residential", "name": "East 13th Avenue" }, "geometry": { "type": "LineString", "coordinates": [ [ -123.0984107, 49.2592807 ], [ -123.0984666, 49.2592814 ], [ -123.1004993, 49.2593184 ], [ -123.1009066, 49.259307 ], [ -123.1009217, 49.2593073 ], [ -123.1011324, 49.2593106 ] ] } },
{ "type": "Feature", "properties": { "lts_score": 1, "facility_type": "mixed", "highway": "residential", "name": null }, "geometry": { "type": "LineString", "coordinates": [ [ -123.0984107, 49.2592807 ], [ -123.0984078, 49.2592703 ], [ -123.0984002, 49.259261 ], [ -123.0983886, 49.2592537 ], [ -123.0983741, 49.259249 ], [ -123.0983581, 49.2592475 ] ] } },
{ "type": "Feature", "properties": { "lts_score": 1, "facility_type": "mixed", "highway": "residential", "name": "Saint George Street" }, "geometry": { "type": "LineString", "coordinates": [ [ -123.0930107, 49.2615183 ], [ -123.093011, 49.2614954 ], [ -123.0930235, 49.2611114 ], [ -123.0930331, 49.2607427 ], [ -123.0930334, 49.2607241 ], [ -123.0930341, 49.2606561 ] ] } },
{ "type": "Feature", "properties": { "lts_score": 1, "facility_type": "mixed", "highway": "residential", "name": null }, "geometry": { "type": "LineString", "coordinates": [ [ -123.0930107, 49.2615183 ], [ -123.0929872, 49.2615225 ], [ -123.0929675, 49.2615319 ], [ -123.0929544, 49.2615453 ], [ -123.0929495, 49.2615609 ] ] } },
{ "type": "Feature", "properties": { "lts_score": 1, "facility_type": "mixed", "highway": "residential", "name": null }, "geometry": { "type": "LineString", "coordinates": [ [ -123.0929495, 49.2615609 ], [ -123.0929537, 49.2615768 ], [ -123.0929663, 49.2615906 ], [ -123.0929858, 49.2616005 ], [ -123.0930095, 49.261605 ] ] } },
{ "type": "Feature", "properties": { "lts_score": 1, "facility_type": "mixed", "highway": "residential", "name": "East 10th Avenue" }, "geometry": { "type": "LineString", "coordinates": [ [ -123.0929495, 49.2615609 ], [ -123.092916, 49.2615607 ], [ -123.091188, 49.2615478 ], [ -123.0911606, 49.2615476 ] ] } },
{ "type": "Feature", "properties": { "lts_score": 1, "facility_type": "mixed", "highway": "residential", "name": null }, "geometry": { "type": "LineString", "coordinates": [ [ -123.0930095, 49.261605 ], [ -123.093037, 49.2616031 ], [ -123.093061, 49.261594 ], [ -123.0930773, 49.2615794 ], [ -123.093083, 49.2615617 ] ] } },
{ "type": "Feature", "properties": { "lts_score": 1, "facility_type": "mixed", "highway": "residential", "name": "Saint George Street" }, "geometry": { "type": "LineString", "coordinates": [ [ -123.0930095, 49.261605 ], [ -123.0930092, 49.2616229 ], [ -123.0930039, 49.2620191 ], [ -123.092999, 49.2623736 ], [ -123.0929987, 49.2623969 ], [ -123.0929969, 49.2625118 ] ] } },
{ "type": "Feature", "properties": { "lts_score": 1, "facility_type": "mixed", "highway": "residential", "name": null }, "geometry": { "type": "LineString", "coordinates": [ [ -123.093083, 49.2615617 ], [ -123.0930774, 49.2615442 ], [ -123.0930615, 49.2615296 ], [ -123.0930379, 49.2615205 ], [ -123.0930107, 49.2615183 ] ] } },
{ "type": "Feature", "properties": { "lts_score": 1, "facility_type": "mixed", "highway": "residential", "name": "East 10th Avenue" }, "geometry": { "type": "LineString", "coordinates": [ [ -123.093083, 49.2615617 ], [ -123.0931152, 49.2615619 ], [ -123.0948451, 49.2615785 ], [ -123.0949506, 49.2615792 ] ] } },
{ "type": "Feature", "properties": { "lts_score": 1, "facility_type": "mixed", "highway": "residential", "name": null }, "geometry": { "type": "LineString", "coordinates": [ [ -123.0910851, 49.2614981 ], [ -123.0910564, 49.2615017 ], [ -123.0910319, 49.2615121 ], [ -123.0910152, 49.2615278 ], [ -123.0910089, 49.2615464 ] ] } },
{ "type": "Feature", "properties": { "lts_score": 1, "facility_type": "mixed", "highway": "residential", "name": "Carolina Street" }, "geometry": { "type": "LineString", "coordinates": [ [ -123.0910851, 49.2614981 ], [ -123.0910854, 49.2614812 ], [ -123.0910851, 49.2610991 ], [ -123.0910924, 49.2607077 ], [ -123.0910939, 49.2606419 ] ] } },
{ "type": "Feature", "properties": { "lts_score": 1, "facility_type": "mixed", "highway": "residential", "name": "East 10th Avenue" }, "geometry": { "type": "LineString", "coordinates": [ [ -123.0910089, 49.2615464 ], [ -123.0909824, 49.2615462 ], [ -123.0893032, 49.2615363 ], [ -123.0892739, 49.2615356 ], [ -123.0891516, 49.2615328 ] ] } },
{ "type": "Feature", "properties": { "lts_score": 1, "facility_type": "mixed", "highway": "residential", "name": null }, "geometry": { "type": "LineString", "coordinates": [ [ -123.0910089, 49.2615464 ], [ -123.091014, 49.2615655 ], [ -123.09103, 49.2615818 ], [ -123.0910543, 49.2615929 ], [ -123.0910833, 49.2615971 ] ] } },
{ "type": "Feature", "properties": { "lts_score": 1, "facility_type": "mixed", "highway": "residential", "name": "Carolina Street" }, "geometry": { "type": "LineString", "coordinates": [ [ -123.0910833, 49.2615971 ], [ -123.091083, 49.2616138 ], [ -123.0910724, 49.2620003 ], [ -123.0910642, 49.2623437 ], [ -123.0910642, 49.262378 ], [ -123.0910636, 49.262492 ] ] } },
{ "type": "Feature", "properties": { "lts_score": 1, "facility_type": "mixed", "highway": "residential", "name": null }, "geometry": { "type": "LineString", "coordinates": [ [ -123.0910833, 49.2615971 ], [ -123.0911128, 49.2615936 ], [ -123.0911379, 49.261583 ], [ -123.0911547, 49.2615668 ], [ -123.0911606, 49.2615476 ] ] } },
{ "type": "Feature", "properties": { "lts_score": 1, "facility_type": "mixed", "highway": "residential", "name": null }, "geometry": { "type": "LineString", "coordinates": [ [ -123.0911606, 49.2615476 ], [ -123.0911549, 49.2615287 ], [ -123.0911385, 49.2615127 ], [ -123.091114, 49.2615019 ], [ -123.0910851, 49.2614981 ] ] } },
{ "type": "Feature", "properties": { "lts_score": 1, "facility_type": "mixed", "highway": "residential", "name": "East 10th Avenue" }, "geometry": { "type": "LineString", "coordinates": [ [ -123.0911606, 49.2615476 ], [ -123.091188, 49.2615478 ], [ -123.092916, 49.2615607 ], [ -123.0929495, 49.2615609 ] ] } },
{ "type": "Feature", "properties": { "lts_score": 1, "facility_type": "mixed", "highway": "residential", "name": "Prince Albert Street" }, "geometry": { "type": "LineString", "coordinates": [ [ -123.0872648, 49.2587608 ], [ -123.0872655, 49.2587352 ], [ -123.0872639, 49.2583493 ], [ -123.0872691, 49.2580128 ], [ -123.0872689, 49.2579907 ], [ -123.0872699, 49.2579738 ] ] } },
{ "type": "Feature", "properties": { "lts_score": 1, "facility_type": "mixed", "highway": "residential", "name": null }, "geometry": { "type": "LineString", "coordinates": [ [ -123.0872648, 49.2587608 ], [ -123.0872463, 49.2587631 ], [ -123.0872297, 49.2587689 ], [ -123.0872165, 49.2587777 ], [ -123.087208, 49.2587886 ], [ -123.0872049, 49.2588007 ] ] } },
{ "type": "Feature", "properties": { "lts_score": 1, "facility_type": "mixed", "highway": "residential", "name": "East 13th Avenue" }, "geometry": { "type": "LineString", "coordinates": [ [ -123.0872049, 49.2588007 ], [ -123.08716, 49.2587999 ], [ -123.0854181, 49.2587849 ], [ -123.0853237, 49.2587839 ] ] } },
{ "type": "Feature", "properties": { "lts_score": 1, "facility_type": "mixed", "highway": "residential", "name": null }, "geometry": { "type": "LineString", "coordinates": [ [ -123.0872049, 49.2588007 ], [ -123.0872076, 49.2588128 ], [ -123.0872156, 49.2588239 ], [ -123.0872284, 49.2588329 ], [ -123.0872447, 49.2588389 ], [ -123.087263, 49.2588415 ] ] } },
{ "type": "Feature", "properties": { "lts_score": 1, "facility_type": "mixed", "highway": "residential", "name": "Prince Albert Street" }, "geometry": { "type": "LineString", "coordinates": [ [ -123.087263, 49.2588415 ], [ -123.0872617, 49.2588696 ], [ -123.08725, 49.2592544 ], [ -123.0872441, 49.2596084 ], [ -123.0872438, 49.2596216 ], [ -123.0872419, 49.2597075 ] ] } },
{ "type": "Feature", "properties": { "lts_score": 1, "facility_type": "mixed", "highway": "residential", "name": null }, "geometry": { "type": "LineString", "coordinates": [ [ -123.087263, 49.2588415 ], [ -123.0872831, 49.2588402 ], [ -123.0873015, 49.2588347 ], [ -123.0873162, 49.2588257 ], [ -123.0873256, 49.258814 ], [ -123.0873288, 49.258801 ] ] } },
{ "type": "Feature", "properties": { "lts_score": 1, "facility_type": "mixed", "highway": "residential", "name": "East 13th Avenue" }, "geometry": { "type": "LineString", "coordinates": [ [ -123.0873288, 49.258801 ], [ -123.0873632, 49.258801 ], [ -123.0890481, 49.2588121 ], [ -123.0890959, 49.2588127 ], [ -123.0892008, 49.2588143 ] ] } },
{ "type": "Feature", "properties": { "lts_score": 1, "facility_type": "mixed", "highway": "residential", "name": null }, "geometry": { "type": "LineString", "coordinates": [ [ -123.0873288, 49.258801 ], [ -123.0873256, 49.2587883 ], [ -123.0873164, 49.2587769 ], [ -123.0873022, 49.258768 ], [ -123.0872844, 49.2587624 ], [ -123.0872648, 49.2587608 ] ] } },
{ "type": "Feature", "properties": { "lts_score": 1, "facility_type": "mixed", "highway": "residential", "name": "Saint Catherines Street" }, "geometry": { "type": "LineString", "coordinates": [ [ -123.0853441, 49.2578466 ], [ -123.0853447, 49.2578179 ], [ -123.085355, 49.257459 ], [ -123.085356, 49.2570803 ], [ -123.0853567, 49.2570634 ], [ -123.085357, 49.2569928 ] ] } },
{ "type": "Feature", "properties": { "lts_score": 1, "facility_type": "mixed", "highway": "residential", "name": null }, "geometry": { "type": "LineString", "coordinates": [ [ -123.0853441, 49.2578466 ], [ -123.0853244, 49.2578492 ], [ -123.0853077, 49.2578564 ], [ -123.0852963, 49.2578672 ], [ -123.0852918, 49.2578799 ] ] } },
{ "type": "Feature", "properties": { "lts_score": 1, "facility_type": "mixed", "highway": "residential", "name": null }, "geometry": { "type": "LineString", "coordinates": [ [ -123.0852918, 49.2578799 ], [ -123.085295, 49.2578932 ], [ -123.0853058, 49.2579047 ], [ -123.0853225, 49.2579126 ], [ -123.0853425, 49.2579157 ] ] } },
{ "type": "Feature", "properties": { "lts_score": 1, "facility_type": "mixed", "highway": "residential", "name": "East 14th Avenue" }, "geometry": { "type": "LineString", "coordinates": [ [ -123.0852918, 49.2578799 ], [ -123.0852476, 49.2578795 ], [ -123.0835184, 49.2578639 ], [ -123.0834786, 49.2578636 ] ] } },
{ "type": "Feature", "properties": { "lts_score": 1, "facility_type": "mixed", "highway": "residential", "name": "Saint Catherines Street" }, "geometry": { "type": "LineString", "coordinates": [ [ -123.0853425, 49.2579157 ], [ -123.0853418, 49.2579469 ], [ -123.0853335, 49.2583353 ], [ -123.0853254, 49.258708 ], [ -123.0853252, 49.2587237 ], [ -123.0853237, 49.2587839 ] ] } },
{ "type": "Feature", "properties": { "lts_score": 1, "facility_type": "mixed", "highway": "residential", "name": null }, "geometry": { "type": "LineString", "coordinates": [ [ -123.0853425, 49.2579157 ], [ -123.0853635, 49.2579135 ], [ -123.0853815, 49.257906 ], [ -123.0853935, 49.2578946 ], [ -123.0853976, 49.2578809 ] ] } },
{ "type": "Feature", "properties": { "lts_score": 1, "facility_type": "mixed", "highway": "residential", "name": "East 14th Avenue" }, "geometry": { "type": "LineString", "coordinates": [ [ -123.0853976, 49.2578809 ], [ -123.0854428, 49.2578814 ], [ -123.0869071, 49.2579008 ], [ -123.0870374, 49.2579056 ], [ -123.0871426, 49.2579237 ], [ -123.0871757, 49.2579327 ], [ -123.0872278, 49.2579511 ], [ -123.0872699, 49.2579738 ] ] } },
{ "type": "Feature", "properties": { "lts_score": 1, "facility_type": "mixed", "highway": "residential", "name": null }, "geometry": { "type": "LineString", "coordinates": [ [ -123.0853976, 49.2578809 ], [ -123.0853934, 49.2578677 ], [ -123.0853818, 49.2578565 ], [ -123.0853644, 49.2578491 ], [ -123.0853441, 49.2578466 ] ] } },
{ "type": "Feature", "properties": { "lts_score": 1, "facility_type": "mixed", "highway": "residential", "name": null }, "geometry": { "type": "LineString", "coordinates": [ [ -123.0834155, 49.2578235 ], [ -123.0833918, 49.2578263 ], [ -123.0833714, 49.2578346 ], [ -123.0833572, 49.2578472 ], [ -123.083351, 49.2578623 ] ] } },
{ "type": "Feature", "properties": { "lts_score": 1, "facility_type": "mixed", "highway": "residential", "name": "Windsor Street" }, "geometry": { "type": "LineString", "coordinates": [ [ -123.0834155, 49.2578235 ], [ -123.0834159, 49.2578047 ], [ -123.0834265, 49.257411 ], [ -123.0834352, 49.2570211 ], [ -123.0834365, 49.2569862 ], [ -123.0834383, 49.2569119 ] ] } },
{ "type": "Feature", "properties": { "lts_score": 1, "facility_type": "mixed", "highway": "residential", "name": "East 14th Avenue" }, "geometry": { "type": "LineString", "coordinates": [ [ -123.083351, 49.2578623 ], [ -123.0833098, 49.2578619 ], [ -123.0815804, 49.2578529 ], [ -123.081478, 49.257852 ] ] } },
{ "type": "Feature", "properties": { "lts_score": 1, "facility_type": "mixed", "highway": "residential", "name": null }, "geometry": { "type": "LineString", "coordinates": [ [ -123.083351, 49.2578623 ], [ -123.0833545, 49.257879 ], [ -123.0833677, 49.2578934 ], [ -123.0833885, 49.2579032 ], [ -123.0834136, 49.2579069 ] ] } },
{ "type": "Feature", "properties": { "lts_score": 1, "facility_type": "mixed", "highway": "residential", "name": null }, "geometry": { "type": "LineString", "coordinates": [ [ -123.0834136, 49.2579069 ], [ -123.083439, 49.2579038 ], [ -123.0834604, 49.2578944 ], [ -123.0834744, 49.2578802 ], [ -123.0834786, 49.2578636 ] ] } },
{ "type": "Feature", "properties": { "lts_score": 1, "facility_type": "mixed", "highway": "residential", "name": "Windsor Street" }, "geometry": { "type": "LineString", "coordinates": [ [ -123.0834136, 49.2579069 ], [ -123.083413, 49.2579334 ], [ -123.0834056, 49.2583036 ], [ -123.0833962, 49.2587038 ], [ -123.0833941, 49.2587344 ] ] } },
{ "type": "Feature", "properties": { "lts_score": 1, "facility_type": "mixed", "highway": "residential", "name": null }, "geometry": { "type": "LineString", "coordinates": [ [ -123.0834786, 49.2578636 ], [ -123.0834731, 49.2578482 ], [ -123.0834593, 49.2578353 ], [ -123.0834391, 49.2578266 ], [ -123.0834155, 49.2578235 ] ] } },
{ "type": "Feature", "properties": { "lts_score": 1, "facility_type": "mixed", "highway": "residential", "name": "East 14th Avenue" }, "geometry": { "type": "LineString", "coordinates": [ [ -123.0834786, 49.2578636 ], [ -123.0835184, 49.2578639 ], [ -123.0852476, 49.2578795 ], [ -123.0852918, 49.2578799 ] ] } },
{ "type": "Feature", "properties": { "lts_score": 1, "facility_type": "mixed", "highway": "residential", "name": "Windsor Street" }, "geometry": { "type": "LineString", "coordinates": [ [ -123.0836197, 49.256381 ], [ -123.0836196, 49.2564021 ], [ -123.0836039, 49.2568297 ], [ -123.0836037, 49.2568551 ], [ -123.0836014, 49.2569186 ] ] } },
{ "type": "Feature", "properties": { "lts_score": 1, "facility_type": "mixed", "highway": "residential", "name": "Saint Catherines Street" }, "geometry": { "type": "LineString", "coordinates": [ [ -123.0855585, 49.2563981 ], [ -123.085558, 49.256433 ], [ -123.0855354, 49.2569061 ], [ -123.0855342, 49.2569356 ], [ -123.0855311, 49.2570002 ] ] } },
{ "type": "Feature", "properties": { "lts_score": 1, "facility_type": "mixed", "highway": "residential", "name": "Glen Drive" }, "geometry": { "type": "LineString", "coordinates": [ [ -123.0813308, 49.2642256 ], [ -123.0813311, 49.2642044 ], [ -123.0813444, 49.2638163 ], [ -123.0813508, 49.263594 ], [ -123.0813545, 49.2634356 ], [ -123.0813581, 49.2633617 ] ] } },
{ "type": "Feature", "properties": { "lts_score": 1, "facility_type": "mixed", "highway": "residential", "name": null }, "geometry": { "type": "LineString", "coordinates": [ [ -123.0813308, 49.2642256 ], [ -123.0813115, 49.2642289 ], [ -123.0812945, 49.2642358 ], [ -123.0812811, 49.2642455 ], [ -123.0812727, 49.2642573 ], [ -123.0812697, 49.2642702 ] ] } },
{ "type": "Feature", "properties": { "lts_score": 1, "facility_type": "mixed", "highway": "residential", "name": "East 7th Avenue" }, "geometry": { "type": "LineString", "coordinates": [ [ -123.0812697, 49.2642702 ], [ -123.0812454, 49.2642702 ], [ -123.0810557, 49.2642686 ], [ -123.0807427, 49.2642666 ], [ -123.0796929, 49.2642597 ], [ -123.079675, 49.2642596 ], [ -123.0795098, 49.2642584 ], [ -123.0794098, 49.2642575 ] ] } },
{ "type": "Feature", "properties": { "lts_score": 1, "facility_type": "mixed", "highway": "residential", "name": null }, "geometry": { "type": "LineString", "coordinates": [ [ -123.0812697, 49.2642702 ], [ -123.0812732, 49.2642844 ], [ -123.0812833, 49.2642971 ], [ -123.081299, 49.2643071 ], [ -123.0813187, 49.2643134 ], [ -123.0813404, 49.2643153 ] ] } },
{ "type": "Feature", "properties": { "lts_score": 1, "facility_type": "mixed", "highway": "residential", "name": null }, "geometry": { "type": "LineString", "coordinates": [ [ -123.0813404, 49.2643153 ], [ -123.0813608, 49.264313 ], [ -123.0813792, 49.2643068 ], [ -123.0813939, 49.2642974 ], [ -123.0814037, 49.2642855 ], [ -123.0814077, 49.2642722 ] ] } },
{ "type": "Feature", "properties": { "lts_score": 1, "facility_type": "mixed", "highway": "residential", "name": "Glen Drive" }, "geometry": { "type": "LineString", "coordinates": [ [ -123.0813404, 49.2643153 ], [ -123.0813397, 49.2643495 ], [ -123.0813286, 49.2647741 ], [ -123.0813219, 49.2650944 ], [ -123.0813213, 49.2651218 ], [ -123.0813197, 49.2652327 ] ] } },
{ "type": "Feature", "properties": { "lts_score": 1, "facility_type": "mixed", "highway": "residential", "name": null }, "geometry": { "type": "LineString", "coordinates": [ [ -123.0814077, 49.2642722 ], [ -123.0814047, 49.2642569 ], [ -123.0813938, 49.2642431 ], [ -123.0813764, 49.2642325 ], [ -123.0813545, 49.2642264 ], [ -123.0813308, 49.2642256 ] ] } },
{ "type": "Feature", "properties": { "lts_score": 1, "facility_type": "mixed", "highway": "residential", "name": "East 7th Avenue" }, "geometry": { "type": "LineString", "coordinates": [ [ -123.0814077, 49.2642722 ], [ -123.0814517, 49.2642733 ], [ -123.081859, 49.2642775 ], [ -123.081985, 49.2642787 ], [ -123.0822184, 49.2642782 ], [ -123.082693, 49.2642803 ], [ -123.0832734, 49.2642859 ] ] } },
{ "type": "Feature", "properties": { "lts_score": 1, "facility_type": "mixed", "highway": "residential", "name": null }, "geometry": { "type": "LineString", "coordinates": [ [ -123.0833941, 49.2587344 ], [ -123.0833787, 49.258736 ], [ -123.0833648, 49.2587404 ], [ -123.0833534, 49.2587474 ], [ -123.0833457, 49.2587562 ], [ -123.0833423, 49.2587662 ] ] } },
{ "type": "Feature", "properties": { "lts_score": 1, "facility_type": "mixed", "highway": "residential", "name": "Windsor Street" }, "geometry": { "type": "LineString", "coordinates": [ [ -123.0833941, 49.2587344 ], [ -123.0833962, 49.2587038 ], [ -123.0834056, 49.2583036 ], [ -123.083413, 49.2579334 ], [ -123.0834136, 49.2579069 ] ] } },
{ "type": "Feature", "properties": { "lts_score": 1, "facility_type": "mixed", "highway": "residential", "name": null }, "geometry": { "type": "LineString", "coordinates": [ [ -123.0833423, 49.2587662 ], [ -123.0833439, 49.2587772 ], [ -123.0833507, 49.2587873 ], [ -123.0833621, 49.2587954 ], [ -123.0833769, 49.2588008 ], [ -123.0833935, 49.2588028 ] ] } },
{ "type": "Feature", "properties": { "lts_score": 1, "facility_type": "mixed", "highway": "residential", "name": "East 13th Avenue" }, "geometry": { "type": "LineString", "coordinates": [ [ -123.0833423, 49.2587662 ], [ -123.0832923, 49.2587655 ], [ -123.081588, 49.2587529 ], [ -123.0815621, 49.2587532 ], [ -123.0814589, 49.2587524 ] ] } },
{ "type": "Feature", "properties": { "lts_score": 1, "facility_type": "mixed", "highway": "residential", "name": "Windsor Street" }, "geometry": { "type": "LineString", "coordinates": [ [ -123.0833935, 49.2588028 ], [ -123.083393, 49.2588379 ], [ -123.0833839, 49.2592273 ], [ -123.083374, 49.2595752 ], [ -123.0833749, 49.2596085 ], [ -123.083373, 49.2596727 ] ] } },
{ "type": "Feature", "properties": { "lts_score": 1, "facility_type": "mixed", "highway": "residential", "name": null }, "geometry": { "type": "LineString", "coordinates": [ [ -123.0833935, 49.2588028 ], [ -123.0834103, 49.2588012 ], [ -123.0834254, 49.2587963 ], [ -123.0834373, 49.2587885 ], [ -123.0834448, 49.2587786 ], [ -123.083447, 49.2587676 ] ] } },
{ "type": "Feature", "properties": { "lts_score": 1, "facility_type": "mixed", "highway": "residential", "name": "East 13th Avenue" }, "geometry": { "type": "LineString", "coordinates": [ [ -123.083447, 49.2587676 ], [ -123.0834957, 49.2587683 ], [ -123.0852265, 49.2587827 ], [ -123.0853237, 49.2587839 ] ] } },
{ "type": "Feature", "properties": { "lts_score": 1, "facility_type": "mixed", "highway": "residential", "name": null }, "geometry": { "type": "LineString", "coordinates": [ [ -123.083447, 49.2587676 ], [ -123.0834441, 49.2587572 ], [ -123.0834364, 49.2587479 ], [ -123.0834247, 49.2587406 ], [ -123.0834102, 49.2587359 ], [ -123.0833941, 49.2587344 ] ] } },
{ "type": "Feature", "properties": { "lts_score": 1, "facility_type": "mixed", "highway": "residential", "name": [ "Carolina Street", "East 14th Avenue" ] }, "geometry": { "type": "LineString", "coordinates": [ [ -123.0911325, 49.2587921 ], [ -123.091133, 49.2587703 ], [ -123.0911286, 49.2583768 ], [ -123.0911291, 49.2579907 ], [ -123.0911206, 49.257959 ], [ -123.0910897, 49.257938 ], [ -123.0910472, 49.2579269 ], [ -123.0906979, 49.2579233 ], [ -123.0893623, 49.2579166 ], [ -123.0893348, 49.257919 ], [ -123.089216, 49.2579405 ] ] } },
{ "type": "Feature", "properties": { "lts_score": 1, "facility_type": "mixed", "highway": "residential", "name": null }, "geometry": { "type": "LineString", "coordinates": [ [ -123.0911325, 49.2587921 ], [ -123.091109, 49.2587959 ], [ -123.0910892, 49.2588051 ], [ -123.0910761, 49.2588185 ], [ -123.0910716, 49.258834 ] ] } },
{ "type": "Feature", "properties": { "lts_score": 1, "facility_type": "mixed", "highway": "residential", "name": "East 13th Avenue" }, "geometry": { "type": "LineString", "coordinates": [ [ -123.0910716, 49.258834 ], [ -123.091033, 49.2588337 ], [ -123.0893369, 49.2588158 ], [ -123.0893105, 49.2588157 ], [ -123.0892008, 49.2588143 ] ] } },
{ "type": "Feature", "properties": { "lts_score": 1, "facility_type": "mixed", "highway": "residential", "name": null }, "geometry": { "type": "LineString", "coordinates": [ [ -123.0910716, 49.258834 ], [ -123.091076, 49.2588493 ], [ -123.0910886, 49.2588625 ], [ -123.0911077, 49.2588718 ], [ -123.0911307, 49.2588759 ] ] } },
{ "type": "Feature", "properties": { "lts_score": 1, "facility_type": "mixed", "highway": "residential", "name": "Carolina Street" }, "geometry": { "type": "LineString", "coordinates": [ [ -123.0911307, 49.2588759 ], [ -123.0911302, 49.2588996 ], [ -123.091123, 49.2592812 ], [ -123.0911138, 49.2596393 ], [ -123.0911138, 49.259659 ], [ -123.0911136, 49.2597343 ] ] } },
{ "type": "Feature", "properties": { "lts_score": 1, "facility_type": "mixed", "highway": "residential", "name": null }, "geometry": { "type": "LineString", "coordinates": [ [ -123.0911307, 49.2588759 ], [ -123.0911565, 49.2588739 ], [ -123.0911789, 49.2588653 ], [ -123.0911943, 49.2588517 ], [ -123.0912003, 49.2588352 ] ] } },
{ "type": "Feature", "properties": { "lts_score": 1, "facility_type": "mixed", "highway": "residential", "name": null }, "geometry": { "type": "LineString", "coordinates": [ [ -123.0912003, 49.2588352 ], [ -123.0911956, 49.2588183 ], [ -123.0911809, 49.258804 ], [ -123.0911586, 49.2587947 ], [ -123.0911325, 49.2587921 ] ] } },
{ "type": "Feature", "properties": { "lts_score": 1, "facility_type": "mixed", "highway": "residential", "name": "East 13th Avenue" }, "geometry": { "type": "LineString", "coordinates": [ [ -123.0912003, 49.2588352 ], [ -123.091234, 49.2588355 ], [ -123.0916694, 49.258839 ], [ -123.0921605, 49.2588422 ], [ -123.0924973, 49.2588444 ], [ -123.0929625, 49.2588487 ], [ -123.0929861, 49.2588488 ] ] } },
{ "type": "Feature", "properties": { "lts_score": 1, "facility_type": "mixed", "highway": "residential", "name": "Saint George Street" }, "geometry": { "type": "LineString", "coordinates": [ [ -123.0930535, 49.2588108 ], [ -123.0930538, 49.2587896 ], [ -123.0930783, 49.2580095 ], [ -123.0930838, 49.2579639 ], [ -123.0931008, 49.2579343 ], [ -123.0931646, 49.2578757 ] ] } },
{ "type": "Feature", "properties": { "lts_score": 1, "facility_type": "mixed", "highway": "residential", "name": null }, "geometry": { "type": "LineString", "coordinates": [ [ -123.0930535, 49.2588108 ], [ -123.0930291, 49.2588126 ], [ -123.0930076, 49.2588206 ], [ -123.0929925, 49.2588333 ], [ -123.0929861, 49.2588488 ] ] } },
{ "type": "Feature", "properties": { "lts_score": 1, "facility_type": "mixed", "highway": "residential", "name": "East 13th Avenue" }, "geometry": { "type": "LineString", "coordinates": [ [ -123.0929861, 49.2588488 ], [ -123.0929625, 49.2588487 ], [ -123.0924973, 49.2588444 ], [ -123.0921605, 49.2588422 ], [ -123.0916694, 49.258839 ], [ -123.091234, 49.2588355 ], [ -123.0912003, 49.2588352 ] ] } },
{ "type": "Feature", "properties": { "lts_score": 1, "facility_type": "mixed", "highway": "residential", "name": null }, "geometry": { "type": "LineString", "coordinates": [ [ -123.0929861, 49.2588488 ], [ -123.0929899, 49.2588659 ], [ -123.0930042, 49.2588803 ], [ -123.0930264, 49.2588897 ], [ -123.0930524, 49.2588923 ] ] } },
{ "type": "Feature", "properties": { "lts_score": 1, "facility_type": "mixed", "highway": "residential", "name": "Saint George Street" }, "geometry": { "type": "LineString", "coordinates": [ [ -123.0930524, 49.2588923 ], [ -123.093052, 49.2589149 ], [ -123.0930458, 49.2593026 ], [ -123.0930408, 49.2595773 ], [ -123.0930393, 49.2596664 ], [ -123.093039, 49.2596881 ], [ -123.0930383, 49.259753 ] ] } },
{ "type": "Feature", "properties": { "lts_score": 1, "facility_type": "mixed", "highway": "residential", "name": null }, "geometry": { "type": "LineString", "coordinates": [ [ -123.0930524, 49.2588923 ], [ -123.0930758, 49.2588883 ], [ -123.0930951, 49.2588788 ], [ -123.0931075, 49.2588652 ], [ -123.0931111, 49.2588496 ], [ -123.093106, 49.2588353 ], [ -123.0930935, 49.2588231 ], [ -123.0930753, 49.2588145 ], [ -123.0930535, 49.2588108 ] ] } },
{ "type": "Feature", "properties": { "lts_score": 1, "facility_type": "mixed", "highway": "residential", "name": "Yukon Street" }, "geometry": { "type": "LineString", "coordinates": [ [ -123.1130827, 49.2586622 ], [ -123.1130835, 49.2586381 ], [ -123.1130966, 49.2582406 ], [ -123.1131093, 49.2578531 ], [ -123.1131114, 49.2577888 ] ] } },
{ "type": "Feature", "properties": { "lts_score": 1, "facility_type": "mixed", "highway": "residential", "name": null }, "geometry": { "type": "LineString", "coordinates": [ [ -123.1130827, 49.2586622 ], [ -123.1130627, 49.2586645 ], [ -123.1130437, 49.2586707 ], [ -123.1130287, 49.2586802 ], [ -123.1130187, 49.2586922 ], [ -123.1130147, 49.2587055 ] ] } },
{ "type": "Feature", "properties": { "lts_score": 1, "facility_type": "mixed", "highway": "residential", "name": null }, "geometry": { "type": "LineString", "coordinates": [ [ -123.1130797, 49.2587527 ], [ -123.1131017, 49.2587513 ], [ -123.1131227, 49.2587453 ], [ -123.1131387, 49.2587354 ], [ -123.1131497, 49.2587227 ], [ -123.1131537, 49.2587083 ] ] } },
{ "type": "Feature", "properties": { "lts_score": 1, "facility_type": "mixed", "highway": "residential", "name": "Yukon Street" }, "geometry": { "type": "LineString", "coordinates": [ [ -123.1130797, 49.2587527 ], [ -123.1130789, 49.2587725 ], [ -123.1130551, 49.2593612 ], [ -123.1130526, 49.259424 ] ] } },
{ "type": "Feature", "properties": { "lts_score": 1, "facility_type": "mixed", "highway": "residential", "name": null }, "geometry": { "type": "LineString", "coordinates": [ [ -123.1131537, 49.2587083 ], [ -123.1131507, 49.258694 ], [ -123.1131407, 49.258681 ], [ -123.1131247, 49.2586708 ], [ -123.1131047, 49.2586643 ], [ -123.1130827, 49.2586622 ] ] } },
{ "type": "Feature", "properties": { "lts_score": 1, "facility_type": "mixed", "highway": "residential", "name": null }, "geometry": { "type": "LineString", "coordinates": [ [ -123.1130147, 49.2587055 ], [ -123.1130177, 49.2587194 ], [ -123.1130257, 49.2587322 ], [ -123.1130407, 49.2587426 ], [ -123.1130587, 49.2587497 ], [ -123.1130797, 49.2587527 ] ] } },
{ "type": "Feature", "properties": { "lts_score": 1, "facility_type": "mixed", "highway": "residential", "name": "West 14th Avenue" }, "geometry": { "type": "LineString", "coordinates": [ [ -123.1130147, 49.2587055 ], [ -123.112978, 49.258705 ], [ -123.111227, 49.2586831 ], [ -123.1111965, 49.2586827 ] ] } },
{ "type": "Feature", "properties": { "lts_score": 1, "facility_type": "mixed", "highway": "residential", "name": "Alberta Street" }, "geometry": { "type": "LineString", "coordinates": [ [ -123.1111325, 49.2586378 ], [ -123.111134, 49.2586114 ], [ -123.1111525, 49.258215 ], [ -123.1111608, 49.257835 ], [ -123.111161, 49.2578245 ], [ -123.1111642, 49.2577504 ] ] } },
{ "type": "Feature", "properties": { "lts_score": 1, "facility_type": "mixed", "highway": "residential", "name": null }, "geometry": { "type": "LineString", "coordinates": [ [ -123.1111325, 49.2586378 ], [ -123.1111117, 49.2586395 ], [ -123.1110927, 49.2586453 ], [ -123.1110775, 49.2586547 ], [ -123.1110676, 49.2586668 ], [ -123.1110639, 49.2586803 ] ] } },
{ "type": "Feature", "properties": { "lts_score": 1, "facility_type": "mixed", "highway": "residential", "name": null }, "geometry": { "type": "LineString", "coordinates": [ [ -123.1110639, 49.2586803 ], [ -123.1110667, 49.2586935 ], [ -123.1110756, 49.2587056 ], [ -123.1110897, 49.2587153 ], [ -123.1111077, 49.2587218 ], [ -123.1111279, 49.2587243 ] ] } },
{ "type": "Feature", "properties": { "lts_score": 1, "facility_type": "mixed", "highway": "residential", "name": "West 14th Avenue" }, "geometry": { "type": "LineString", "coordinates": [ [ -123.1110639, 49.2586803 ], [ -123.1110289, 49.2586796 ], [ -123.1097624, 49.2586532 ], [ -123.1097385, 49.2586527 ], [ -123.1096434, 49.2586523 ] ] } },
{ "type": "Feature", "properties": { "lts_score": 1, "facility_type": "mixed", "highway": "residential", "name": null }, "geometry": { "type": "LineString", "coordinates": [ [ -123.1111279, 49.2587243 ], [ -123.1111484, 49.2587227 ], [ -123.1111672, 49.258717 ], [ -123.1111824, 49.2587078 ], [ -123.1111925, 49.258696 ], [ -123.1111965, 49.2586827 ] ] } },
{ "type": "Feature", "properties": { "lts_score": 1, "facility_type": "mixed", "highway": "residential", "name": "Alberta Street" }, "geometry": { "type": "LineString", "coordinates": [ [ -123.1111279, 49.2587243 ], [ -123.1111277, 49.2587429 ], [ -123.1110973, 49.259335 ], [ -123.1110956, 49.2593927 ] ] } },
{ "type": "Feature", "properties": { "lts_score": 1, "facility_type": "mixed", "highway": "residential", "name": "West 14th Avenue" }, "geometry": { "type": "LineString", "coordinates": [ [ -123.1111965, 49.2586827 ], [ -123.111227, 49.2586831 ], [ -123.112978, 49.258705 ], [ -123.1130147, 49.2587055 ] ] } },
{ "type": "Feature", "properties": { "lts_score": 1, "facility_type": "mixed", "highway": "residential", "name": null }, "geometry": { "type": "LineString", "coordinates": [ [ -123.1111965, 49.2586827 ], [ -123.111194, 49.2586692 ], [ -123.1111853, 49.2586569 ], [ -123.1111711, 49.258647 ], [ -123.1111529, 49.2586404 ], [ -123.1111325, 49.2586378 ] ] } },
{ "type": "Feature", "properties": { "lts_score": 3, "facility_type": "mixed", "highway": "tertiary", "name": "West 12th Avenue" }, "geometry": { "type": "LineString", "coordinates": [ [ -123.1130301, 49.2603807 ], [ -123.1129076, 49.2603798 ], [ -123.112875, 49.2603796 ], [ -123.1111961, 49.2603467 ] ] } },
{ "type": "Feature", "properties": { "lts_score": 3, "facility_type": "mixed", "highway": "tertiary", "name": "Yukon Street" }, "geometry": { "type": "LineString", "coordinates": [ [ -123.1130301, 49.2603807 ], [ -123.1130267, 49.2604696 ], [ -123.1130258, 49.2604941 ], [ -123.1130138, 49.2608144 ], [ -123.1130129, 49.2608375 ], [ -123.1130098, 49.2609224 ], [ -123.1129977, 49.2612438 ], [ -123.1129954, 49.2613049 ] ] } },
{ "type": "Feature", "properties": { "lts_score": 1, "facility_type": "mixed", "highway": "residential", "name": "East 6th Avenue" }, "geometry": { "type": "LineString", "coordinates": [ [ -123.0929763, 49.2652638 ], [ -123.0928601, 49.2652629 ], [ -123.0926777, 49.2652622 ], [ -123.0911692, 49.2652559 ], [ -123.0911324, 49.2652557 ], [ -123.0910204, 49.2652548 ] ] } },
{ "type": "Feature", "properties": { "lts_score": 1, "facility_type": "mixed", "highway": "residential", "name": "East 6th Avenue" }, "geometry": { "type": "LineString", "coordinates": [ [ -123.0929763, 49.2652638 ], [ -123.0930594, 49.2652633 ], [ -123.0938339, 49.2652702 ], [ -123.09397, 49.2652714 ], [ -123.0947945, 49.2652787 ], [ -123.0948892, 49.2652791 ] ] } },
{ "type": "Feature", "properties": { "lts_score": 1, "facility_type": "mixed", "highway": "residential", "name": null }, "geometry": { "type": "LineString", "coordinates": [ [ -123.0910287, 49.2642927 ], [ -123.091005, 49.2642962 ], [ -123.0909837, 49.2643039 ], [ -123.0909665, 49.2643151 ], [ -123.0909548, 49.2643291 ], [ -123.0909495, 49.2643446 ] ] } },
{ "type": "Feature", "properties": { "lts_score": 1, "facility_type": "mixed", "highway": "residential", "name": "Carolina Street" }, "geometry": { "type": "LineString", "coordinates": [ [ -123.0910287, 49.2642927 ], [ -123.0910303, 49.2642664 ], [ -123.0910332, 49.2638957 ], [ -123.0910482, 49.2635128 ], [ -123.0910487, 49.2634987 ] ] } },
{ "type": "Feature", "properties": { "lts_score": 1, "facility_type": "mixed", "highway": "residential", "name": "East 7th Avenue" }, "geometry": { "type": "LineString", "coordinates": [ [ -123.0909495, 49.2643446 ], [ -123.0909174, 49.2643444 ], [ -123.0901307, 49.2643409 ], [ -123.0892146, 49.2643368 ], [ -123.089103, 49.2643352 ] ] } },
{ "type": "Feature", "properties": { "lts_score": 1, "facility_type": "mixed", "highway": "residential", "name": null }, "geometry": { "type": "LineString", "coordinates": [ [ -123.0909495, 49.2643446 ], [ -123.0909516, 49.2643619 ], [ -123.0909615, 49.2643779 ], [ -123.0909784, 49.2643912 ], [ -123.0910007, 49.2644005 ], [ -123.0910263, 49.2644051 ] ] } },
{ "type": "Feature", "properties": { "lts_score": 1, "facility_type": "mixed", "highway": "residential", "name": null }, "geometry": { "type": "LineString", "coordinates": [ [ -123.0910263, 49.2644051 ], [ -123.0910561, 49.2644038 ], [ -123.0910834, 49.2643961 ], [ -123.0911051, 49.2643827 ], [ -123.0911186, 49.2643653 ], [ -123.0911222, 49.264346 ] ] } },
{ "type": "Feature", "properties": { "lts_score": 1, "facility_type": "mixed", "highway": "residential", "name": "Carolina Street" }, "geometry": { "type": "LineString", "coordinates": [ [ -123.0910263, 49.2644051 ], [ -123.0910257, 49.2644296 ], [ -123.0910208, 49.2647996 ], [ -123.09102, 49.2650799 ], [ -123.0910208, 49.2651846 ], [ -123.0910204, 49.2652548 ] ] } },
{ "type": "Feature", "properties": { "lts_score": 1, "facility_type": "mixed", "highway": "residential", "name": null }, "geometry": { "type": "LineString", "coordinates": [ [ -123.0911222, 49.264346 ], [ -123.0911164, 49.2643284 ], [ -123.0911024, 49.2643129 ], [ -123.0910816, 49.2643011 ], [ -123.0910562, 49.2642941 ], [ -123.0910287, 49.2642927 ] ] } },
{ "type": "Feature", "properties": { "lts_score": 1, "facility_type": "protected", "highway": "residential", "name": [ "East 7th Avenue", "Saint George Street" ] }, "geometry": { "type": "LineString", "coordinates": [ [ -123.0911222, 49.264346 ], [ -123.0911693, 49.264346 ], [ -123.0921202, 49.2643595 ], [ -123.0928244, 49.2643696 ], [ -123.0928667, 49.26437 ], [ -123.0929981, 49.2643715 ], [ -123.0930013, 49.2642973 ], [ -123.093002, 49.2639126 ], [ -123.0930084, 49.2636749 ], [ -123.0930123, 49.2635273 ], [ -123.0930163, 49.2634613 ] ] } },
{ "type": "Feature", "properties": { "lts_score": 1, "facility_type": "mixed", "highway": "residential", "name": "Carolina Street" }, "geometry": { "type": "LineString", "coordinates": [ [ -123.0910524, 49.2633948 ], [ -123.0910529, 49.2633804 ], [ -123.0910577, 49.2629986 ], [ -123.0910615, 49.2627137 ], [ -123.0910626, 49.2626316 ], [ -123.091063, 49.2626045 ], [ -123.0910636, 49.262492 ] ] } },
{ "type": "Feature", "properties": { "lts_score": 1, "facility_type": "mixed", "highway": "residential", "name": null }, "geometry": { "type": "LineString", "coordinates": [ [ -123.0910524, 49.2633948 ], [ -123.0910226, 49.2633986 ], [ -123.090997, 49.2634095 ], [ -123.0909795, 49.2634259 ], [ -123.0909728, 49.2634454 ] ] } },
{ "type": "Feature", "properties": { "lts_score": 1, "facility_type": "mixed", "highway": "residential", "name": "East 8th Avenue" }, "geometry": { "type": "LineString", "coordinates": [ [ -123.0909728, 49.2634454 ], [ -123.090953, 49.2634451 ], [ -123.0894841, 49.2634247 ], [ -123.0892779, 49.2634233 ], [ -123.0892183, 49.2634229 ], [ -123.089117, 49.2634228 ] ] } },
{ "type": "Feature", "properties": { "lts_score": 1, "facility_type": "mixed", "highway": "residential", "name": null }, "geometry": { "type": "LineString", "coordinates": [ [ -123.0909728, 49.2634454 ], [ -123.0909779, 49.2634651 ], [ -123.0909941, 49.2634822 ], [ -123.091019, 49.263494 ], [ -123.0910487, 49.2634987 ] ] } },
{ "type": "Feature", "properties": { "lts_score": 1, "facility_type": "mixed", "highway": "residential", "name": null }, "geometry": { "type": "LineString", "coordinates": [ [ -123.0910487, 49.2634987 ], [ -123.0910801, 49.2634955 ], [ -123.091107, 49.2634847 ], [ -123.0911253, 49.2634679 ], [ -123.0911321, 49.2634478 ] ] } },
{ "type": "Feature", "properties": { "lts_score": 1, "facility_type": "mixed", "highway": "residential", "name": "Carolina Street" }, "geometry": { "type": "LineString", "coordinates": [ [ -123.0910487, 49.2634987 ], [ -123.0910482, 49.2635128 ], [ -123.0910332, 49.2638957 ], [ -123.0910303, 49.2642664 ], [ -123.0910287, 49.2642927 ] ] } },
{ "type": "Feature", "properties": { "lts_score": 1, "facility_type": "mixed", "highway": "residential", "name": null }, "geometry": { "type": "LineString", "coordinates": [ [ -123.0911321, 49.2634478 ], [ -123.0911266, 49.2634276 ], [ -123.0911094, 49.2634104 ], [ -123.0910834, 49.2633989 ], [ -123.0910524, 49.2633948 ] ] } },
{ "type": "Feature", "properties": { "lts_score": 1, "facility_type": "mixed", "highway": "residential", "name": "East 8th Avenue" }, "geometry": { "type": "LineString", "coordinates": [ [ -123.0911321, 49.2634478 ], [ -123.0911536, 49.2634481 ], [ -123.0928509, 49.2634605 ], [ -123.0928836, 49.2634607 ], [ -123.0930163, 49.2634613 ] ] } },
{ "type": "Feature", "properties": { "lts_score": 1, "facility_type": "mixed", "highway": "residential", "name": "East 8th Avenue" }, "geometry": { "type": "LineString", "coordinates": [ [ -123.0930163, 49.2634613 ], [ -123.0930896, 49.2634614 ], [ -123.0931365, 49.2634616 ], [ -123.0937478, 49.2634636 ], [ -123.0948194, 49.2634751 ], [ -123.0949193, 49.2634756 ] ] } },
{ "type": "Feature", "properties": { "lts_score": 1, "facility_type": "mixed", "highway": "residential", "name": "East 8th Avenue" }, "geometry": { "type": "LineString", "coordinates": [ [ -123.0930163, 49.2634613 ], [ -123.0928836, 49.2634607 ], [ -123.0928509, 49.2634605 ], [ -123.0911536, 49.2634481 ], [ -123.0911321, 49.2634478 ] ] } },
{ "type": "Feature", "properties": { "lts_score": 1, "facility_type": "mixed", "highway": "residential", "name": "Saint George Street" }, "geometry": { "type": "LineString", "coordinates": [ [ -123.0930163, 49.2634613 ], [ -123.0930178, 49.2633978 ], [ -123.093018, 49.263276 ] ] } },
{ "type": "Feature", "properties": { "lts_score": 1, "facility_type": "mixed", "highway": "residential", "name": "Fraser Street" }, "geometry": { "type": "LineString", "coordinates": [ [ -123.089117, 49.2634228 ], [ -123.0891177, 49.2633653 ], [ -123.0891171, 49.2633378 ], [ -123.089119, 49.2629738 ], [ -123.0891209, 49.2626327 ], [ -123.0891224, 49.2626031 ], [ -123.0891261, 49.26253 ] ] } },
{ "type": "Feature", "properties": { "lts_score": 1, "facility_type": "mixed", "highway": "residential", "name": "East 8th Avenue" }, "geometry": { "type": "LineString", "coordinates": [ [ -123.089117, 49.2634228 ], [ -123.0890081, 49.2634227 ], [ -123.0889886, 49.2634226 ], [ -123.0880467, 49.2634165 ], [ -123.0872654, 49.2634114 ], [ -123.0871659, 49.2634113 ] ] } },
{ "type": "Feature", "properties": { "lts_score": 1, "facility_type": "mixed", "highway": "residential", "name": "East 8th Avenue" }, "geometry": { "type": "LineString", "coordinates": [ [ -123.089117, 49.2634228 ], [ -123.0892183, 49.2634229 ], [ -123.0892779, 49.2634233 ], [ -123.0894841, 49.2634247 ], [ -123.090953, 49.2634451 ], [ -123.0909728, 49.2634454 ] ] } },
{ "type": "Feature", "properties": { "lts_score": 1, "facility_type": "mixed", "highway": "residential", "name": "Brunswick Street" }, "geometry": { "type": "LineString", "coordinates": [ [ -123.0970101, 49.263585 ], [ -123.097011, 49.263563 ], [ -123.0970229, 49.2632531 ], [ -123.0970256, 49.2631818 ], [ -123.0970353, 49.2629266 ], [ -123.0970361, 49.2629027 ], [ -123.0970402, 49.2628008 ] ] } },
{ "type": "Feature", "properties": { "lts_score": 1, "facility_type": "mixed", "highway": "residential", "name": null }, "geometry": { "type": "LineString", "coordinates": [ [ -123.0970101, 49.263585 ], [ -123.0969864, 49.2635865 ], [ -123.0969647, 49.2635928 ], [ -123.0969472, 49.2636034 ], [ -123.0969358, 49.2636171 ], [ -123.0969318, 49.2636324 ] ] } },
{ "type": "Feature", "properties": { "lts_score": 1, "facility_type": "mixed", "highway": "residential", "name": "East 8th Avenue" }, "geometry": { "type": "LineString", "coordinates": [ [ -123.0969318, 49.2636324 ], [ -123.0969037, 49.2636319 ], [ -123.0961154, 49.2636154 ], [ -123.0960699, 49.2636103 ], [ -123.0960276, 49.2636029 ], [ -123.0959878, 49.2635908 ], [ -123.0959591, 49.2635798 ], [ -123.0959344, 49.2635608 ], [ -123.0959194, 49.2635419 ], [ -123.0959128, 49.2634892 ] ] } },
{ "type": "Feature", "properties": { "lts_score": 1, "facility_type": "mixed", "highway": "residential", "name": null }, "geometry": { "type": "LineString", "coordinates": [ [ -123.0969318, 49.2636324 ], [ -123.0969353, 49.2636474 ], [ -123.0969459, 49.263661 ], [ -123.0969625, 49.2636717 ], [ -123.0969834, 49.2636784 ], [ -123.0970065, 49.2636806 ] ] } },
{ "type": "Feature", "properties": { "lts_score": 1, "facility_type": "mixed", "highway": "residential", "name": "Brunswick Street" }, "geometry": { "type": "LineString", "coordinates": [ [ -123.0970065, 49.2636806 ], [ -123.097006, 49.2636972 ], [ -123.0969954, 49.2639702 ], [ -123.0969912, 49.2640802 ], [ -123.0969766, 49.2644556 ], [ -123.0969763, 49.2644711 ], [ -123.0969734, 49.2645455 ] ] } },
{ "type": "Feature", "properties": { "lts_score": 1, "facility_type": "mixed", "highway": "residential", "name": null }, "geometry": { "type": "LineString", "coordinates": [ [ -123.0970065, 49.2636806 ], [ -123.0970282, 49.2636782 ], [ -123.0970478, 49.2636717 ], [ -123.0970635, 49.2636617 ], [ -123.0970741, 49.2636492 ], [ -123.0970784, 49.2636351 ] ] } },
{ "type": "Feature", "properties": { "lts_score": 1, "facility_type": "mixed", "highway": "residential", "name": "East 8th Avenue" }, "geometry": { "type": "LineString", "coordinates": [ [ -123.0970784, 49.2636351 ], [ -123.0971156, 49.2636358 ], [ -123.0984552, 49.2636542 ], [ -123.0987305, 49.263658 ] ] } },
{ "type": "Feature", "properties": { "lts_score": 1, "facility_type": "mixed", "highway": "residential", "name": null }, "geometry": { "type": "LineString", "coordinates": [ [ -123.0970784, 49.2636351 ], [ -123.097076, 49.2636204 ], [ -123.0970669, 49.2636068 ], [ -123.0970518, 49.2635958 ], [ -123.0970322, 49.2635882 ], [ -123.0970101, 49.263585 ] ] } },
{ "type": "Feature", "properties": { "lts_score": 1, "facility_type": "mixed", "highway": "residential", "name": null }, "geometry": { "type": "LineString", "coordinates": [ [ -123.0969381, 49.2653868 ], [ -123.0969141, 49.2653886 ], [ -123.0968919, 49.265395 ], [ -123.0968737, 49.2654054 ], [ -123.0968611, 49.2654189 ], [ -123.0968552, 49.2654342 ] ] } },
{ "type": "Feature", "properties": { "lts_score": 1, "facility_type": "mixed", "highway": "residential", "name": "Brunswick Street" }, "geometry": { "type": "LineString", "coordinates": [ [ -123.0969381, 49.2653868 ], [ -123.0969417, 49.2653743 ], [ -123.0969526, 49.2650874 ], [ -123.0969566, 49.2649835 ], [ -123.0969703, 49.264625 ], [ -123.0969711, 49.2646066 ], [ -123.0969734, 49.2645455 ] ] } },
{ "type": "Feature", "properties": { "lts_score": 1, "facility_type": "mixed", "highway": "residential", "name": null }, "geometry": { "type": "LineString", "coordinates": [ [ -123.0968552, 49.2654342 ], [ -123.0968573, 49.2654517 ], [ -123.0968681, 49.2654677 ], [ -123.0968863, 49.2654805 ], [ -123.0969101, 49.2654887 ], [ -123.0969366, 49.2654912 ] ] } },
{ "type": "Feature", "properties": { "lts_score": 1, "facility_type": "mixed", "highway": "residential", "name": "East 6th Avenue" }, "geometry": { "type": "LineString", "coordinates": [ [ -123.0968552, 49.2654342 ], [ -123.0968318, 49.2654337 ], [ -123.0958931, 49.265416 ], [ -123.0958433, 49.2654149 ], [ -123.0957447, 49.2654132 ] ] } },
{ "type": "Feature", "properties": { "lts_score": 1, "facility_type": "mixed", "highway": "residential", "name": "Brunswick Street" }, "geometry": { "type": "LineString", "coordinates": [ [ -123.0969366, 49.2654912 ], [ -123.0969365, 49.2655098 ], [ -123.0969115, 49.2658939 ], [ -123.0969036, 49.2661022 ], [ -123.0968855, 49.2661806 ], [ -123.0968614, 49.2662393 ], [ -123.0968311, 49.2662774 ], [ -123.0968153, 49.2662903 ] ] } },
{ "type": "Feature", "properties": { "lts_score": 1, "facility_type": "mixed", "highway": "residential", "name": null }, "geometry": { "type": "LineString", "coordinates": [ [ -123.0969366, 49.2654912 ], [ -123.0969615, 49.2654883 ], [ -123.0969837, 49.2654804 ], [ -123.0970011, 49.2654684 ], [ -123.0970118, 49.2654535 ], [ -123.0970149, 49.2654371 ] ] } },
{ "type": "Feature", "properties": { "lts_score": 1, "facility_type": "mixed", "highway": "residential", "name": "East 6th Avenue" }, "geometry": { "type": "LineString", "coordinates": [ [ -123.0970149, 49.2654371 ], [ -123.0970473, 49.2654378 ], [ -123.0981842, 49.2654592 ], [ -123.0987451, 49.2654698 ], [ -123.098863, 49.2654719 ] ] } },
{ "type": "Feature", "properties": { "lts_score": 1, "facility_type": "mixed", "highway": "residential", "name": null }, "geometry": { "type": "LineString", "coordinates": [ [ -123.0970149, 49.2654371 ], [ -123.0970105, 49.2654218 ], [ -123.0969994, 49.2654081 ], [ -123.0969826, 49.265397 ], [ -123.0969615, 49.2653898 ], [ -123.0969381, 49.2653868 ] ] } },
{ "type": "Feature", "properties": { "lts_score": 2, "facility_type": "mixed", "highway": "tertiary", "name": "Yukon Street" }, "geometry": { "type": "LineString", "coordinates": [ [ -123.1129604, 49.2622222 ], [ -123.1129637, 49.2621624 ], [ -123.112965, 49.2621394 ], [ -123.1129782, 49.2617641 ], [ -123.1129927, 49.2613764 ], [ -123.1129954, 49.2613049 ] ] } },
{ "type": "Feature", "properties": { "lts_score": 1, "facility_type": "mixed", "highway": "residential", "name": "West 10th Avenue" }, "geometry": { "type": "LineString", "coordinates": [ [ -123.1129604, 49.2622222 ], [ -123.1130722, 49.2622249 ], [ -123.1131164, 49.262224 ], [ -123.1136316, 49.2622336 ] ] } },
{ "type": "Feature", "properties": { "lts_score": 2, "facility_type": "mixed", "highway": "tertiary", "name": "Yukon Street" }, "geometry": { "type": "LineString", "coordinates": [ [ -123.1129604, 49.2622222 ], [ -123.1129566, 49.2622888 ], [ -123.112955, 49.2623165 ], [ -123.1129324, 49.2626841 ] ] } },
{ "type": "Feature", "properties": { "lts_score": 4, "facility_type": "mixed", "highway": "primary", "name": "West Broadway" }, "geometry": { "type": "LineString", "coordinates": [ [ -123.1109652, 49.2631504 ], [ -123.111077, 49.2631522 ], [ -123.111106, 49.2631527 ], [ -123.1122579, 49.2631714 ], [ -123.1127517, 49.2631794 ], [ -123.1127805, 49.2631799 ], [ -123.1129024, 49.2631818 ] ] } },
{ "type": "Feature", "properties": { "lts_score": 1, "facility_type": "mixed", "highway": "residential", "name": "Alberta Street" }, "geometry": { "type": "LineString", "coordinates": [ [ -123.1109652, 49.2631504 ], [ -123.1109638, 49.2630349 ], [ -123.1109641, 49.2630221 ], [ -123.1109705, 49.2626589 ], [ -123.110987, 49.2622916 ], [ -123.1109878, 49.2622594 ], [ -123.11099, 49.2621908 ] ] } },
{ "type": "Feature", "properties": { "lts_score": 4, "facility_type": "mixed", "highway": "primary", "name": "West Broadway" }, "geometry": { "type": "LineString", "coordinates": [ [ -123.1109652, 49.2631504 ], [ -123.1108357, 49.263148 ], [ -123.1108048, 49.2631474 ], [ -123.1096283, 49.2631255 ], [ -123.109584, 49.2631247 ], [ -123.109468, 49.2631221 ] ] } },
{ "type": "Feature", "properties": { "lts_score": 1, "facility_type": "mixed", "highway": "residential", "name": "Alberta Street" }, "geometry": { "type": "LineString", "coordinates": [ [ -123.1109652, 49.2631504 ], [ -123.1109643, 49.2632549 ], [ -123.1109636, 49.2632868 ], [ -123.1109562, 49.2634351 ], [ -123.1109361, 49.263808 ], [ -123.110933, 49.2638846 ] ] } },
{ "type": "Feature", "properties": { "lts_score": 1, "facility_type": "mixed", "highway": "residential", "name": "Pullman Porter Street" }, "geometry": { "type": "LineString", "coordinates": [ [ -123.1032948, 49.2713505 ], [ -123.1033044, 49.2713247 ], [ -123.1033719, 49.2711527 ], [ -123.103488, 49.2708582 ], [ -123.1036077, 49.2705578 ], [ -123.1037156, 49.2703124 ], [ -123.10372, 49.2703022 ], [ -123.10372, 49.2702646 ], [ -123.1037207, 49.2702034 ] ] } },
{ "type": "Feature", "properties": { "lts_score": 1, "facility_type": "mixed", "highway": "residential", "name": null }, "geometry": { "type": "LineString", "coordinates": [ [ -123.1032948, 49.2713505 ], [ -123.1032684, 49.2713494 ], [ -123.1032434, 49.271355 ], [ -123.1032237, 49.2713666 ], [ -123.1032125, 49.2713823 ] ] } },
{ "type": "Feature", "properties": { "lts_score": 1, "facility_type": "mixed", "highway": "residential", "name": "Prince Albert Street" }, "geometry": { "type": "LineString", "coordinates": [ [ -123.0871835, 49.2624706 ], [ -123.0871878, 49.262353 ], [ -123.0871887, 49.2623287 ], [ -123.0871998, 49.261966 ], [ -123.0872103, 49.2615812 ], [ -123.0872106, 49.2615593 ] ] } },
{ "type": "Feature", "properties": { "lts_score": 1, "facility_type": "mixed", "highway": "residential", "name": "Prince Albert Street" }, "geometry": { "type": "LineString", "coordinates": [ [ -123.0871835, 49.2624706 ], [ -123.0871793, 49.2625846 ], [ -123.0871785, 49.2626059 ], [ -123.0871743, 49.2627589 ], [ -123.0871685, 49.26296 ], [ -123.0871661, 49.2633277 ], [ -123.0871667, 49.2633452 ], [ -123.0871659, 49.2634113 ] ] } },
{ "type": "Feature", "properties": { "lts_score": 4, "facility_type": "mixed", "highway": "primary", "name": "East Broadway" }, "geometry": { "type": "LineString", "coordinates": [ [ -123.0871835, 49.2624706 ], [ -123.0870674, 49.2624675 ], [ -123.0870286, 49.2624665 ], [ -123.0854016, 49.2624457 ], [ -123.085341, 49.2624449 ], [ -123.0852412, 49.2624448 ] ] } },
{ "type": "Feature", "properties": { "lts_score": 4, "facility_type": "mixed", "highway": "primary", "name": "East Broadway" }, "geometry": { "type": "LineString", "coordinates": [ [ -123.0871835, 49.2624706 ], [ -123.0873088, 49.2625221 ], [ -123.088161, 49.2625253 ], [ -123.0889585, 49.2625283 ], [ -123.0889955, 49.2625287 ], [ -123.0891261, 49.26253 ] ] } },
{ "type": "Feature", "properties": { "lts_score": 1, "facility_type": "protected", "highway": "residential", "name": "East 14th Avenue" }, "geometry": { "type": "LineString", "coordinates": [ [ -123.0872699, 49.2579738 ], [ -123.0873267, 49.2579651 ], [ -123.0873668, 49.2579564 ], [ -123.0874218, 49.2579508 ], [ -123.0885514, 49.2579499 ], [ -123.0889864, 49.2579524 ], [ -123.0890565, 49.2579537 ], [ -123.089099, 49.2579548 ], [ -123.089216, 49.2579405 ] ] } },
{ "type": "Feature", "properties": { "lts_score": 1, "facility_type": "mixed", "highway": "residential", "name": "Prince Albert Street" }, "geometry": { "type": "LineString", "coordinates": [ [ -123.0872699, 49.2579738 ], [ -123.0872689, 49.2579907 ], [ -123.0872691, 49.2580128 ], [ -123.0872639, 49.2583493 ], [ -123.0872655, 49.2587352 ], [ -123.0872648, 49.2587608 ] ] } },
{ "type": "Feature", "properties": { "lts_score": 1, "facility_type": "mixed", "highway": "residential", "name": "East 14th Avenue" }, "geometry": { "type": "LineString", "coordinates": [ [ -123.0872699, 49.2579738 ], [ -123.0872278, 49.2579511 ], [ -123.0871757, 49.2579327 ], [ -123.0871426, 49.2579237 ], [ -123.0870374, 49.2579056 ], [ -123.0869071, 49.2579008 ], [ -123.0854428, 49.2578814 ], [ -123.0853976, 49.2578809 ] ] } },
{ "type": "Feature", "properties": { "lts_score": 3, "facility_type": "mixed", "highway": "residential", "name": "West 10th Avenue" }, "geometry": { "type": "LineString", "coordinates": [ [ -123.111384, 49.2621972 ], [ -123.1126803, 49.262219 ], [ -123.1127474, 49.2622421 ], [ -123.1128076, 49.2622428 ], [ -123.1128347, 49.2622431 ], [ -123.1128932, 49.2622437 ], [ -123.1129604, 49.2622222 ] ] } },
{ "type": "Feature", "properties": { "lts_score": 1, "facility_type": "mixed", "highway": "residential", "name": "West 10th Avenue" }, "geometry": { "type": "LineString", "coordinates": [ [ -123.111384, 49.2621972 ], [ -123.1110914, 49.2621922 ], [ -123.11099, 49.2621908 ] ] } },
{ "type": "Feature", "properties": { "lts_score": 1, "facility_type": "protected", "highway": "residential", "name": "Saint George Street" }, "geometry": { "type": "LineString", "coordinates": [ [ -123.0929555, 49.2661105 ], [ -123.0929556, 49.2661057 ], [ -123.0929635, 49.2657198 ], [ -123.0929734, 49.2653945 ], [ -123.0929747, 49.2653526 ], [ -123.0929753, 49.2653349 ], [ -123.0929763, 49.2652638 ] ] } },
{ "type": "Feature", "properties": { "lts_score": 1, "facility_type": "mixed", "highway": "residential", "name": null }, "geometry": { "type": "LineString", "coordinates": [ [ -123.0929555, 49.2661105 ], [ -123.092931, 49.2661123 ], [ -123.0929088, 49.2661194 ], [ -123.0928916, 49.2661309 ], [ -123.0928812, 49.2661455 ], [ -123.0928788, 49.2661615 ] ] } },
{ "type": "Feature", "properties": { "lts_score": 1, "facility_type": "mixed", "highway": "residential", "name": "East 5th Avenue" }, "geometry": { "type": "LineString", "coordinates": [ [ -123.0928788, 49.2661615 ], [ -123.0928326, 49.2661614 ], [ -123.0922966, 49.2661608 ], [ -123.0911155, 49.2661558 ], [ -123.0910132, 49.2661555 ] ] } },
{ "type": "Feature", "properties": { "lts_score": 1, "facility_type": "mixed", "highway": "residential", "name": null }, "geometry": { "type": "LineString", "coordinates": [ [ -123.0928788, 49.2661615 ], [ -123.0928846, 49.2661768 ], [ -123.0928976, 49.26619 ], [ -123.0929166, 49.2661997 ], [ -123.0929393, 49.2662048 ], [ -123.0929634, 49.2662048 ], [ -123.0929862, 49.2661997 ], [ -123.0930051, 49.2661901 ], [ -123.0930182, 49.2661769 ], [ -123.093024, 49.2661616 ] ] } },
{ "type": "Feature", "properties": { "lts_score": 1, "facility_type": "mixed", "highway": "residential", "name": "East 5th Avenue" }, "geometry": { "type": "LineString", "coordinates": [ [ -123.093024, 49.2661616 ], [ -123.0930552, 49.2661621 ], [ -123.0935308, 49.2661685 ], [ -123.0936369, 49.2661699 ], [ -123.0944765, 49.2661747 ], [ -123.094779, 49.2661764 ], [ -123.0948725, 49.266177 ] ] } },
{ "type": "Feature", "properties": { "lts_score": 1, "facility_type": "mixed", "highway": "residential", "name": null }, "geometry": { "type": "LineString", "coordinates": [ [ -123.093024, 49.2661616 ], [ -123.0930222, 49.2661466 ], [ -123.0930132, 49.2661327 ], [ -123.092998, 49.2661214 ], [ -123.0929781, 49.2661137 ], [ -123.0929555, 49.2661105 ] ] } },
{ "type": "Feature", "properties": { "lts_score": 1, "facility_type": "mixed", "highway": "residential", "name": "Columbia Street" }, "geometry": { "type": "LineString", "coordinates": [ [ -123.109429, 49.2692378 ], [ -123.109427, 49.2694168 ], [ -123.1094267, 49.2694435 ], [ -123.1094217, 49.2698266 ], [ -123.109416, 49.2701778 ], [ -123.1094161, 49.2702029 ], [ -123.109415, 49.2702567 ] ] } },
{ "type": "Feature", "properties": { "lts_score": 1, "facility_type": "mixed", "highway": "residential", "name": "Columbia Street" }, "geometry": { "type": "LineString", "coordinates": [ [ -123.109429, 49.2692378 ], [ -123.109429, 49.2691134 ], [ -123.109429, 49.2690916 ], [ -123.1094287, 49.2689618 ], [ -123.1094284, 49.2688294 ], [ -123.1094298, 49.2686082 ], [ -123.1094315, 49.2684482 ], [ -123.109433, 49.2683789 ] ] } },
{ "type": "Feature", "properties": { "lts_score": 4, "facility_type": "mixed", "highway": "secondary", "name": "West 2nd Avenue" }, "geometry": { "type": "LineString", "coordinates": [ [ -123.109429, 49.2692378 ], [ -123.1093185, 49.2692671 ], [ -123.1092803, 49.2692723 ], [ -123.10916, 49.2692888 ], [ -123.1089722, 49.2693106 ], [ -123.108807, 49.269319 ], [ -123.1086537, 49.2693184 ], [ -123.1078654, 49.2693027 ], [ -123.1073081, 49.2692935 ], [ -123.106735, 49.269284 ], [ -123.106705, 49.2692835 ], [ -123.106576, 49.2692809 ] ] } },
{ "type": "Feature", "properties": { "lts_score": 4, "facility_type": "mixed", "highway": "secondary", "name": "West 2nd Avenue" }, "geometry": { "type": "LineString", "coordinates": [ [ -123.109429, 49.2692378 ], [ -123.109552, 49.269206 ], [ -123.1095839, 49.2691966 ], [ -123.1096421, 49.2691793 ], [ -123.1098097, 49.2691141 ], [ -123.1099789, 49.2690342 ] ] } },
{ "type": "Feature", "properties": { "lts_score": 1, "facility_type": "mixed", "highway": "residential", "name": "Saint George Street" }, "geometry": { "type": "LineString", "coordinates": [ [ -123.093018, 49.263276 ], [ -123.0930178, 49.2633978 ], [ -123.0930163, 49.2634613 ] ] } },
{ "type": "Feature", "properties": { "lts_score": 4, "facility_type": "mixed", "highway": "tertiary", "name": "Fraser Street" }, "geometry": { "type": "LineString", "coordinates": [ [ -123.0897918, 49.256638 ], [ -123.0897525, 49.2567159 ] ] } },
{ "type": "Feature", "properties": { "lts_score": 1, "facility_type": "mixed", "highway": "residential", "name": "East 1st Avenue" }, "geometry": { "type": "LineString", "coordinates": [ [ -123.1049844, 49.2702231 ], [ -123.10478, 49.2702199 ], [ -123.1047315, 49.2702192 ], [ -123.1046426, 49.2702178 ] ] } },
{ "type": "Feature", "properties": { "lts_score": 1, "facility_type": "mixed", "highway": "residential", "name": "West 1st Avenue" }, "geometry": { "type": "LineString", "coordinates": [ [ -123.1049844, 49.2702231 ], [ -123.1050316, 49.2702322 ], [ -123.105203, 49.2702654 ], [ -123.1052971, 49.2702751 ], [ -123.1060368, 49.2702875 ], [ -123.1061134, 49.2702887 ] ] } },
{ "type": "Feature", "properties": { "lts_score": 1, "facility_type": "mixed", "highway": "residential", "name": "West 14th Avenue" }, "geometry": { "type": "LineString", "coordinates": [ [ -123.1096469, 49.2585473 ], [ -123.109546, 49.2585457 ], [ -123.1095102, 49.2585451 ], [ -123.1071332, 49.2585038 ], [ -123.1070281, 49.2585012 ] ] } },
{ "type": "Feature", "properties": { "lts_score": 1, "facility_type": "mixed", "highway": "residential", "name": "Columbia Street" }, "geometry": { "type": "LineString", "coordinates": [ [ -123.1096469, 49.2585473 ], [ -123.109656, 49.2581834 ], [ -123.1096618, 49.2580957 ], [ -123.1096757, 49.2577579 ], [ -123.1096804, 49.2576794 ] ] } },
{ "type": "Feature", "properties": { "lts_score": 1, "facility_type": "mixed", "highway": "residential", "name": "Columbia Street" }, "geometry": { "type": "LineString", "coordinates": [ [ -123.1096469, 49.2585473 ], [ -123.1096454, 49.258602 ], [ -123.1096434, 49.2586523 ] ] } },
{ "type": "Feature", "properties": { "lts_score": 1, "facility_type": "mixed", "highway": "residential", "name": "West 14th Avenue" }, "geometry": { "type": "LineString", "coordinates": [ [ -123.1096434, 49.2586523 ], [ -123.1097385, 49.2586527 ], [ -123.1097624, 49.2586532 ], [ -123.1110289, 49.2586796 ], [ -123.1110639, 49.2586803 ] ] } },
{ "type": "Feature", "properties": { "lts_score": 1, "facility_type": "mixed", "highway": "residential", "name": "Columbia Street" }, "geometry": { "type": "LineString", "coordinates": [ [ -123.1096434, 49.2586523 ], [ -123.1096298, 49.2589966 ], [ -123.1096102, 49.2593543 ], [ -123.1096095, 49.2593668 ] ] } },
{ "type": "Feature", "properties": { "lts_score": 1, "facility_type": "mixed", "highway": "residential", "name": "Columbia Street" }, "geometry": { "type": "LineString", "coordinates": [ [ -123.1096434, 49.2586523 ], [ -123.1096454, 49.258602 ], [ -123.1096469, 49.2585473 ] ] } },
{ "type": "Feature", "properties": { "lts_score": 1, "facility_type": "mixed", "highway": "residential", "name": "Columbia Street" }, "geometry": { "type": "LineString", "coordinates": [ [ -123.1096095, 49.2593668 ], [ -123.1096102, 49.2593543 ], [ -123.1096298, 49.2589966 ], [ -123.1096434, 49.2586523 ] ] } },
{ "type": "Feature", "properties": { "lts_score": 1, "facility_type": "mixed", "highway": "residential", "name": "Columbia Street" }, "geometry": { "type": "LineString", "coordinates": [ [ -123.1096095, 49.2593668 ], [ -123.1096095, 49.2594078 ], [ -123.1096064, 49.2594428 ] ] } },
{ "type": "Feature", "properties": { "lts_score": 1, "facility_type": "mixed", "highway": "residential", "name": "West 13th Avenue" }, "geometry": { "type": "LineString", "coordinates": [ [ -123.1096095, 49.2593668 ], [ -123.1097117, 49.259366 ], [ -123.1109774, 49.2593906 ], [ -123.1110029, 49.2593911 ], [ -123.1110956, 49.2593927 ] ] } }
]
}
