{
"type": "FeatureCollection",
"name": "corvallis_fragments",
"crs": { "type": "name", "properties": { "name": "urn:ogc:def:crs:OGC:1.3:CRS84" } },
"features": [
{ "type": "Feature", "properties": { "component": 4, "name": [ "Southwest Longhill Street" ], "highway": [ "residential" ] }, "geometry": { "type": "LineString", "coordinates": [ [ -123.28782, 44.54574 ], [ -123.2878, 44.54666 ] ] } },
{ "type": "Feature", "properties": { "component": 4, "name": [ "Southwest Chintimini Avenue" ], "highway": [ "residential" ] }, "geometry": { "type": "LineString", "coordinates": [ [ -123.28782, 44.54574 ], [ -123.29042, 44.54542 ] ] } },
{ "type": "Feature", "properties": { "component": 4, "name": [ "Southwest Chintimini Avenue" ], "highway": [ "residential" ] }, "geometry": { "type": "LineString", "coordinates": [ [ -123.28782, 44.54574 ], [ -123.28376, 44.54576 ] ] } },
{ "type": "Feature", "properties": { "component": 4, "name": [ "Southwest Longhill Street" ], "highway": [ "residential" ] }, "geometry": { "type": "LineString", "coordinates": [ [ -123.2878, 44.54666 ], [ -123.2878, 44.54758 ] ] } },
{ "type": "Feature", "properties": { "component": 4, "name": [ "Southwest Longhill Street" ], "highway": [ "residential" ] }, "geometry": { "type": "LineString", "coordinates": [ [ -123.2878, 44.54666 ], [ -123.28782, 44.54574 ] ] } },
{ "type": "Feature", "properties": { "component": 4, "name": [ "Southwest Willamette Avenue" ], "highway": [ "residential" ] }, "geometry": { "type": "LineString", "coordinates": [ [ -123.2878, 44.54666 ], [ -123.28374, 44.54668 ] ] } },
{ "type": "Feature", "properties": { "component": 4, "name": [ "Southwest Willamette Avenue" ], "highway": [ "residential" ] }, "geometry": { "type": "LineString", "coordinates": [ [ -123.2878, 44.54666 ], [ -123.29102, 44.5462 ] ] } },
{ "type": "Feature", "properties": { "component": 4, "name": [ "Southwest Longhill Street" ], "highway": [ "residential" ] }, "geometry": { "type": "LineString", "coordinates": [ [ -123.2878, 44.54758 ], [ -123.2878, 44.54666 ] ] } },
{ "type": "Feature", "properties": { "component": 4, "name": [ "Southwest Long Avenue" ], "highway": [ "residential" ] }, "geometry": { "type": "LineString", "coordinates": [ [ -123.2878, 44.54758 ], [ -123.28374, 44.54758 ] ] } },
{ "type": "Feature", "properties": { "component": 4, "name": [ "Southwest Long Avenue" ], "highway": [ "residential" ] }, "geometry": { "type": "LineString", "coordinates": [ [ -123.2878, 44.54758 ], [ -123.28962, 44.54758 ] ] } },
{ "type": "Feature", "properties": { "component": 2, "name": [ "Southwest Trellis Circle" ], "highway": [ "residential" ] }, "geometry": { "type": "LineString", "coordinates": [ [ -123.3225, 44.5585 ], [ -123.3224, 44.55844 ] ] } },
{ "type": "Feature", "properties": { "component": 2, "name": [ "Southwest Trellis Circle" ], "highway": [ "residential" ] }, "geometry": { "type": "LineString", "coordinates": [ [ -123.3225, 44.5585 ], [ -123.32318, 44.559 ] ] } },
{ "type": "Feature", "properties": { "component": 2, "name": [ "Southwest Arbor Grove Drive" ], "highway": [ "residential" ] }, "geometry": { "type": "LineString", "coordinates": [ [ -123.32194, 44.55884 ], [ -123.32078, 44.55898 ] ] } },
{ "type": "Feature", "properties": { "component": 2, "name": [ "Southwest Banyon Circle" ], "highway": [ "residential" ] }, "geometry": { "type": "LineString", "coordinates": [ [ -123.32078, 44.55898 ], [ -123.31932, 44.55928 ] ] } },
{ "type": "Feature", "properties": { "component": 2, "name": [ "Southwest Banyon Circle" ], "highway": [ "residential" ] }, "geometry": { "type": "LineString", "coordinates": [ [ -123.32078, 44.55898 ], [ -123.31932, 44.55866 ] ] } },
{ "type": "Feature", "properties": { "component": 2, "name": [ "Southwest Arbor Grove Drive" ], "highway": [ "residential" ] }, "geometry": { "type": "LineString", "coordinates": [ [ -123.32078, 44.55898 ], [ -123.32194, 44.55884 ] ] } },
{ "type": "Feature", "properties": { "component": 0, "name": [ "Northwest Witham Drive" ], "highway": [ "residential" ] }, "geometry": { "type": "LineString", "coordinates": [ [ -123.29446, 44.57178 ], [ -123.29242, 44.57388 ] ] } },
{ "type": "Feature", "properties": { "component": 0, "name": [ "Northwest Polk Avenue" ], "highway": [ "residential" ] }, "geometry": { "type": "LineString", "coordinates": [ [ -123.29242, 44.57388 ], [ -123.29342, 44.57424 ] ] } },
{ "type": "Feature", "properties": { "component": 0, "name": [ "Northwest Witham Drive" ], "highway": [ "residential" ] }, "geometry": { "type": "LineString", "coordinates": [ [ -123.29242, 44.57388 ], [ -123.29212, 44.57556 ] ] } },
{ "type": "Feature", "properties": { "component": 0, "name": [ "Northwest Witham Drive" ], "highway": [ "residential" ] }, "geometry": { "type": "LineString", "coordinates": [ [ -123.29242, 44.57388 ], [ -123.29446, 44.57178 ] ] } },
{ "type": "Feature", "properties": { "component": 0, "name": [ "Northwest Polk Avenue" ], "highway": [ "residential" ] }, "geometry": { "type": "LineString", "coordinates": [ [ -123.29242, 44.57388 ], [ -123.2909, 44.57366 ] ] } },
{ "type": "Feature", "properties": { "component": 0, "name": [ "Northwest Witham Drive" ], "highway": [ "residential" ] }, "geometry": { "type": "LineString", "coordinates": [ [ -123.29212, 44.57556 ], [ -123.29216, 44.57712 ] ] } },
{ "type": "Feature", "properties": { "component": 0, "name": [ "Northwest Witham Drive" ], "highway": [ "residential" ] }, "geometry": { "type": "LineString", "coordinates": [ [ -123.29212, 44.57556 ], [ -123.29242, 44.57388 ] ] } },
{ "type": "Feature", "properties": { "component": 0, "name": [ "Northwest Fillmore Avenue" ], "highway": [ "residential" ] }, "geometry": { "type": "LineString", "coordinates": [ [ -123.29212, 44.57556 ], [ -123.29324, 44.57554 ] ] } },
{ "type": "Feature", "properties": { "component": 0, "name": [ "Northwest Fillmore Avenue" ], "highway": [ "residential" ] }, "geometry": { "type": "LineString", "coordinates": [ [ -123.29212, 44.57556 ], [ -123.29094, 44.57558 ] ] } },
{ "type": "Feature", "properties": { "component": 0, "name": [ "Northwest Witham Drive" ], "highway": [ "residential" ] }, "geometry": { "type": "LineString", "coordinates": [ [ -123.29216, 44.57712 ], [ -123.29212, 44.57556 ] ] } },
{ "type": "Feature", "properties": { "component": 0, "name": [ "Northwest Lincoln Avenue" ], "highway": [ "residential" ] }, "geometry": { "type": "LineString", "coordinates": [ [ -123.29216, 44.57712 ], [ -123.29268, 44.5771 ] ] } },
{ "type": "Feature", "properties": { "component": 0, "name": [ "Northwest Lincoln Avenue" ], "highway": [ "residential" ] }, "geometry": { "type": "LineString", "coordinates": [ [ -123.29216, 44.57712 ], [ -123.29096, 44.57716 ] ] } },
{ "type": "Feature", "properties": { "component": 0, "name": "Unnamed street", "highway": [ "residential" ] }, "geometry": { "type": "LineString", "coordinates": [ [ -123.27432, 44.59684 ], [ -123.2744, 44.59694 ] ] } },
{ "type": "Feature", "properties": { "component": 0, "name": [ "Northwest Garryanna Drive" ], "highway": [ "residential" ] }, "geometry": { "type": "LineString", "coordinates": [ [ -123.27432, 44.59684 ], [ -123.27282, 44.59632 ] ] } },
{ "type": "Feature", "properties": { "component": 0, "name": [ "Northwest Rolling Green Drive" ], "highway": [ "residential" ] }, "geometry": { "type": "LineString", "coordinates": [ [ -123.27432, 44.59684 ], [ -123.27492, 44.59626 ], [ -123.27468, 44.59462 ], [ -123.27414, 44.59416 ] ] } },
{ "type": "Feature", "properties": { "component": 0, "name": "Unnamed street", "highway": [ "residential" ] }, "geometry": { "type": "LineString", "coordinates": [ [ -123.2744, 44.59694 ], [ -123.27432, 44.59684 ] ] } },
{ "type": "Feature", "properties": { "component": 0, "name": [ "Northwest 34th Street" ], "highway": [ "residential" ] }, "geometry": { "type": "LineString", "coordinates": [ [ -123.28896, 44.56926 ], [ -123.28896, 44.56788 ] ] } },
{ "type": "Feature", "properties": { "component": 0, "name": "Unnamed street", "highway": [ "residential" ] }, "geometry": { "type": "LineString", "coordinates": [ [ -123.2861, 44.57932 ], [ -123.28686, 44.57932 ] ] } },
{ "type": "Feature", "properties": { "component": 0, "name": [ "Northwest Hillcrest Drive" ], "highway": [ "residential" ] }, "geometry": { "type": "LineString", "coordinates": [ [ -123.2861, 44.57932 ], [ -123.2861, 44.58148 ] ] } },
{ "type": "Feature", "properties": { "component": 0, "name": [ "Northwest Hillcrest Drive" ], "highway": [ "residential" ] }, "geometry": { "type": "LineString", "coordinates": [ [ -123.2861, 44.57932 ], [ -123.28608, 44.57872 ] ] } },
{ "type": "Feature", "properties": { "component": 0, "name": "Unnamed street", "highway": [ "residential" ] }, "geometry": { "type": "LineString", "coordinates": [ [ -123.28686, 44.57932 ], [ -123.2861, 44.57932 ] ] } },
{ "type": "Feature", "properties": { "component": 1, "name": [ "Southeast Centerpointe Drive" ], "highway": [ "residential" ] }, "geometry": { "type": "LineString", "coordinates": [ [ -123.25664, 44.53184 ], [ -123.25592, 44.53172 ] ] } },
{ "type": "Feature", "properties": { "component": 1, "name": [ "Centerpointe Drive" ], "highway": [ "residential" ] }, "geometry": { "type": "LineString", "coordinates": [ [ -123.25664, 44.53184 ], [ -123.25752, 44.53208 ], [ -123.25816, 44.53304 ], [ -123.26056, 44.53318 ] ] } },
{ "type": "Feature", "properties": { "component": 1, "name": [ "Southeast Brookside Way" ], "highway": [ "residential" ] }, "geometry": { "type": "LineString", "coordinates": [ [ -123.25678, 44.5313 ], [ -123.25498, 44.5304 ] ] } },
{ "type": "Feature", "properties": { "component": 1, "name": [ "Southeast Rivergreen Avenue" ], "highway": [ "residential" ] }, "geometry": { "type": "LineString", "coordinates": [ [ -123.25718, 44.53056 ], [ -123.25562, 44.5298 ] ] } },
{ "type": "Feature", "properties": { "component": 4, "name": [ "Southwest Hilltop Drive" ], "highway": [ "residential" ] }, "geometry": { "type": "LineString", "coordinates": [ [ -123.28962, 44.54758 ], [ -123.28962, 44.5482 ] ] } },
{ "type": "Feature", "properties": { "component": 4, "name": "['Southwest Whiteside Drive' 'Southwest Hilltop Drive']", "highway": [ "residential" ] }, "geometry": { "type": "LineString", "coordinates": [ [ -123.28962, 44.54758 ], [ -123.29154, 44.54726 ], [ -123.29102, 44.5462 ] ] } },
{ "type": "Feature", "properties": { "component": 4, "name": [ "Southwest Long Avenue" ], "highway": [ "residential" ] }, "geometry": { "type": "LineString", "coordinates": [ [ -123.28962, 44.54758 ], [ -123.2878, 44.54758 ] ] } },
{ "type": "Feature", "properties": { "component": 4, "name": [ "Southwest Hilltop Drive" ], "highway": [ "residential" ] }, "geometry": { "type": "LineString", "coordinates": [ [ -123.28962, 44.5482 ], [ -123.28962, 44.54758 ] ] } },
{ "type": "Feature", "properties": { "component": 0, "name": [ "Southwest Madison Avenue" ], "highway": [ "residential" ] }, "geometry": { "type": "LineString", "coordinates": [ [ -123.26454, 44.56418 ], [ -123.26464, 44.56422 ] ] } },
{ "type": "Feature", "properties": { "component": 0, "name": [ "Northwest Shattock Place" ], "highway": [ "residential" ] }, "geometry": { "type": "LineString", "coordinates": [ [ -123.29386, 44.58738 ], [ -123.294, 44.58664 ] ] } },
{ "type": "Feature", "properties": { "component": 0, "name": [ "Northwest Estaview Drive" ], "highway": [ "residential" ] }, "geometry": { "type": "LineString", "coordinates": [ [ -123.29386, 44.58738 ], [ -123.2931, 44.58698 ] ] } },
{ "type": "Feature", "properties": { "component": 0, "name": [ "Northwest Estaview Drive" ], "highway": [ "residential" ] }, "geometry": { "type": "LineString", "coordinates": [ [ -123.29386, 44.58738 ], [ -123.29394, 44.58836 ] ] } },
{ "type": "Feature", "properties": { "component": 0, "name": [ "Northwest Shattock Place" ], "highway": [ "residential" ] }, "geometry": { "type": "LineString", "coordinates": [ [ -123.294, 44.58664 ], [ -123.29386, 44.58738 ] ] } },
{ "type": "Feature", "properties": { "component": 6, "name": [ "Northwest Monterey Drive" ], "highway": [ "residential" ] }, "geometry": { "type": "LineString", "coordinates": [ [ -123.29092, 44.59372 ], [ -123.28998, 44.59428 ], [ -123.29076, 44.59534 ] ] } },
{ "type": "Feature", "properties": { "component": 6, "name": [ "Northwest Monterey Drive" ], "highway": [ "residential" ] }, "geometry": { "type": "LineString", "coordinates": [ [ -123.29076, 44.59534 ], [ -123.28998, 44.59428 ], [ -123.29092, 44.59372 ] ] } },
{ "type": "Feature", "properties": { "component": 6, "name": [ "Northwest Monterey Drive" ], "highway": [ "residential" ] }, "geometry": { "type": "LineString", "coordinates": [ [ -123.29076, 44.59534 ], [ -123.2911, 44.59594 ] ] } },
{ "type": "Feature", "properties": { "component": 6, "name": [ "Northwest Monterey Place" ], "highway": [ "residential" ] }, "geometry": { "type": "LineString", "coordinates": [ [ -123.29076, 44.59534 ], [ -123.29144, 44.59504 ], [ -123.29122, 44.59444 ] ] } },
{ "type": "Feature", "properties": { "component": 6, "name": [ "Northwest Monterey Drive" ], "highway": [ "residential" ] }, "geometry": { "type": "LineString", "coordinates": [ [ -123.2911, 44.59594 ], [ -123.29076, 44.59534 ] ] } },
{ "type": "Feature", "properties": { "component": 6, "name": [ "Northwest Arrowood Circle" ], "highway": [ "residential" ] }, "geometry": { "type": "LineString", "coordinates": [ [ -123.2911, 44.59594 ], [ -123.29182, 44.59586 ] ] } },
{ "type": "Feature", "properties": { "component": 6, "name": [ "Northwest Arrowood Circle" ], "highway": [ "residential" ] }, "geometry": { "type": "LineString", "coordinates": [ [ -123.2911, 44.59594 ], [ -123.28996, 44.59614 ] ] } },
{ "type": "Feature", "properties": { "component": 0, "name": [ "Northwest Jackson Avenue" ], "highway": [ "residential" ] }, "geometry": { "type": "LineString", "coordinates": [ [ -123.27168, 44.56828 ], [ -123.27264, 44.56852 ] ] } },
{ "type": "Feature", "properties": { "component": 0, "name": [ "Northwest Jackson Avenue" ], "highway": [ "residential" ] }, "geometry": { "type": "LineString", "coordinates": [ [ -123.27168, 44.56828 ], [ -123.27074, 44.56802 ] ] } },
{ "type": "Feature", "properties": { "component": 0, "name": [ "Northwest 14th Street" ], "highway": [ "residential" ] }, "geometry": { "type": "LineString", "coordinates": [ [ -123.27168, 44.56828 ], [ -123.27122, 44.5692 ] ] } },
{ "type": "Feature", "properties": { "component": 0, "name": [ "Northwest 14th Street" ], "highway": [ "residential" ] }, "geometry": { "type": "LineString", "coordinates": [ [ -123.27168, 44.56828 ], [ -123.27218, 44.56722 ] ] } },
{ "type": "Feature", "properties": { "component": 0, "name": [ "Northwest 14th Street" ], "highway": [ "residential" ] }, "geometry": { "type": "LineString", "coordinates": [ [ -123.27122, 44.5692 ], [ -123.27168, 44.56828 ] ] } },
{ "type": "Feature", "properties": { "component": 0, "name": [ "Northwest 14th Street" ], "highway": [ "residential" ] }, "geometry": { "type": "LineString", "coordinates": [ [ -123.27122, 44.5692 ], [ -123.27072, 44.57018 ] ] } },
{ "type": "Feature", "properties": { "component": 0, "name": [ "Northwest 14th Street" ], "highway": [ "residential" ] }, "geometry": { "type": "LineString", "coordinates": [ [ -123.27072, 44.57018 ], [ -123.27026, 44.57114 ] ] } },
{ "type": "Feature", "properties": { "component": 0, "name": [ "Northwest 14th Street" ], "highway": [ "residential" ] }, "geometry": { "type": "LineString", "coordinates": [ [ -123.27072, 44.57018 ], [ -123.27122, 44.5692 ] ] } },
{ "type": "Feature", "properties": { "component": 0, "name": [ "Northwest 14th Street" ], "highway": [ "residential" ] }, "geometry": { "type": "LineString", "coordinates": [ [ -123.27026, 44.57114 ], [ -123.26982, 44.57204 ] ] } },
{ "type": "Feature", "properties": { "component": 0, "name": [ "Northwest 14th Street" ], "highway": [ "residential" ] }, "geometry": { "type": "LineString", "coordinates": [ [ -123.27026, 44.57114 ], [ -123.27072, 44.57018 ] ] } },
{ "type": "Feature", "properties": { "component": 0, "name": [ "Northwest Tyler Avenue" ], "highway": [ "residential" ] }, "geometry": { "type": "LineString", "coordinates": [ [ -123.27026, 44.57114 ], [ -123.26932, 44.5709 ] ] } },
{ "type": "Feature", "properties": { "component": 0, "name": [ "Northwest Tyler Avenue" ], "highway": [ "residential" ] }, "geometry": { "type": "LineString", "coordinates": [ [ -123.27026, 44.57114 ], [ -123.2712, 44.57138 ] ] } },
{ "type": "Feature", "properties": { "component": 0, "name": [ "Northwest 14th Street" ], "highway": [ "residential" ] }, "geometry": { "type": "LineString", "coordinates": [ [ -123.26982, 44.57204 ], [ -123.27026, 44.57114 ] ] } },
{ "type": "Feature", "properties": { "component": 0, "name": [ "Northwest Polk Avenue" ], "highway": [ "residential" ] }, "geometry": { "type": "LineString", "coordinates": [ [ -123.26982, 44.57204 ], [ -123.26888, 44.5718 ] ] } },
{ "type": "Feature", "properties": { "component": 0, "name": [ "Northwest Polk Avenue" ], "highway": [ "residential" ] }, "geometry": { "type": "LineString", "coordinates": [ [ -123.26982, 44.57204 ], [ -123.27076, 44.57228 ] ] } },
{ "type": "Feature", "properties": { "component": 0, "name": [ "Northwest 14th Street" ], "highway": [ "residential" ] }, "geometry": { "type": "LineString", "coordinates": [ [ -123.26982, 44.57204 ], [ -123.26938, 44.57292 ] ] } },
{ "type": "Feature", "properties": { "component": 0, "name": [ "Northwest Taylor Avenue" ], "highway": [ "residential" ] }, "geometry": { "type": "LineString", "coordinates": [ [ -123.26938, 44.57292 ], [ -123.27032, 44.57316 ] ] } },
{ "type": "Feature", "properties": { "component": 0, "name": [ "Northwest Taylor Avenue" ], "highway": [ "residential" ] }, "geometry": { "type": "LineString", "coordinates": [ [ -123.26938, 44.57292 ], [ -123.26844, 44.57268 ] ] } },
{ "type": "Feature", "properties": { "component": 0, "name": [ "Northwest 14th Street" ], "highway": [ "residential" ] }, "geometry": { "type": "LineString", "coordinates": [ [ -123.26938, 44.57292 ], [ -123.26896, 44.5738 ] ] } },
{ "type": "Feature", "properties": { "component": 0, "name": [ "Northwest 14th Street" ], "highway": [ "residential" ] }, "geometry": { "type": "LineString", "coordinates": [ [ -123.26938, 44.57292 ], [ -123.26982, 44.57204 ] ] } },
{ "type": "Feature", "properties": { "component": 0, "name": [ "Northwest Fillmore Avenue" ], "highway": [ "residential" ] }, "geometry": { "type": "LineString", "coordinates": [ [ -123.26896, 44.5738 ], [ -123.26802, 44.57356 ] ] } },
{ "type": "Feature", "properties": { "component": 0, "name": "['Northwest Fillmore Avenue' 'Northwest 15th Street']", "highway": [ "residential" ] }, "geometry": { "type": "LineString", "coordinates": [ [ -123.26896, 44.5738 ], [ -123.2699, 44.574 ], [ -123.27032, 44.57316 ] ] } },
{ "type": "Feature", "properties": { "component": 0, "name": [ "Northwest 14th Street" ], "highway": [ "residential" ] }, "geometry": { "type": "LineString", "coordinates": [ [ -123.26896, 44.5738 ], [ -123.26938, 44.57292 ] ] } },
{ "type": "Feature", "properties": { "component": 0, "name": [ "Northwest 14th Street" ], "highway": [ "residential" ] }, "geometry": { "type": "LineString", "coordinates": [ [ -123.26812, 44.57744 ], [ -123.26814, 44.5782 ] ] } },
{ "type": "Feature", "properties": { "component": 0, "name": "['Northwest Lincoln Avenue' 'Northwest 15th Street']", "highway": [ "residential" ] }, "geometry": { "type": "LineString", "coordinates": [ [ -123.26812, 44.57744 ], [ -123.26918, 44.57746 ], [ -123.26922, 44.57818 ] ] } },
{ "type": "Feature", "properties": { "component": 0, "name": [ "Northwest Lincoln Avenue" ], "highway": [ "residential" ] }, "geometry": { "type": "LineString", "coordinates": [ [ -123.26812, 44.57744 ], [ -123.267, 44.57744 ] ] } },
{ "type": "Feature", "properties": { "component": 0, "name": [ "Northwest 14th Street" ], "highway": [ "residential" ] }, "geometry": { "type": "LineString", "coordinates": [ [ -123.26814, 44.5782 ], [ -123.26816, 44.5796 ] ] } },
{ "type": "Feature", "properties": { "component": 0, "name": [ "Northwest 14th Street" ], "highway": [ "residential" ] }, "geometry": { "type": "LineString", "coordinates": [ [ -123.26814, 44.5782 ], [ -123.26812, 44.57744 ] ] } },
{ "type": "Feature", "properties": { "component": 0, "name": [ "Northwest Beca Avenue" ], "highway": [ "residential" ] }, "geometry": { "type": "LineString", "coordinates": [ [ -123.26814, 44.5782 ], [ -123.267, 44.5782 ] ] } },
{ "type": "Feature", "properties": { "component": 0, "name": [ "Northwest Beca Avenue" ], "highway": [ "residential" ] }, "geometry": { "type": "LineString", "coordinates": [ [ -123.26814, 44.5782 ], [ -123.26922, 44.57818 ] ] } },
{ "type": "Feature", "properties": { "component": 0, "name": [ "Northwest 14th Street" ], "highway": [ "residential" ] }, "geometry": { "type": "LineString", "coordinates": [ [ -123.26816, 44.5796 ], [ -123.26814, 44.5782 ] ] } },
{ "type": "Feature", "properties": { "component": 0, "name": [ "Northwest 14th Street" ], "highway": [ "residential" ] }, "geometry": { "type": "LineString", "coordinates": [ [ -123.26826, 44.58366 ], [ -123.26826, 44.5843 ] ] } },
{ "type": "Feature", "properties": { "component": 0, "name": [ "Northwest Menlo Drive" ], "highway": [ "residential" ] }, "geometry": { "type": "LineString", "coordinates": [ [ -123.26826, 44.58366 ], [ -123.26978, 44.58368 ], [ -123.27034, 44.58432 ] ] } },
{ "type": "Feature", "properties": { "component": 0, "name": [ "Northwest Menlo Drive" ], "highway": [ "residential" ] }, "geometry": { "type": "LineString", "coordinates": [ [ -123.26826, 44.58366 ], [ -123.26712, 44.58368 ] ] } },
{ "type": "Feature", "properties": { "component": 0, "name": [ "Northwest 14th Street" ], "highway": [ "residential" ] }, "geometry": { "type": "LineString", "coordinates": [ [ -123.26826, 44.5843 ], [ -123.26828, 44.5863 ] ] } },
{ "type": "Feature", "properties": { "component": 0, "name": [ "Northwest 14th Street" ], "highway": [ "residential" ] }, "geometry": { "type": "LineString", "coordinates": [ [ -123.26826, 44.5843 ], [ -123.26826, 44.58366 ] ] } },
{ "type": "Feature", "properties": { "component": 0, "name": [ "Northwest Garryanna Street" ], "highway": [ "residential" ] }, "geometry": { "type": "LineString", "coordinates": [ [ -123.26826, 44.5843 ], [ -123.26926, 44.5844 ], [ -123.26932, 44.5863 ] ] } },
{ "type": "Feature", "properties": { "component": 0, "name": [ "Northwest 14th Street" ], "highway": [ "residential" ] }, "geometry": { "type": "LineString", "coordinates": [ [ -123.26798, 44.5796 ], [ -123.26816, 44.5807 ] ] } },
{ "type": "Feature", "properties": { "component": 0, "name": [ "Northwest 14th Street" ], "highway": [ "residential" ] }, "geometry": { "type": "LineString", "coordinates": [ [ -123.26816, 44.5807 ], [ -123.26816, 44.5815 ] ] } },
{ "type": "Feature", "properties": { "component": 0, "name": [ "Northwest Greeley Avenue" ], "highway": [ "residential" ] }, "geometry": { "type": "LineString", "coordinates": [ [ -123.26816, 44.5807 ], [ -123.26928, 44.5807 ] ] } },
{ "type": "Feature", "properties": { "component": 0, "name": [ "Northwest 14th Street" ], "highway": [ "residential" ] }, "geometry": { "type": "LineString", "coordinates": [ [ -123.26816, 44.5807 ], [ -123.26798, 44.5796 ] ] } },
{ "type": "Feature", "properties": { "component": 0, "name": [ "Northwest Greeley Avenue" ], "highway": [ "residential" ] }, "geometry": { "type": "LineString", "coordinates": [ [ -123.26816, 44.5807 ], [ -123.26706, 44.58072 ] ] } },
{ "type": "Feature", "properties": { "component": 0, "name": [ "Northwest 14th Street" ], "highway": [ "residential" ] }, "geometry": { "type": "LineString", "coordinates": [ [ -123.26816, 44.5815 ], [ -123.26818, 44.5823 ] ] } },
{ "type": "Feature", "properties": { "component": 0, "name": [ "Northwest 14th Street" ], "highway": [ "residential" ] }, "geometry": { "type": "LineString", "coordinates": [ [ -123.26816, 44.5815 ], [ -123.26816, 44.5807 ] ] } },
{ "type": "Feature", "properties": { "component": 0, "name": [ "Northwest 15th Street" ], "highway": [ "residential" ] }, "geometry": { "type": "LineString", "coordinates": [ [ -123.26816, 44.5815 ], [ -123.26978, 44.5814 ], [ -123.26928, 44.5807 ] ] } },
{ "type": "Feature", "properties": { "component": 0, "name": [ "Northwest 14th Street" ], "highway": [ "residential" ] }, "geometry": { "type": "LineString", "coordinates": [ [ -123.26818, 44.5823 ], [ -123.2682, 44.58306 ] ] } },
{ "type": "Feature", "properties": { "component": 0, "name": [ "Northwest 14th Street" ], "highway": [ "residential" ] }, "geometry": { "type": "LineString", "coordinates": [ [ -123.26818, 44.5823 ], [ -123.26816, 44.5815 ] ] } },
{ "type": "Feature", "properties": { "component": 0, "name": [ "Northwest 14th Place" ], "highway": [ "residential" ] }, "geometry": { "type": "LineString", "coordinates": [ [ -123.26818, 44.5823 ], [ -123.27032, 44.58228 ] ] } },
{ "type": "Feature", "properties": { "component": 0, "name": [ "Northwest 14th Street" ], "highway": [ "residential" ] }, "geometry": { "type": "LineString", "coordinates": [ [ -123.2682, 44.58306 ], [ -123.26818, 44.5823 ] ] } },
{ "type": "Feature", "properties": { "component": 0, "name": [ "Northwest 14th Street" ], "highway": [ "residential" ] }, "geometry": { "type": "LineString", "coordinates": [ [ -123.26828, 44.5863 ], [ -123.26826, 44.5843 ] ] } },
{ "type": "Feature", "properties": { "component": 0, "name": [ "Northwest 14th Street" ], "highway": [ "residential" ] }, "geometry": { "type": "LineString", "coordinates": [ [ -123.26828, 44.5863 ], [ -123.26832, 44.58864 ] ] } },
{ "type": "Feature", "properties": { "component": 0, "name": [ "Northwest Cleveland Avenue" ], "highway": [ "residential" ] }, "geometry": { "type": "LineString", "coordinates": [ [ -123.26828, 44.5863 ], [ -123.26932, 44.5863 ] ] } },
{ "type": "Feature", "properties": { "component": 0, "name": "['Northwest 13th Street' 'Northwest Cleveland Avenue']", "highway": [ "residential" ] }, "geometry": { "type": "LineString", "coordinates": [ [ -123.26828, 44.5863 ], [ -123.2673, 44.5863 ], [ -123.26716, 44.58578 ] ] } },
{ "type": "Feature", "properties": { "component": 0, "name": [ "Northwest 14th Street" ], "highway": [ "residential" ] }, "geometry": { "type": "LineString", "coordinates": [ [ -123.26832, 44.58864 ], [ -123.26828, 44.5863 ] ] } },
{ "type": "Feature", "properties": { "component": 0, "name": "['Northwest Forestgreen Avenue' 'Northwest 14th Street']", "highway": [ "residential" ] }, "geometry": { "type": "LineString", "coordinates": [ [ -123.26832, 44.58864 ], [ -123.26834, 44.59 ], [ -123.26938, 44.59002 ] ] } },
{ "type": "Feature", "properties": { "component": 5, "name": [ "Northwest Coronado Street" ], "highway": [ "residential" ] }, "geometry": { "type": "LineString", "coordinates": [ [ -123.25568, 44.60138 ], [ -123.25586, 44.6006 ] ] } },
{ "type": "Feature", "properties": { "component": 2, "name": [ "Southwest Grand Oaks Drive" ], "highway": [ "residential" ] }, "geometry": { "type": "LineString", "coordinates": [ [ -123.324, 44.55724 ], [ -123.324, 44.55796 ] ] } },
{ "type": "Feature", "properties": { "component": 2, "name": [ "Southwest Grand Oaks Drive" ], "highway": [ "residential" ] }, "geometry": { "type": "LineString", "coordinates": [ [ -123.324, 44.55724 ], [ -123.32364, 44.55664 ] ] } },
{ "type": "Feature", "properties": { "component": 2, "name": [ "Southwest Trellis Circle" ], "highway": [ "residential" ] }, "geometry": { "type": "LineString", "coordinates": [ [ -123.324, 44.55724 ], [ -123.32228, 44.55752 ] ] } },
{ "type": "Feature", "properties": { "component": 2, "name": [ "Southwest Grand Oaks Drive" ], "highway": [ "residential" ] }, "geometry": { "type": "LineString", "coordinates": [ [ -123.324, 44.55876 ], [ -123.32424, 44.5593 ] ] } },
{ "type": "Feature", "properties": { "component": 2, "name": [ "Southwest Grand Oaks Drive" ], "highway": [ "residential" ] }, "geometry": { "type": "LineString", "coordinates": [ [ -123.324, 44.55876 ], [ -123.324, 44.55804 ] ] } },
{ "type": "Feature", "properties": { "component": 2, "name": [ "Southwest Chestnut Drive" ], "highway": [ "residential" ] }, "geometry": { "type": "LineString", "coordinates": [ [ -123.324, 44.55876 ], [ -123.32318, 44.559 ] ] } },
{ "type": "Feature", "properties": { "component": 2, "name": [ "Southwest Grand Oaks Drive" ], "highway": [ "residential" ] }, "geometry": { "type": "LineString", "coordinates": [ [ -123.32424, 44.5593 ], [ -123.32466, 44.55992 ] ] } },
{ "type": "Feature", "properties": { "component": 2, "name": [ "Southwest Grand Oaks Drive" ], "highway": [ "residential" ] }, "geometry": { "type": "LineString", "coordinates": [ [ -123.32424, 44.5593 ], [ -123.324, 44.55876 ] ] } },
{ "type": "Feature", "properties": { "component": 2, "name": [ "Southwest Quiet Creek Avenue" ], "highway": [ "residential" ] }, "geometry": { "type": "LineString", "coordinates": [ [ -123.32424, 44.5593 ], [ -123.32262, 44.56074 ] ] } },
{ "type": "Feature", "properties": { "component": 2, "name": [ "Southwest Grand Oaks Drive" ], "highway": [ "residential" ] }, "geometry": { "type": "LineString", "coordinates": [ [ -123.3192, 44.56142 ], [ -123.31902, 44.56086 ] ] } },
{ "type": "Feature", "properties": { "component": 2, "name": [ "Southwest Grand Oaks Drive" ], "highway": [ "residential" ] }, "geometry": { "type": "LineString", "coordinates": [ [ -123.3192, 44.56142 ], [ -123.32328, 44.5613 ] ] } },
{ "type": "Feature", "properties": { "component": 2, "name": [ "Southwest Grand Oaks Drive" ], "highway": [ "residential" ] }, "geometry": { "type": "LineString", "coordinates": [ [ -123.3192, 44.56142 ], [ -123.31828, 44.56158 ] ] } },
{ "type": "Feature", "properties": { "component": 2, "name": [ "Southwest Grand Oaks Drive" ], "highway": [ "residential" ] }, "geometry": { "type": "LineString", "coordinates": [ [ -123.31902, 44.56086 ], [ -123.31902, 44.5601 ] ] } },
{ "type": "Feature", "properties": { "component": 2, "name": [ "Southwest Quiet Creek Avenue" ], "highway": [ "residential" ] }, "geometry": { "type": "LineString", "coordinates": [ [ -123.31902, 44.56086 ], [ -123.32032, 44.56086 ] ] } },
{ "type": "Feature", "properties": { "component": 2, "name": [ "Southwest Grand Oaks Drive" ], "highway": [ "residential" ] }, "geometry": { "type": "LineString", "coordinates": [ [ -123.31902, 44.56086 ], [ -123.3192, 44.56142 ] ] } },
{ "type": "Feature", "properties": { "component": 2, "name": [ "Southwest Grand Oaks Drive" ], "highway": [ "residential" ] }, "geometry": { "type": "LineString", "coordinates": [ [ -123.31902, 44.5601 ], [ -123.31902, 44.56086 ] ] } },
{ "type": "Feature", "properties": { "component": 2, "name": [ "Southwest Grand Oaks Drive" ], "highway": [ "residential" ] }, "geometry": { "type": "LineString", "coordinates": [ [ -123.31902, 44.5601 ], [ -123.31932, 44.55928 ] ] } },
{ "type": "Feature", "properties": { "component": 2, "name": "['Southwest Amberwood Avenue' 'Amberwood Avenue']", "highway": [ "residential" ] }, "geometry": { "type": "LineString", "coordinates": [ [ -123.31902, 44.5601 ], [ -123.32026, 44.56012 ], [ -123.32032, 44.56086 ] ] } },
{ "type": "Feature", "properties": { "component": 2, "name": [ "Southwest Grand Oaks Drive" ], "highway": [ "residential" ] }, "geometry": { "type": "LineString", "coordinates": [ [ -123.31932, 44.55928 ], [ -123.31932, 44.55898 ] ] } },
{ "type": "Feature", "properties": { "component": 2, "name": [ "Southwest Grand Oaks Drive" ], "highway": [ "residential" ] }, "geometry": { "type": "LineString", "coordinates": [ [ -123.31932, 44.55928 ], [ -123.31902, 44.5601 ] ] } },
{ "type": "Feature", "properties": { "component": 2, "name": [ "Southwest Banyon Circle" ], "highway": [ "residential" ] }, "geometry": { "type": "LineString", "coordinates": [ [ -123.31932, 44.55928 ], [ -123.32078, 44.55898 ] ] } },
{ "type": "Feature", "properties": { "component": 2, "name": [ "Southwest Grand Oaks Drive" ], "highway": [ "residential" ] }, "geometry": { "type": "LineString", "coordinates": [ [ -123.31932, 44.55898 ], [ -123.31932, 44.55928 ] ] } },
{ "type": "Feature", "properties": { "component": 2, "name": [ "Southwest Grand Oaks Drive" ], "highway": [ "residential" ] }, "geometry": { "type": "LineString", "coordinates": [ [ -123.31932, 44.55898 ], [ -123.31932, 44.55866 ] ] } },
{ "type": "Feature", "properties": { "component": 2, "name": [ "Southwest Englewood Avenue" ], "highway": [ "residential" ] }, "geometry": { "type": "LineString", "coordinates": [ [ -123.31932, 44.55898 ], [ -123.3178, 44.5589 ] ] } },
{ "type": "Feature", "properties": { "component": 2, "name": [ "Southwest Grand Oaks Drive" ], "highway": [ "residential" ] }, "geometry": { "type": "LineString", "coordinates": [ [ -123.31932, 44.55866 ], [ -123.3189, 44.5579 ] ] } },
{ "type": "Feature", "properties": { "component": 2, "name": [ "Southwest Grand Oaks Drive" ], "highway": [ "residential" ] }, "geometry": { "type": "LineString", "coordinates": [ [ -123.31932, 44.55866 ], [ -123.31932, 44.55898 ] ] } },
{ "type": "Feature", "properties": { "component": 2, "name": [ "Southwest Banyon Circle" ], "highway": [ "residential" ] }, "geometry": { "type": "LineString", "coordinates": [ [ -123.31932, 44.55866 ], [ -123.32078, 44.55898 ] ] } },
{ "type": "Feature", "properties": { "component": 2, "name": [ "Southwest Grand Oaks Drive" ], "highway": [ "residential" ] }, "geometry": { "type": "LineString", "coordinates": [ [ -123.3189, 44.5579 ], [ -123.31902, 44.55722 ], [ -123.32018, 44.55694 ] ] } },
{ "type": "Feature", "properties": { "component": 2, "name": [ "Southwest Balsam Drive" ], "highway": [ "residential" ] }, "geometry": { "type": "LineString", "coordinates": [ [ -123.3189, 44.5579 ], [ -123.32028, 44.55788 ], [ -123.32018, 44.55694 ] ] } },
{ "type": "Feature", "properties": { "component": 2, "name": [ "Southwest Grand Oaks Drive" ], "highway": [ "residential" ] }, "geometry": { "type": "LineString", "coordinates": [ [ -123.3189, 44.5579 ], [ -123.31932, 44.55866 ] ] } },
{ "type": "Feature", "properties": { "component": 2, "name": [ "Southwest Grand Oaks Drive" ], "highway": [ "residential" ] }, "geometry": { "type": "LineString", "coordinates": [ [ -123.32018, 44.55694 ], [ -123.32042, 44.55634 ] ] } },
{ "type": "Feature", "properties": { "component": 2, "name": [ "Southwest Grand Oaks Drive" ], "highway": [ "residential" ] }, "geometry": { "type": "LineString", "coordinates": [ [ -123.32018, 44.55694 ], [ -123.31902, 44.55722 ], [ -123.3189, 44.5579 ] ] } },
{ "type": "Feature", "properties": { "component": 2, "name": [ "Southwest Balsam Drive" ], "highway": [ "residential" ] }, "geometry": { "type": "LineString", "coordinates": [ [ -123.32018, 44.55694 ], [ -123.32028, 44.55788 ], [ -123.3189, 44.5579 ] ] } },
{ "type": "Feature", "properties": { "component": 2, "name": [ "Southwest Grand Oaks Drive" ], "highway": [ "residential" ] }, "geometry": { "type": "LineString", "coordinates": [ [ -123.32042, 44.55634 ], [ -123.32018, 44.55694 ] ] } },
{ "type": "Feature", "properties": { "component": 5, "name": [ "Northwest Fox Place" ], "highway": [ "residential" ] }, "geometry": { "type": "LineString", "coordinates": [ [ -123.25856, 44.60002 ], [ -123.25976, 44.59962 ] ] } },
{ "type": "Feature", "properties": { "component": 5, "name": [ "Northwest Fox Place" ], "highway": [ "residential" ] }, "geometry": { "type": "LineString", "coordinates": [ [ -123.25976, 44.59962 ], [ -123.25856, 44.60002 ] ] } },
{ "type": "Feature", "properties": { "component": 5, "name": [ "Northwest Maxine Circle" ], "highway": [ "residential" ] }, "geometry": { "type": "LineString", "coordinates": [ [ -123.25976, 44.59962 ], [ -123.26024, 44.60014 ], [ -123.25918, 44.6008 ] ] } },
{ "type": "Feature", "properties": { "component": 5, "name": [ "Northwest Maxine Circle" ], "highway": [ "residential" ] }, "geometry": { "type": "LineString", "coordinates": [ [ -123.25976, 44.59962 ], [ -123.2594, 44.59894 ] ] } },
{ "type": "Feature", "properties": { "component": 5, "name": [ "Northwest Ermine Place" ], "highway": [ "residential" ] }, "geometry": { "type": "LineString", "coordinates": [ [ -123.25976, 44.59962 ], [ -123.26042, 44.59942 ] ] } },
{ "type": "Feature", "properties": { "component": 0, "name": [ "Northwest Forestgreen Avenue" ], "highway": [ "residential" ] }, "geometry": { "type": "LineString", "coordinates": [ [ -123.27298, 44.5903 ], [ -123.2726, 44.59004 ] ] } },
{ "type": "Feature", "properties": { "component": 0, "name": [ "Northwest Rolling Green Drive" ], "highway": [ "residential" ] }, "geometry": { "type": "LineString", "coordinates": [ [ -123.27298, 44.5903 ], [ -123.27162, 44.59198 ], [ -123.27182, 44.59358 ] ] } },
{ "type": "Feature", "properties": { "component": 0, "name": [ "Northwest Forestgreen Avenue" ], "highway": [ "residential" ] }, "geometry": { "type": "LineString", "coordinates": [ [ -123.27298, 44.5903 ], [ -123.27604, 44.58996 ] ] } },
{ "type": "Feature", "properties": { "component": 0, "name": [ "Northwest Rolling Green Drive" ], "highway": [ "residential" ] }, "geometry": { "type": "LineString", "coordinates": [ [ -123.27182, 44.59358 ], [ -123.27162, 44.59198 ], [ -123.27298, 44.5903 ] ] } },
{ "type": "Feature", "properties": { "component": 0, "name": [ "Northwest Rolling Green Drive" ], "highway": [ "residential" ] }, "geometry": { "type": "LineString", "coordinates": [ [ -123.27182, 44.59358 ], [ -123.2725, 44.59434 ] ] } },
{ "type": "Feature", "properties": { "component": 0, "name": [ "Northwest Bluebell Place" ], "highway": [ "residential" ] }, "geometry": { "type": "LineString", "coordinates": [ [ -123.2725, 44.59434 ], [ -123.27152, 44.59512 ] ] } },
{ "type": "Feature", "properties": { "component": 0, "name": [ "Northwest Rolling Green Drive" ], "highway": [ "residential" ] }, "geometry": { "type": "LineString", "coordinates": [ [ -123.2725, 44.59434 ], [ -123.27414, 44.59416 ] ] } },
{ "type": "Feature", "properties": { "component": 0, "name": [ "Northwest Rolling Green Drive" ], "highway": [ "residential" ] }, "geometry": { "type": "LineString", "coordinates": [ [ -123.2725, 44.59434 ], [ -123.27182, 44.59358 ] ] } },
{ "type": "Feature", "properties": { "component": 0, "name": [ "Northwest Lupine Place" ], "highway": [ "residential" ] }, "geometry": { "type": "LineString", "coordinates": [ [ -123.27414, 44.59416 ], [ -123.27364, 44.59464 ] ] } },
{ "type": "Feature", "properties": { "component": 0, "name": [ "Northwest Rolling Green Drive" ], "highway": [ "residential" ] }, "geometry": { "type": "LineString", "coordinates": [ [ -123.27414, 44.59416 ], [ -123.27468, 44.59462 ], [ -123.27492, 44.59626 ], [ -123.27432, 44.59684 ] ] } },
{ "type": "Feature", "properties": { "component": 0, "name": [ "Northwest Rolling Green Drive" ], "highway": [ "residential" ] }, "geometry": { "type": "LineString", "coordinates": [ [ -123.27414, 44.59416 ], [ -123.2725, 44.59434 ] ] } },
{ "type": "Feature", "properties": { "component": 0, "name": [ "Northwest Crest Drive" ], "highway": [ "residential" ] }, "geometry": { "type": "LineString", "coordinates": [ [ -123.29028, 44.58302 ], [ -123.28852, 44.58306 ] ] } },
{ "type": "Feature", "properties": { "component": 0, "name": [ "Northwest Crest Drive" ], "highway": [ "residential" ] }, "geometry": { "type": "LineString", "coordinates": [ [ -123.28852, 44.58306 ], [ -123.29028, 44.58302 ] ] } },
{ "type": "Feature", "properties": { "component": 0, "name": [ "Northwest Crest Drive" ], "highway": [ "residential" ] }, "geometry": { "type": "LineString", "coordinates": [ [ -123.28852, 44.58306 ], [ -123.2869, 44.58322 ], [ -123.28636, 44.58408 ], [ -123.28672, 44.58442 ] ] } },
{ "type": "Feature", "properties": { "component": 0, "name": [ "Northwest Alta Vista Drive" ], "highway": [ "residential" ] }, "geometry": { "type": "LineString", "coordinates": [ [ -123.28852, 44.58306 ], [ -123.2884, 44.5841 ], [ -123.28734, 44.58486 ] ] } },
{ "type": "Feature", "properties": { "component": 0, "name": [ "Northwest Alta Vista Drive" ], "highway": [ "residential" ] }, "geometry": { "type": "LineString", "coordinates": [ [ -123.28852, 44.58306 ], [ -123.2885, 44.58236 ] ] } },
{ "type": "Feature", "properties": { "component": 0, "name": [ "Northwest Crest Drive" ], "highway": [ "residential" ] }, "geometry": { "type": "LineString", "coordinates": [ [ -123.28672, 44.58442 ], [ -123.28734, 44.58486 ] ] } },
{ "type": "Feature", "properties": { "component": 0, "name": [ "Northwest Crest Drive" ], "highway": [ "residential" ] }, "geometry": { "type": "LineString", "coordinates": [ [ -123.28672, 44.58442 ], [ -123.28636, 44.58408 ], [ -123.2869, 44.58322 ], [ -123.28852, 44.58306 ] ] } },
{ "type": "Feature", "properties": { "component": 0, "name": [ "Northwest Crest Place" ], "highway": [ "residential" ] }, "geometry": { "type": "LineString", "coordinates": [ [ -123.28672, 44.58442 ], [ -123.28588, 44.58468 ], [ -123.28562, 44.584 ] ] } },
{ "type": "Feature", "properties": { "component": 0, "name": [ "Northwest Crest Drive" ], "highway": [ "residential" ] }, "geometry": { "type": "LineString", "coordinates": [ [ -123.28734, 44.58486 ], [ -123.28672, 44.58442 ] ] } },
{ "type": "Feature", "properties": { "component": 0, "name": [ "Northwest Hillcrest Drive" ], "highway": [ "residential" ] }, "geometry": { "type": "LineString", "coordinates": [ [ -123.28734, 44.58486 ], [ -123.28528, 44.58488 ], [ -123.28494, 44.58308 ] ] } },
{ "type": "Feature", "properties": { "component": 0, "name": [ "Northwest Alta Vista Drive" ], "highway": [ "residential" ] }, "geometry": { "type": "LineString", "coordinates": [ [ -123.28734, 44.58486 ], [ -123.2884, 44.5841 ], [ -123.28852, 44.58306 ] ] } },
{ "type": "Feature", "properties": { "component": 1, "name": [ "Southeast Centerpointe Drive" ], "highway": [ "residential" ] }, "geometry": { "type": "LineString", "coordinates": [ [ -123.25442, 44.53096 ], [ -123.2552, 44.53136 ] ] } },
{ "type": "Feature", "properties": { "component": 1, "name": [ "Southeast Shoreline Drive" ], "highway": [ "residential" ] }, "geometry": { "type": "LineString", "coordinates": [ [ -123.25442, 44.53096 ], [ -123.25498, 44.5304 ] ] } },
{ "type": "Feature", "properties": { "component": 1, "name": [ "Southeast Shoreline Drive" ], "highway": [ "residential" ] }, "geometry": { "type": "LineString", "coordinates": [ [ -123.25442, 44.53096 ], [ -123.25364, 44.53214 ], [ -123.25458, 44.5327 ] ] } },
{ "type": "Feature", "properties": { "component": 1, "name": "Unnamed street", "highway": [ "cycleway" ] }, "geometry": { "type": "LineString", "coordinates": [ [ -123.25442, 44.53096 ], [ -123.25434, 44.5309 ] ] } },
{ "type": "Feature", "properties": { "component": 1, "name": [ "Southeast Centerpointe Drive" ], "highway": [ "residential" ] }, "geometry": { "type": "LineString", "coordinates": [ [ -123.2552, 44.53136 ], [ -123.25442, 44.53096 ] ] } },
{ "type": "Feature", "properties": { "component": 1, "name": [ "Southeast Centerpointe Drive" ], "highway": [ "residential" ] }, "geometry": { "type": "LineString", "coordinates": [ [ -123.2552, 44.53136 ], [ -123.25592, 44.53172 ] ] } },
{ "type": "Feature", "properties": { "component": 1, "name": [ "Southeast Safe Harbor Street" ], "highway": [ "residential" ] }, "geometry": { "type": "LineString", "coordinates": [ [ -123.2552, 44.53136 ], [ -123.25458, 44.5327 ] ] } },
{ "type": "Feature", "properties": { "component": 1, "name": [ "Southeast Centerpointe Drive" ], "highway": [ "residential" ] }, "geometry": { "type": "LineString", "coordinates": [ [ -123.25592, 44.53172 ], [ -123.25664, 44.53184 ] ] } },
{ "type": "Feature", "properties": { "component": 1, "name": [ "Southeast Centerpointe Drive" ], "highway": [ "residential" ] }, "geometry": { "type": "LineString", "coordinates": [ [ -123.25592, 44.53172 ], [ -123.2552, 44.53136 ] ] } },
{ "type": "Feature", "properties": { "component": 1, "name": "['Southeast Shoreline Drive' 'Southeast Maritime Street']", "highway": [ "residential" ] }, "geometry": { "type": "LineString", "coordinates": [ [ -123.25592, 44.53172 ], [ -123.25554, 44.53272 ], [ -123.25458, 44.5327 ] ] } },
{ "type": "Feature", "properties": { "component": 3, "name": [ "Marigold Place" ], "highway": [ "residential" ] }, "geometry": { "type": "LineString", "coordinates": [ [ -123.30834, 44.59362 ], [ -123.30786, 44.59328 ] ] } },
{ "type": "Feature", "properties": { "component": 3, "name": [ "Northwest Romancier Drive" ], "highway": [ "residential" ] }, "geometry": { "type": "LineString", "coordinates": [ [ -123.30834, 44.59362 ], [ -123.30962, 44.5935 ] ] } },
{ "type": "Feature", "properties": { "component": 3, "name": [ "Northwest Romancier Drive" ], "highway": [ "residential" ] }, "geometry": { "type": "LineString", "coordinates": [ [ -123.30834, 44.59362 ], [ -123.30794, 44.59386 ] ] } },
{ "type": "Feature", "properties": { "component": 0, "name": [ "Northwest Johnson Avenue" ], "highway": [ "residential" ] }, "geometry": { "type": "LineString", "coordinates": [ [ -123.28256, 44.56862 ], [ -123.28358, 44.5686 ] ] } },
{ "type": "Feature", "properties": { "component": 0, "name": [ "Northwest Johnson Avenue" ], "highway": [ "residential" ] }, "geometry": { "type": "LineString", "coordinates": [ [ -123.28256, 44.56862 ], [ -123.28132, 44.5686 ] ] } },
{ "type": "Feature", "properties": { "component": 0, "name": [ "Northwest 28th Street" ], "highway": [ "residential" ] }, "geometry": { "type": "LineString", "coordinates": [ [ -123.28256, 44.56862 ], [ -123.28262, 44.56976 ] ] } },
{ "type": "Feature", "properties": { "component": 0, "name": [ "Northwest Johnson Avenue" ], "highway": [ "residential" ] }, "geometry": { "type": "LineString", "coordinates": [ [ -123.28358, 44.5686 ], [ -123.28458, 44.5686 ] ] } },
{ "type": "Feature", "properties": { "component": 0, "name": [ "Northwest Johnson Avenue" ], "highway": [ "residential" ] }, "geometry": { "type": "LineString", "coordinates": [ [ -123.28358, 44.5686 ], [ -123.28256, 44.56862 ] ] } },
{ "type": "Feature", "properties": { "component": 0, "name": [ "Northwest 29th Street" ], "highway": [ "residential" ] }, "geometry": { "type": "LineString", "coordinates": [ [ -123.28358, 44.5686 ], [ -123.28362, 44.56974 ] ] } },
{ "type": "Feature", "properties": { "component": 0, "name": [ "Northwest Johnson Avenue" ], "highway": [ "residential" ] }, "geometry": { "type": "LineString", "coordinates": [ [ -123.28458, 44.5686 ], [ -123.28674, 44.56858 ] ] } },
{ "type": "Feature", "properties": { "component": 0, "name": [ "Northwest Johnson Avenue" ], "highway": [ "residential" ] }, "geometry": { "type": "LineString", "coordinates": [ [ -123.28458, 44.5686 ], [ -123.28358, 44.5686 ] ] } },
{ "type": "Feature", "properties": { "component": 0, "name": [ "Northwest Johnson Avenue" ], "highway": [ "residential" ] }, "geometry": { "type": "LineString", "coordinates": [ [ -123.28674, 44.56858 ], [ -123.28794, 44.56858 ] ] } },
{ "type": "Feature", "properties": { "component": 0, "name": [ "Northwest Johnson Avenue" ], "highway": [ "residential" ] }, "geometry": { "type": "LineString", "coordinates": [ [ -123.28674, 44.56858 ], [ -123.28458, 44.5686 ] ] } },
{ "type": "Feature", "properties": { "component": 0, "name": [ "Northwest 32nd Street" ], "highway": [ "residential" ] }, "geometry": { "type": "LineString", "coordinates": [ [ -123.28674, 44.56858 ], [ -123.28676, 44.56972 ] ] } },
{ "type": "Feature", "properties": { "component": 0, "name": [ "Northwest Johnson Avenue" ], "highway": [ "residential" ] }, "geometry": { "type": "LineString", "coordinates": [ [ -123.28794, 44.56858 ], [ -123.28674, 44.56858 ] ] } },
{ "type": "Feature", "properties": { "component": 0, "name": [ "Northwest 33rd Street" ], "highway": [ "residential" ] }, "geometry": { "type": "LineString", "coordinates": [ [ -123.28794, 44.56858 ], [ -123.28794, 44.56972 ] ] } },
{ "type": "Feature", "properties": { "component": 0, "name": [ "Northwest 33rd Street" ], "highway": [ "residential" ] }, "geometry": { "type": "LineString", "coordinates": [ [ -123.28794, 44.56858 ], [ -123.28794, 44.5679 ] ] } },
{ "type": "Feature", "properties": { "component": 7, "name": [ "Northwest Silktassel Drive" ], "highway": [ "residential" ] }, "geometry": { "type": "LineString", "coordinates": [ [ -123.28636, 44.60134 ], [ -123.28698, 44.60126 ] ] } },
{ "type": "Feature", "properties": { "component": 7, "name": [ "Northwest Silktassel Drive" ], "highway": [ "residential" ] }, "geometry": { "type": "LineString", "coordinates": [ [ -123.2886, 44.60126 ], [ -123.28958, 44.60112 ] ] } },
{ "type": "Feature", "properties": { "component": 7, "name": [ "Northwest Silktassel Drive" ], "highway": [ "residential" ] }, "geometry": { "type": "LineString", "coordinates": [ [ -123.2886, 44.60126 ], [ -123.28698, 44.60126 ] ] } },
{ "type": "Feature", "properties": { "component": 7, "name": [ "Northwest Poppy Drive" ], "highway": [ "residential" ] }, "geometry": { "type": "LineString", "coordinates": [ [ -123.2886, 44.60126 ], [ -123.28848, 44.6007 ], [ -123.2879, 44.60056 ] ] } },
{ "type": "Feature", "properties": { "component": 7, "name": [ "Northwest Silktassel Drive" ], "highway": [ "residential" ] }, "geometry": { "type": "LineString", "coordinates": [ [ -123.28958, 44.60112 ], [ -123.29064, 44.60074 ] ] } },
{ "type": "Feature", "properties": { "component": 7, "name": [ "Northwest Silktassel Drive" ], "highway": [ "residential" ] }, "geometry": { "type": "LineString", "coordinates": [ [ -123.28958, 44.60112 ], [ -123.2886, 44.60126 ] ] } },
{ "type": "Feature", "properties": { "component": 7, "name": [ "Northwest Silktassel Drive" ], "highway": [ "residential" ] }, "geometry": { "type": "LineString", "coordinates": [ [ -123.29064, 44.60074 ], [ -123.29096, 44.60022 ] ] } },
{ "type": "Feature", "properties": { "component": 7, "name": [ "Northwest Silktassel Drive" ], "highway": [ "residential" ] }, "geometry": { "type": "LineString", "coordinates": [ [ -123.29064, 44.60074 ], [ -123.28958, 44.60112 ] ] } },
{ "type": "Feature", "properties": { "component": 7, "name": [ "Northwest Silverbelle Place" ], "highway": [ "residential" ] }, "geometry": { "type": "LineString", "coordinates": [ [ -123.29064, 44.60074 ], [ -123.29118, 44.6011 ] ] } },
{ "type": "Feature", "properties": { "component": 7, "name": [ "Northwest Goldenrod Place" ], "highway": [ "residential" ] }, "geometry": { "type": "LineString", "coordinates": [ [ -123.29096, 44.60022 ], [ -123.29126, 44.60024 ] ] } },
{ "type": "Feature", "properties": { "component": 7, "name": [ "Northwest Silktassel Drive" ], "highway": [ "residential" ] }, "geometry": { "type": "LineString", "coordinates": [ [ -123.29096, 44.60022 ], [ -123.29074, 44.59964 ] ] } },
{ "type": "Feature", "properties": { "component": 7, "name": [ "Northwest Silktassel Drive" ], "highway": [ "residential" ] }, "geometry": { "type": "LineString", "coordinates": [ [ -123.29096, 44.60022 ], [ -123.29064, 44.60074 ] ] } },
{ "type": "Feature", "properties": { "component": 7, "name": [ "Northwest Silktassel Drive" ], "highway": [ "residential" ] }, "geometry": { "type": "LineString", "coordinates": [ [ -123.29074, 44.59964 ], [ -123.28896, 44.59944 ] ] } },
{ "type": "Feature", "properties": { "component": 7, "name": [ "Northwest Silktassel Drive" ], "highway": [ "residential" ] }, "geometry": { "type": "LineString", "coordinates": [ [ -123.29074, 44.59964 ], [ -123.29096, 44.60022 ] ] } },
{ "type": "Feature", "properties": { "component": 7, "name": [ "Northwest Silktassel Drive" ], "highway": [ "residential" ] }, "geometry": { "type": "LineString", "coordinates": [ [ -123.29074, 44.59964 ], [ -123.2912, 44.59942 ] ] } },
{ "type": "Feature", "properties": { "component": 7, "name": [ "Northwest Silktassel Drive" ], "highway": [ "residential" ] }, "geometry": { "type": "LineString", "coordinates": [ [ -123.28896, 44.59944 ], [ -123.29074, 44.59964 ] ] } },
{ "type": "Feature", "properties": { "component": 7, "name": [ "Northwest Firefern Place" ], "highway": [ "residential" ] }, "geometry": { "type": "LineString", "coordinates": [ [ -123.28896, 44.59944 ], [ -123.28978, 44.60012 ] ] } },
{ "type": "Feature", "properties": { "component": 7, "name": [ "Northwest Firefern Street" ], "highway": [ "residential" ] }, "geometry": { "type": "LineString", "coordinates": [ [ -123.28896, 44.59944 ], [ -123.2888, 44.59868 ] ] } },
{ "type": "Feature", "properties": { "component": 7, "name": [ "Northwest Silktassel Drive" ], "highway": [ "residential" ] }, "geometry": { "type": "LineString", "coordinates": [ [ -123.2912, 44.59942 ], [ -123.29074, 44.59964 ] ] } },
{ "type": "Feature", "properties": { "component": 0, "name": [ "Northwest Sunview Drive" ], "highway": [ "residential" ] }, "geometry": { "type": "LineString", "coordinates": [ [ -123.29986, 44.58672 ], [ -123.2991, 44.5871 ] ] } },
{ "type": "Feature", "properties": { "component": 0, "name": [ "Northwest Sunview Drive" ], "highway": [ "residential" ] }, "geometry": { "type": "LineString", "coordinates": [ [ -123.2991, 44.5871 ], [ -123.29986, 44.58672 ] ] } },
{ "type": "Feature", "properties": { "component": 0, "name": [ "Northwest Sunview Drive" ], "highway": [ "residential" ] }, "geometry": { "type": "LineString", "coordinates": [ [ -123.2991, 44.5871 ], [ -123.29858, 44.5875 ], [ -123.29852, 44.58856 ] ] } },
{ "type": "Feature", "properties": { "component": 0, "name": [ "Northwest Rolf Place" ], "highway": [ "residential" ] }, "geometry": { "type": "LineString", "coordinates": [ [ -123.2991, 44.5871 ], [ -123.29824, 44.58682 ] ] } },
{ "type": "Feature", "properties": { "component": 0, "name": [ "Northwest Sunview Drive" ], "highway": [ "residential" ] }, "geometry": { "type": "LineString", "coordinates": [ [ -123.29852, 44.58856 ], [ -123.29854, 44.58946 ] ] } },
{ "type": "Feature", "properties": { "component": 0, "name": [ "Northwest Sunview Drive" ], "highway": [ "residential" ] }, "geometry": { "type": "LineString", "coordinates": [ [ -123.29852, 44.58856 ], [ -123.29858, 44.5875 ], [ -123.2991, 44.5871 ] ] } },
{ "type": "Feature", "properties": { "component": 0, "name": [ "Northwest Jon Place" ], "highway": [ "residential" ] }, "geometry": { "type": "LineString", "coordinates": [ [ -123.29852, 44.58856 ], [ -123.29942, 44.5887 ] ] } },
{ "type": "Feature", "properties": { "component": 0, "name": [ "Northwest Elmwood Drive" ], "highway": [ "residential" ] }, "geometry": { "type": "LineString", "coordinates": [ [ -123.29854, 44.58946 ], [ -123.30038, 44.58944 ] ] } },
{ "type": "Feature", "properties": { "component": 0, "name": [ "Northwest Sunview Drive" ], "highway": [ "residential" ] }, "geometry": { "type": "LineString", "coordinates": [ [ -123.29854, 44.58946 ], [ -123.29852, 44.58856 ] ] } },
{ "type": "Feature", "properties": { "component": 0, "name": [ "Northwest Elmwood Drive" ], "highway": [ "residential" ] }, "geometry": { "type": "LineString", "coordinates": [ [ -123.29854, 44.58946 ], [ -123.29708, 44.58948 ] ] } },
{ "type": "Feature", "properties": { "component": 2, "name": [ "Southwest Fallbrook Street" ], "highway": [ "residential" ] }, "geometry": { "type": "LineString", "coordinates": [ [ -123.32262, 44.56074 ], [ -123.32328, 44.5613 ] ] } },
{ "type": "Feature", "properties": { "component": 2, "name": [ "Southwest Quiet Creek Avenue" ], "highway": [ "residential" ] }, "geometry": { "type": "LineString", "coordinates": [ [ -123.32262, 44.56074 ], [ -123.32424, 44.5593 ] ] } },
{ "type": "Feature", "properties": { "component": 2, "name": [ "Southwest Quiet Creek Avenue" ], "highway": [ "residential" ] }, "geometry": { "type": "LineString", "coordinates": [ [ -123.32262, 44.56074 ], [ -123.32178, 44.56086 ] ] } },
{ "type": "Feature", "properties": { "component": 1, "name": [ "Southeast Summerfield Place" ], "highway": [ "residential" ] }, "geometry": { "type": "LineString", "coordinates": [ [ -123.2593, 44.53558 ], [ -123.26034, 44.53538 ] ] } },
{ "type": "Feature", "properties": { "component": 1, "name": [ "Southeast Summerfield Drive" ], "highway": [ "residential" ] }, "geometry": { "type": "LineString", "coordinates": [ [ -123.2593, 44.53558 ], [ -123.26012, 44.53678 ] ] } },
{ "type": "Feature", "properties": { "component": 1, "name": [ "Southeast Summerfield Drive" ], "highway": [ "residential" ] }, "geometry": { "type": "LineString", "coordinates": [ [ -123.2593, 44.53558 ], [ -123.25884, 44.53508 ], [ -123.25938, 44.53448 ] ] } },
{ "type": "Feature", "properties": { "component": 1, "name": [ "Southeast Summerfield Place" ], "highway": [ "residential" ] }, "geometry": { "type": "LineString", "coordinates": [ [ -123.26034, 44.53538 ], [ -123.2593, 44.53558 ] ] } },
{ "type": "Feature", "properties": { "component": 0, "name": [ "Northwest Firwood Place" ], "highway": [ "residential" ] }, "geometry": { "type": "LineString", "coordinates": [ [ -123.28586, 44.58828 ], [ -123.28536, 44.58912 ] ] } },
{ "type": "Feature", "properties": { "component": 0, "name": [ "Northwest Firwood Drive" ], "highway": [ "residential" ] }, "geometry": { "type": "LineString", "coordinates": [ [ -123.28586, 44.58828 ], [ -123.28676, 44.58854 ] ] } },
{ "type": "Feature", "properties": { "component": 0, "name": [ "Northwest Firwood Drive" ], "highway": [ "residential" ] }, "geometry": { "type": "LineString", "coordinates": [ [ -123.28586, 44.58828 ], [ -123.28542, 44.58776 ] ] } },
{ "type": "Feature", "properties": { "component": 0, "name": [ "Northwest Firwood Place" ], "highway": [ "residential" ] }, "geometry": { "type": "LineString", "coordinates": [ [ -123.28536, 44.58912 ], [ -123.28586, 44.58828 ] ] } },
{ "type": "Feature", "properties": { "component": 0, "name": "['Northwest 20th Street' 'Northwest Hayes Avenue']", "highway": [ "residential" ] }, "geometry": { "type": "LineString", "coordinates": [ [ -123.27414, 44.58086 ], [ -123.27412, 44.5816 ], [ -123.27596, 44.58158 ] ] } },
{ "type": "Feature", "properties": { "component": 0, "name": [ "Northwest 20th Street" ], "highway": [ "residential" ] }, "geometry": { "type": "LineString", "coordinates": [ [ -123.27414, 44.58086 ], [ -123.27412, 44.57954 ] ] } },
{ "type": "Feature", "properties": { "component": 0, "name": [ "Northwest 20th Place" ], "highway": [ "residential" ] }, "geometry": { "type": "LineString", "coordinates": [ [ -123.27414, 44.58086 ], [ -123.27488, 44.58084 ] ] } },
{ "type": "Feature", "properties": { "component": 0, "name": [ "Northwest 20th Place" ], "highway": [ "residential" ] }, "geometry": { "type": "LineString", "coordinates": [ [ -123.27488, 44.58084 ], [ -123.27414, 44.58086 ] ] } },
{ "type": "Feature", "properties": { "component": 0, "name": [ "Northwest 31st Street" ], "highway": [ "residential" ] }, "geometry": { "type": "LineString", "coordinates": [ [ -123.28568, 44.56896 ], [ -123.2857, 44.56974 ] ] } },
{ "type": "Feature", "properties": { "component": 0, "name": [ "Northwest 31st Street" ], "highway": [ "residential" ] }, "geometry": { "type": "LineString", "coordinates": [ [ -123.2857, 44.56974 ], [ -123.28574, 44.57078 ] ] } },
{ "type": "Feature", "properties": { "component": 0, "name": [ "Northwest 31st Street" ], "highway": [ "residential" ] }, "geometry": { "type": "LineString", "coordinates": [ [ -123.2857, 44.56974 ], [ -123.28568, 44.56896 ] ] } },
{ "type": "Feature", "properties": { "component": 0, "name": [ "Northwest Jackson Avenue" ], "highway": [ "residential" ] }, "geometry": { "type": "LineString", "coordinates": [ [ -123.2857, 44.56974 ], [ -123.28676, 44.56972 ] ] } },
{ "type": "Feature", "properties": { "component": 0, "name": [ "Northwest Jackson Avenue" ], "highway": [ "residential" ] }, "geometry": { "type": "LineString", "coordinates": [ [ -123.2857, 44.56974 ], [ -123.28464, 44.56974 ] ] } },
{ "type": "Feature", "properties": { "component": 0, "name": [ "Northwest 31st Street" ], "highway": [ "residential" ] }, "geometry": { "type": "LineString", "coordinates": [ [ -123.28574, 44.57078 ], [ -123.28578, 44.57174 ] ] } },
{ "type": "Feature", "properties": { "component": 0, "name": [ "Northwest 31st Street" ], "highway": [ "residential" ] }, "geometry": { "type": "LineString", "coordinates": [ [ -123.28574, 44.57078 ], [ -123.2857, 44.56974 ] ] } },
{ "type": "Feature", "properties": { "component": 0, "name": [ "Northwest Van Buren Avenue" ], "highway": [ "residential" ] }, "geometry": { "type": "LineString", "coordinates": [ [ -123.28574, 44.57078 ], [ -123.28678, 44.57078 ] ] } },
{ "type": "Feature", "properties": { "component": 0, "name": [ "Northwest Van Buren Avenue" ], "highway": [ "residential" ] }, "geometry": { "type": "LineString", "coordinates": [ [ -123.28574, 44.57078 ], [ -123.28468, 44.57078 ] ] } },
{ "type": "Feature", "properties": { "component": 0, "name": [ "Northwest 31st Street" ], "highway": [ "residential" ] }, "geometry": { "type": "LineString", "coordinates": [ [ -123.28578, 44.57174 ], [ -123.2858, 44.57272 ] ] } },
{ "type": "Feature", "properties": { "component": 0, "name": [ "Northwest 31st Street" ], "highway": [ "residential" ] }, "geometry": { "type": "LineString", "coordinates": [ [ -123.28578, 44.57174 ], [ -123.28574, 44.57078 ] ] } },
{ "type": "Feature", "properties": { "component": 0, "name": [ "Northwest 31st Street" ], "highway": [ "residential" ] }, "geometry": { "type": "LineString", "coordinates": [ [ -123.2858, 44.57272 ], [ -123.28582, 44.5737 ] ] } },
{ "type": "Feature", "properties": { "component": 0, "name": [ "Northwest 31st Street" ], "highway": [ "residential" ] }, "geometry": { "type": "LineString", "coordinates": [ [ -123.2858, 44.57272 ], [ -123.28578, 44.57174 ] ] } },
{ "type": "Feature", "properties": { "component": 0, "name": [ "Northwest Tyler Avenue" ], "highway": [ "residential" ] }, "geometry": { "type": "LineString", "coordinates": [ [ -123.2858, 44.57272 ], [ -123.28468, 44.57274 ] ] } },
{ "type": "Feature", "properties": { "component": 0, "name": [ "Northwest 31st Street" ], "highway": [ "residential" ] }, "geometry": { "type": "LineString", "coordinates": [ [ -123.28584, 44.57464 ], [ -123.28584, 44.57554 ] ] } },
{ "type": "Feature", "properties": { "component": 0, "name": [ "Northwest 31st Street" ], "highway": [ "residential" ] }, "geometry": { "type": "LineString", "coordinates": [ [ -123.28584, 44.57464 ], [ -123.28582, 44.5737 ] ] } },
{ "type": "Feature", "properties": { "component": 0, "name": [ "Northwest Taylor Avenue" ], "highway": [ "residential" ] }, "geometry": { "type": "LineString", "coordinates": [ [ -123.28584, 44.57464 ], [ -123.28684, 44.57464 ] ] } },
{ "type": "Feature", "properties": { "component": 0, "name": [ "Northwest Taylor Avenue" ], "highway": [ "residential" ] }, "geometry": { "type": "LineString", "coordinates": [ [ -123.28584, 44.57464 ], [ -123.28462, 44.57464 ] ] } },
{ "type": "Feature", "properties": { "component": 0, "name": [ "Northwest 31st Street" ], "highway": [ "residential" ] }, "geometry": { "type": "LineString", "coordinates": [ [ -123.28584, 44.57554 ], [ -123.28588, 44.57712 ] ] } },
{ "type": "Feature", "properties": { "component": 0, "name": [ "Northwest 31st Street" ], "highway": [ "residential" ] }, "geometry": { "type": "LineString", "coordinates": [ [ -123.28584, 44.57554 ], [ -123.28584, 44.57464 ] ] } },
{ "type": "Feature", "properties": { "component": 0, "name": [ "Northwest Fillmore Avenue" ], "highway": [ "residential" ] }, "geometry": { "type": "LineString", "coordinates": [ [ -123.28584, 44.57554 ], [ -123.28684, 44.57554 ] ] } },
{ "type": "Feature", "properties": { "component": 0, "name": [ "Northwest Fillmore Avenue" ], "highway": [ "residential" ] }, "geometry": { "type": "LineString", "coordinates": [ [ -123.28584, 44.57554 ], [ -123.2846, 44.57554 ] ] } },
{ "type": "Feature", "properties": { "component": 0, "name": [ "Northwest 31st Street" ], "highway": [ "residential" ] }, "geometry": { "type": "LineString", "coordinates": [ [ -123.28588, 44.57712 ], [ -123.2859, 44.57872 ] ] } },
{ "type": "Feature", "properties": { "component": 0, "name": [ "Northwest 31st Street" ], "highway": [ "residential" ] }, "geometry": { "type": "LineString", "coordinates": [ [ -123.28588, 44.57712 ], [ -123.28584, 44.57554 ] ] } },
{ "type": "Feature", "properties": { "component": 0, "name": [ "Northwest Lincoln Avenue" ], "highway": [ "residential" ] }, "geometry": { "type": "LineString", "coordinates": [ [ -123.28588, 44.57712 ], [ -123.28688, 44.57714 ] ] } },
{ "type": "Feature", "properties": { "component": 0, "name": [ "Northwest Lincoln Avenue" ], "highway": [ "residential" ] }, "geometry": { "type": "LineString", "coordinates": [ [ -123.28588, 44.57712 ], [ -123.28454, 44.57712 ] ] } },
{ "type": "Feature", "properties": { "component": 0, "name": [ "Northwest 31st Street" ], "highway": [ "residential" ] }, "geometry": { "type": "LineString", "coordinates": [ [ -123.2859, 44.57872 ], [ -123.28588, 44.57712 ] ] } },
{ "type": "Feature", "properties": { "component": 2, "name": [ "Southwest Willow Avenue" ], "highway": [ "residential" ] }, "geometry": { "type": "LineString", "coordinates": [ [ -123.312, 44.5587 ], [ -123.31308, 44.5587 ] ] } },
{ "type": "Feature", "properties": { "component": 2, "name": [ "Southwest Willow Avenue" ], "highway": [ "residential" ] }, "geometry": { "type": "LineString", "coordinates": [ [ -123.31308, 44.5587 ], [ -123.31416, 44.5587 ] ] } },
{ "type": "Feature", "properties": { "component": 2, "name": [ "Southwest Willow Avenue" ], "highway": [ "residential" ] }, "geometry": { "type": "LineString", "coordinates": [ [ -123.31308, 44.5587 ], [ -123.312, 44.5587 ] ] } },
{ "type": "Feature", "properties": { "component": 2, "name": [ "Southwest 54th Street" ], "highway": [ "residential" ] }, "geometry": { "type": "LineString", "coordinates": [ [ -123.31308, 44.5587 ], [ -123.31306, 44.56074 ] ] } },
{ "type": "Feature", "properties": { "component": 2, "name": [ "Southwest Willow Avenue" ], "highway": [ "residential" ] }, "geometry": { "type": "LineString", "coordinates": [ [ -123.31416, 44.5587 ], [ -123.31308, 44.5587 ] ] } },
{ "type": "Feature", "properties": { "component": 2, "name": "['Southwest Willow Avenue' 'Southwest 56th Street']", "highway": [ "residential" ] }, "geometry": { "type": "LineString", "coordinates": [ [ -123.31416, 44.5587 ], [ -123.31524, 44.5587 ], [ -123.31524, 44.5596 ] ] } },
{ "type": "Feature", "properties": { "component": 2, "name": [ "Southwest 55th Street" ], "highway": [ "residential" ] }, "geometry": { "type": "LineString", "coordinates": [ [ -123.31416, 44.5587 ], [ -123.31416, 44.56062 ], [ -123.31362, 44.56116 ] ] } },
{ "type": "Feature", "properties": { "component": 2, "name": [ "Southwest 56th Street" ], "highway": [ "residential" ] }, "geometry": { "type": "LineString", "coordinates": [ [ -123.31524, 44.5596 ], [ -123.31524, 44.56176 ] ] } },
{ "type": "Feature", "properties": { "component": 2, "name": "['Southwest Willow Avenue' 'Southwest 56th Street']", "highway": [ "residential" ] }, "geometry": { "type": "LineString", "coordinates": [ [ -123.31524, 44.5596 ], [ -123.31524, 44.5587 ], [ -123.31416, 44.5587 ] ] } },
{ "type": "Feature", "properties": { "component": 2, "name": [ "Southwest Donovan Place" ], "highway": [ "residential" ] }, "geometry": { "type": "LineString", "coordinates": [ [ -123.31524, 44.5596 ], [ -123.31612, 44.55968 ] ] } },
{ "type": "Feature", "properties": { "component": 2, "name": [ "Southwest Cherry Avenue" ], "highway": [ "residential" ] }, "geometry": { "type": "LineString", "coordinates": [ [ -123.31524, 44.56176 ], [ -123.31576, 44.56176 ] ] } },
{ "type": "Feature", "properties": { "component": 2, "name": [ "Southwest 56th Street" ], "highway": [ "residential" ] }, "geometry": { "type": "LineString", "coordinates": [ [ -123.31524, 44.56176 ], [ -123.31524, 44.5596 ] ] } },
{ "type": "Feature", "properties": { "component": 2, "name": [ "Southwest Cherry Avenue" ], "highway": [ "residential" ] }, "geometry": { "type": "LineString", "coordinates": [ [ -123.31524, 44.56176 ], [ -123.31362, 44.56116 ] ] } },
{ "type": "Feature", "properties": { "component": 2, "name": [ "Southwest Cherry Avenue" ], "highway": "['residential' 'cycleway']" }, "geometry": { "type": "LineString", "coordinates": [ [ -123.31524, 44.56176 ], [ -123.31638, 44.56172 ] ] } },
{ "type": "Feature", "properties": { "component": 5, "name": [ "Northwest Antelope Place" ], "highway": [ "residential" ] }, "geometry": { "type": "LineString", "coordinates": [ [ -123.25902, 44.59782 ], [ -123.25992, 44.59764 ] ] } },
{ "type": "Feature", "properties": { "component": 5, "name": [ "Northwest Maxine Circle" ], "highway": [ "residential" ] }, "geometry": { "type": "LineString", "coordinates": [ [ -123.25902, 44.59782 ], [ -123.25926, 44.59822 ] ] } },
{ "type": "Feature", "properties": { "component": 5, "name": [ "Northwest Maxine Circle" ], "highway": [ "residential" ] }, "geometry": { "type": "LineString", "coordinates": [ [ -123.25902, 44.59782 ], [ -123.25744, 44.59782 ] ] } },
{ "type": "Feature", "properties": { "component": 5, "name": [ "Northwest Antelope Place" ], "highway": [ "residential" ] }, "geometry": { "type": "LineString", "coordinates": [ [ -123.25992, 44.59764 ], [ -123.25902, 44.59782 ] ] } },
{ "type": "Feature", "properties": { "component": 0, "name": [ "Southwest 1st Street" ], "highway": [ "residential" ] }, "geometry": { "type": "LineString", "coordinates": [ [ -123.26034, 44.56086 ], [ -123.25984, 44.56184 ] ] } },
{ "type": "Feature", "properties": { "component": 0, "name": "['Southwest 1st Street' 'Southwest Washington Avenue']", "highway": [ "residential" ] }, "geometry": { "type": "LineString", "coordinates": [ [ -123.26034, 44.56086 ], [ -123.26084, 44.55994 ], [ -123.26186, 44.56014 ] ] } },
{ "type": "Feature", "properties": { "component": 0, "name": [ "Southwest Adams Avenue" ], "highway": [ "residential" ] }, "geometry": { "type": "LineString", "coordinates": [ [ -123.26242, 44.5614 ], [ -123.2635, 44.56168 ] ] } },
{ "type": "Feature", "properties": { "component": 0, "name": [ "Southwest Adams Avenue" ], "highway": [ "residential" ] }, "geometry": { "type": "LineString", "coordinates": [ [ -123.2635, 44.56168 ], [ -123.26456, 44.56196 ] ] } },
{ "type": "Feature", "properties": { "component": 0, "name": [ "Southwest Adams Avenue" ], "highway": [ "residential" ] }, "geometry": { "type": "LineString", "coordinates": [ [ -123.2635, 44.56168 ], [ -123.26242, 44.5614 ] ] } },
{ "type": "Feature", "properties": { "component": 0, "name": [ "Southwest Adams Avenue" ], "highway": [ "residential" ] }, "geometry": { "type": "LineString", "coordinates": [ [ -123.26456, 44.56196 ], [ -123.26556, 44.5622 ] ] } },
{ "type": "Feature", "properties": { "component": 0, "name": [ "Southwest Adams Avenue" ], "highway": [ "residential" ] }, "geometry": { "type": "LineString", "coordinates": [ [ -123.26456, 44.56196 ], [ -123.2635, 44.56168 ] ] } },
{ "type": "Feature", "properties": { "component": 0, "name": [ "Southwest Adams Avenue" ], "highway": [ "residential" ] }, "geometry": { "type": "LineString", "coordinates": [ [ -123.26668, 44.5625 ], [ -123.26774, 44.56276 ] ] } },
{ "type": "Feature", "properties": { "component": 0, "name": [ "Southwest Adams Avenue" ], "highway": [ "residential" ] }, "geometry": { "type": "LineString", "coordinates": [ [ -123.26668, 44.5625 ], [ -123.26568, 44.56224 ] ] } },
{ "type": "Feature", "properties": { "component": 0, "name": [ "Southwest 7th Street" ], "highway": [ "residential" ] }, "geometry": { "type": "LineString", "coordinates": [ [ -123.26668, 44.5625 ], [ -123.26616, 44.56348 ] ] } },
{ "type": "Feature", "properties": { "component": 0, "name": [ "Southwest 7th Street" ], "highway": [ "residential" ] }, "geometry": { "type": "LineString", "coordinates": [ [ -123.26668, 44.5625 ], [ -123.2672, 44.56152 ] ] } },
{ "type": "Feature", "properties": { "component": 0, "name": [ "Southwest 8th Street" ], "highway": [ "residential" ] }, "geometry": { "type": "LineString", "coordinates": [ [ -123.26774, 44.56276 ], [ -123.26724, 44.56376 ] ] } },
{ "type": "Feature", "properties": { "component": 0, "name": [ "Southwest 8th Street" ], "highway": [ "residential" ] }, "geometry": { "type": "LineString", "coordinates": [ [ -123.26774, 44.56276 ], [ -123.26822, 44.5618 ] ] } },
{ "type": "Feature", "properties": { "component": 0, "name": [ "Southwest Adams Avenue" ], "highway": [ "residential" ] }, "geometry": { "type": "LineString", "coordinates": [ [ -123.26774, 44.56276 ], [ -123.26878, 44.56304 ] ] } },
{ "type": "Feature", "properties": { "component": 0, "name": [ "Southwest Adams Avenue" ], "highway": [ "residential" ] }, "geometry": { "type": "LineString", "coordinates": [ [ -123.26774, 44.56276 ], [ -123.26668, 44.5625 ] ] } },
{ "type": "Feature", "properties": { "component": 0, "name": [ "Southwest Adams Avenue" ], "highway": [ "residential" ] }, "geometry": { "type": "LineString", "coordinates": [ [ -123.26878, 44.56304 ], [ -123.26984, 44.56332 ] ] } },
{ "type": "Feature", "properties": { "component": 0, "name": [ "Southwest Adams Avenue" ], "highway": [ "residential" ] }, "geometry": { "type": "LineString", "coordinates": [ [ -123.26878, 44.56304 ], [ -123.26774, 44.56276 ] ] } },
{ "type": "Feature", "properties": { "component": 0, "name": [ "Southwest 9th Street" ], "highway": [ "residential" ] }, "geometry": { "type": "LineString", "coordinates": [ [ -123.26878, 44.56304 ], [ -123.26828, 44.56402 ] ] } },
{ "type": "Feature", "properties": { "component": 0, "name": [ "Southwest 9th Street" ], "highway": [ "residential" ] }, "geometry": { "type": "LineString", "coordinates": [ [ -123.26878, 44.56304 ], [ -123.26928, 44.56208 ] ] } },
{ "type": "Feature", "properties": { "component": 0, "name": [ "Southwest 10th Street" ], "highway": [ "residential" ] }, "geometry": { "type": "LineString", "coordinates": [ [ -123.26984, 44.56332 ], [ -123.26936, 44.56428 ] ] } },
{ "type": "Feature", "properties": { "component": 0, "name": [ "Southwest 10th Street" ], "highway": [ "residential" ] }, "geometry": { "type": "LineString", "coordinates": [ [ -123.26984, 44.56332 ], [ -123.27032, 44.56238 ] ] } },
{ "type": "Feature", "properties": { "component": 0, "name": [ "Southwest Adams Avenue" ], "highway": [ "residential" ] }, "geometry": { "type": "LineString", "coordinates": [ [ -123.26984, 44.56332 ], [ -123.27086, 44.56356 ] ] } },
{ "type": "Feature", "properties": { "component": 0, "name": [ "Southwest Adams Avenue" ], "highway": [ "residential" ] }, "geometry": { "type": "LineString", "coordinates": [ [ -123.26984, 44.56332 ], [ -123.26878, 44.56304 ] ] } },
{ "type": "Feature", "properties": { "component": 0, "name": [ "Southwest 11th Street" ], "highway": [ "residential" ] }, "geometry": { "type": "LineString", "coordinates": [ [ -123.27086, 44.56356 ], [ -123.27036, 44.56456 ] ] } },
{ "type": "Feature", "properties": { "component": 0, "name": [ "Southwest 11th Street" ], "highway": [ "residential" ] }, "geometry": { "type": "LineString", "coordinates": [ [ -123.27086, 44.56356 ], [ -123.27134, 44.56258 ] ] } },
{ "type": "Feature", "properties": { "component": 0, "name": "['Southwest 13th Street' 'Southwest Adams Avenue']", "highway": [ "residential" ] }, "geometry": { "type": "LineString", "coordinates": [ [ -123.27086, 44.56356 ], [ -123.27216, 44.56338 ] ] } },
{ "type": "Feature", "properties": { "component": 0, "name": [ "Southwest Adams Avenue" ], "highway": [ "residential" ] }, "geometry": { "type": "LineString", "coordinates": [ [ -123.27086, 44.56356 ], [ -123.26984, 44.56332 ] ] } },
{ "type": "Feature", "properties": { "component": 9, "name": [ "Southeast Powell Place" ], "highway": [ "residential" ] }, "geometry": { "type": "LineString", "coordinates": [ [ -123.26132, 44.54086 ], [ -123.26142, 44.54162 ] ] } },
{ "type": "Feature", "properties": { "component": 9, "name": [ "Southeast Powell Avenue" ], "highway": [ "residential" ] }, "geometry": { "type": "LineString", "coordinates": [ [ -123.26132, 44.54086 ], [ -123.26242, 44.5408 ] ] } },
{ "type": "Feature", "properties": { "component": 9, "name": [ "Southeast Powell Avenue" ], "highway": [ "residential" ] }, "geometry": { "type": "LineString", "coordinates": [ [ -123.26132, 44.54086 ], [ -123.26042, 44.54096 ] ] } },
{ "type": "Feature", "properties": { "component": 9, "name": [ "Southeast Powell Place" ], "highway": [ "residential" ] }, "geometry": { "type": "LineString", "coordinates": [ [ -123.26142, 44.54162 ], [ -123.26132, 44.54086 ] ] } },
{ "type": "Feature", "properties": { "component": 4, "name": [ "Southwest Fairhaven Court" ], "highway": [ "residential" ] }, "geometry": { "type": "LineString", "coordinates": [ [ -123.29542, 44.54226 ], [ -123.29562, 44.54222 ] ] } },
{ "type": "Feature", "properties": { "component": 4, "name": [ "Southwest Fairhaven Drive" ], "highway": [ "residential" ] }, "geometry": { "type": "LineString", "coordinates": [ [ -123.29542, 44.54226 ], [ -123.2939, 44.54306 ], [ -123.28958, 44.54308 ] ] } },
{ "type": "Feature", "properties": { "component": 4, "name": [ "Southwest Fairhaven Drive" ], "highway": [ "residential" ] }, "geometry": { "type": "LineString", "coordinates": [ [ -123.29542, 44.54226 ], [ -123.29484, 44.54188 ] ] } },
{ "type": "Feature", "properties": { "component": 4, "name": [ "Southwest Fairhaven Court" ], "highway": [ "residential" ] }, "geometry": { "type": "LineString", "coordinates": [ [ -123.29562, 44.54222 ], [ -123.29542, 44.54226 ] ] } },
{ "type": "Feature", "properties": { "component": 4, "name": [ "Southwest Fairhaven Court" ], "highway": [ "residential" ] }, "geometry": { "type": "LineString", "coordinates": [ [ -123.29562, 44.54222 ], [ -123.29628, 44.54236 ] ] } },
{ "type": "Feature", "properties": { "component": 4, "name": [ "Southwest Fairhaven Court" ], "highway": [ "residential" ] }, "geometry": { "type": "LineString", "coordinates": [ [ -123.29562, 44.54222 ], [ -123.29592, 44.54192 ] ] } },
{ "type": "Feature", "properties": { "component": 4, "name": [ "Southwest Fairhaven Court" ], "highway": [ "residential" ] }, "geometry": { "type": "LineString", "coordinates": [ [ -123.29592, 44.54192 ], [ -123.2956, 44.5415 ] ] } },
{ "type": "Feature", "properties": { "component": 4, "name": [ "Southwest Fairhaven Court" ], "highway": [ "residential" ] }, "geometry": { "type": "LineString", "coordinates": [ [ -123.29592, 44.54192 ], [ -123.29628, 44.54236 ] ] } },
{ "type": "Feature", "properties": { "component": 4, "name": [ "Southwest Fairhaven Court" ], "highway": [ "residential" ] }, "geometry": { "type": "LineString", "coordinates": [ [ -123.29592, 44.54192 ], [ -123.29562, 44.54222 ] ] } },
{ "type": "Feature", "properties": { "component": 4, "name": [ "Southwest Fairhaven Court" ], "highway": [ "residential" ] }, "geometry": { "type": "LineString", "coordinates": [ [ -123.2956, 44.5415 ], [ -123.29592, 44.54192 ] ] } },
{ "type": "Feature", "properties": { "component": 4, "name": [ "Southwest Fairhaven Court" ], "highway": [ "residential" ] }, "geometry": { "type": "LineString", "coordinates": [ [ -123.29652, 44.54268 ], [ -123.29628, 44.54236 ] ] } },
{ "type": "Feature", "properties": { "component": 4, "name": [ "Southwest Fairhaven Court" ], "highway": [ "residential" ] }, "geometry": { "type": "LineString", "coordinates": [ [ -123.29628, 44.54236 ], [ -123.29592, 44.54192 ] ] } },
{ "type": "Feature", "properties": { "component": 4, "name": [ "Southwest Fairhaven Court" ], "highway": [ "residential" ] }, "geometry": { "type": "LineString", "coordinates": [ [ -123.29628, 44.54236 ], [ -123.29652, 44.54268 ] ] } },
{ "type": "Feature", "properties": { "component": 4, "name": [ "Southwest Fairhaven Court" ], "highway": [ "residential" ] }, "geometry": { "type": "LineString", "coordinates": [ [ -123.29628, 44.54236 ], [ -123.29562, 44.54222 ] ] } },
{ "type": "Feature", "properties": { "component": 0, "name": [ "Northwest Jackson Avenue" ], "highway": [ "residential" ] }, "geometry": { "type": "LineString", "coordinates": [ [ -123.28098, 44.56978 ], [ -123.28138, 44.56976 ] ] } },
{ "type": "Feature", "properties": { "component": 0, "name": [ "Northwest Van Buren Avenue" ], "highway": [ "residential" ] }, "geometry": { "type": "LineString", "coordinates": [ [ -123.28228, 44.57086 ], [ -123.28264, 44.5708 ] ] } },
{ "type": "Feature", "properties": { "component": 0, "name": "['Northwest 27th Street' 'Northwest Short Street']", "highway": [ "residential" ] }, "geometry": { "type": "LineString", "coordinates": [ [ -123.28228, 44.57086 ], [ -123.28112, 44.57108 ], [ -123.28102, 44.57038 ] ] } },
{ "type": "Feature", "properties": { "component": 0, "name": [ "Northwest 28th Street" ], "highway": [ "residential" ] }, "geometry": { "type": "LineString", "coordinates": [ [ -123.28262, 44.57112 ], [ -123.28264, 44.5708 ] ] } },
{ "type": "Feature", "properties": { "component": 9, "name": [ "Southeast Richland Avenue" ], "highway": [ "residential" ] }, "geometry": { "type": "LineString", "coordinates": [ [ -123.26618, 44.54244 ], [ -123.26044, 44.54248 ] ] } },
{ "type": "Feature", "properties": { "component": 9, "name": [ "Southeast Viewmont Avenue" ], "highway": [ "residential" ] }, "geometry": { "type": "LineString", "coordinates": [ [ -123.26604, 44.54366 ], [ -123.26044, 44.54366 ] ] } },
{ "type": "Feature", "properties": { "component": 0, "name": [ "Southwest B Avenue" ], "highway": [ "residential" ] }, "geometry": { "type": "LineString", "coordinates": [ [ -123.26394, 44.55844 ], [ -123.265, 44.55872 ] ] } },
{ "type": "Feature", "properties": { "component": 0, "name": [ "Southwest B Avenue" ], "highway": [ "residential" ] }, "geometry": { "type": "LineString", "coordinates": [ [ -123.26394, 44.55844 ], [ -123.26286, 44.55816 ] ] } },
{ "type": "Feature", "properties": { "component": 0, "name": [ "Southwest Washington Avenue" ], "highway": [ "residential" ] }, "geometry": { "type": "LineString", "coordinates": [ [ -123.26292, 44.56042 ], [ -123.26186, 44.56014 ] ] } },
{ "type": "Feature", "properties": { "component": 0, "name": [ "Southwest 9th Street" ], "highway": [ "residential" ] }, "geometry": { "type": "LineString", "coordinates": [ [ -123.26928, 44.56208 ], [ -123.26878, 44.56304 ] ] } },
{ "type": "Feature", "properties": { "component": 0, "name": [ "Southwest 9th Street" ], "highway": [ "residential" ] }, "geometry": { "type": "LineString", "coordinates": [ [ -123.26828, 44.56402 ], [ -123.26878, 44.56304 ] ] } },
{ "type": "Feature", "properties": { "component": 0, "name": [ "Southwest Madison Avenue" ], "highway": [ "residential" ] }, "geometry": { "type": "LineString", "coordinates": [ [ -123.26776, 44.56498 ], [ -123.26986, 44.56554 ] ] } },
{ "type": "Feature", "properties": { "component": 0, "name": [ "Southwest Madison Avenue" ], "highway": [ "residential" ] }, "geometry": { "type": "LineString", "coordinates": [ [ -123.26776, 44.56498 ], [ -123.26672, 44.56472 ] ] } },
{ "type": "Feature", "properties": { "component": 6, "name": [ "Northwest Bittersweet Place" ], "highway": [ "residential" ] }, "geometry": { "type": "LineString", "coordinates": [ [ -123.29658, 44.59664 ], [ -123.29622, 44.59628 ] ] } },
{ "type": "Feature", "properties": { "component": 6, "name": [ "Northwest Tamarack Drive" ], "highway": [ "residential" ] }, "geometry": { "type": "LineString", "coordinates": [ [ -123.29658, 44.59664 ], [ -123.29726, 44.59618 ] ] } },
{ "type": "Feature", "properties": { "component": 6, "name": [ "Northwest Tamarack Drive" ], "highway": [ "residential" ] }, "geometry": { "type": "LineString", "coordinates": [ [ -123.29658, 44.59664 ], [ -123.29606, 44.59694 ] ] } },
{ "type": "Feature", "properties": { "component": 6, "name": [ "Northwest Bittersweet Place" ], "highway": [ "residential" ] }, "geometry": { "type": "LineString", "coordinates": [ [ -123.29622, 44.59628 ], [ -123.29658, 44.59664 ] ] } },
{ "type": "Feature", "properties": { "component": 0, "name": [ "Northwest Arthur Place" ], "highway": [ "residential" ] }, "geometry": { "type": "LineString", "coordinates": [ [ -123.27488, 44.5838 ], [ -123.27502, 44.58422 ], [ -123.27602, 44.58438 ] ] } },
{ "type": "Feature", "properties": { "component": 0, "name": [ "Northwest Jackson Avenue" ], "highway": [ "residential" ] }, "geometry": { "type": "LineString", "coordinates": [ [ -123.26252, 44.56588 ], [ -123.26352, 44.56614 ] ] } },
{ "type": "Feature", "properties": { "component": 0, "name": [ "Northwest Tyler Avenue" ], "highway": [ "residential" ] }, "geometry": { "type": "LineString", "coordinates": [ [ -123.261, 44.56882 ], [ -123.262, 44.56908 ] ] } },
{ "type": "Feature", "properties": { "component": 0, "name": [ "Northwest Tyler Avenue" ], "highway": [ "residential" ] }, "geometry": { "type": "LineString", "coordinates": [ [ -123.261, 44.56882 ], [ -123.25994, 44.56856 ] ] } },
{ "type": "Feature", "properties": { "component": 0, "name": "['Northwest Polk Avenue' 'Northwest 6th Street']", "highway": [ "residential" ] }, "geometry": { "type": "LineString", "coordinates": [ [ -123.2605, 44.56982 ], [ -123.26146, 44.57006 ], [ -123.262, 44.56908 ] ] } },
{ "type": "Feature", "properties": { "component": 0, "name": [ "Northwest Polk Avenue" ], "highway": [ "residential" ] }, "geometry": { "type": "LineString", "coordinates": [ [ -123.2605, 44.56982 ], [ -123.25944, 44.56954 ] ] } },
{ "type": "Feature", "properties": { "component": 7, "name": [ "Northwest Foxtail Street" ], "highway": [ "residential" ] }, "geometry": { "type": "LineString", "coordinates": [ [ -123.287, 44.59904 ], [ -123.28732, 44.59942 ] ] } },
{ "type": "Feature", "properties": { "component": 7, "name": [ "Northwest Foxtail Street" ], "highway": [ "residential" ] }, "geometry": { "type": "LineString", "coordinates": [ [ -123.287, 44.59904 ], [ -123.28654, 44.59856 ] ] } },
{ "type": "Feature", "properties": { "component": 7, "name": [ "Northwest Huckleberry Drive" ], "highway": [ "residential" ] }, "geometry": { "type": "LineString", "coordinates": [ [ -123.287, 44.59904 ], [ -123.28804, 44.59872 ] ] } },
{ "type": "Feature", "properties": { "component": 7, "name": [ "Northwest Huckleberry Drive" ], "highway": [ "residential" ] }, "geometry": { "type": "LineString", "coordinates": [ [ -123.287, 44.59904 ], [ -123.2862, 44.5994 ] ] } },
{ "type": "Feature", "properties": { "component": 7, "name": [ "Northwest Foxtail Street" ], "highway": [ "residential" ] }, "geometry": { "type": "LineString", "coordinates": [ [ -123.28732, 44.59942 ], [ -123.2879, 44.60056 ] ] } },
{ "type": "Feature", "properties": { "component": 7, "name": [ "Northwest Poppy Drive" ], "highway": [ "residential" ] }, "geometry": { "type": "LineString", "coordinates": [ [ -123.28732, 44.59942 ], [ -123.28616, 44.60032 ], [ -123.2879, 44.60056 ] ] } },
{ "type": "Feature", "properties": { "component": 7, "name": [ "Northwest Foxtail Street" ], "highway": [ "residential" ] }, "geometry": { "type": "LineString", "coordinates": [ [ -123.28732, 44.59942 ], [ -123.287, 44.59904 ] ] } },
{ "type": "Feature", "properties": { "component": 7, "name": [ "Northwest Foxtail Street" ], "highway": [ "residential" ] }, "geometry": { "type": "LineString", "coordinates": [ [ -123.2879, 44.60056 ], [ -123.28732, 44.59942 ] ] } },
{ "type": "Feature", "properties": { "component": 7, "name": [ "Northwest Poppy Drive" ], "highway": [ "residential" ] }, "geometry": { "type": "LineString", "coordinates": [ [ -123.2879, 44.60056 ], [ -123.28616, 44.60032 ], [ -123.28732, 44.59942 ] ] } },
{ "type": "Feature", "properties": { "component": 7, "name": [ "Northwest Poppy Drive" ], "highway": [ "residential" ] }, "geometry": { "type": "LineString", "coordinates": [ [ -123.2879, 44.60056 ], [ -123.28848, 44.6007 ], [ -123.2886, 44.60126 ] ] } },
{ "type": "Feature", "properties": { "component": 6, "name": [ "Northwest Fireweed Place" ], "highway": [ "residential" ] }, "geometry": { "type": "LineString", "coordinates": [ [ -123.29576, 44.59432 ], [ -123.29632, 44.5937 ] ] } },
{ "type": "Feature", "properties": { "component": 6, "name": [ "Northwest Tamarack Drive" ], "highway": [ "residential" ] }, "geometry": { "type": "LineString", "coordinates": [ [ -123.29576, 44.59432 ], [ -123.29484, 44.59416 ] ] } },
{ "type": "Feature", "properties": { "component": 6, "name": [ "Northwest Tamarack Drive" ], "highway": [ "residential" ] }, "geometry": { "type": "LineString", "coordinates": [ [ -123.29576, 44.59432 ], [ -123.29668, 44.59456 ] ] } },
{ "type": "Feature", "properties": { "component": 6, "name": [ "Northwest Fireweed Place" ], "highway": [ "residential" ] }, "geometry": { "type": "LineString", "coordinates": [ [ -123.29632, 44.5937 ], [ -123.29576, 44.59432 ] ] } },
{ "type": "Feature", "properties": { "component": 0, "name": [ "Northwest Woodland Drive" ], "highway": [ "residential" ] }, "geometry": { "type": "LineString", "coordinates": [ [ -123.29598, 44.5882 ], [ -123.29448, 44.58976 ] ] } },
{ "type": "Feature", "properties": { "component": 0, "name": [ "Northwest Woodland Drive" ], "highway": [ "residential" ] }, "geometry": { "type": "LineString", "coordinates": [ [ -123.29598, 44.5882 ], [ -123.29582, 44.58754 ] ] } },
{ "type": "Feature", "properties": { "component": 0, "name": [ "Northwest Myrtlewood Way" ], "highway": [ "residential" ] }, "geometry": { "type": "LineString", "coordinates": [ [ -123.29598, 44.5882 ], [ -123.29686, 44.58838 ] ] } },
{ "type": "Feature", "properties": { "component": 0, "name": [ "Northwest Woodland Drive" ], "highway": [ "residential" ] }, "geometry": { "type": "LineString", "coordinates": [ [ -123.29448, 44.58976 ], [ -123.29598, 44.5882 ] ] } },
{ "type": "Feature", "properties": { "component": 0, "name": [ "Northwest Elmwood Drive" ], "highway": [ "residential" ] }, "geometry": { "type": "LineString", "coordinates": [ [ -123.29448, 44.58976 ], [ -123.29426, 44.59006 ] ] } },
{ "type": "Feature", "properties": { "component": 0, "name": [ "Northwest Woodland Drive" ], "highway": [ "residential" ] }, "geometry": { "type": "LineString", "coordinates": [ [ -123.2962, 44.5826 ], [ -123.29512, 44.58342 ], [ -123.29542, 44.5841 ] ] } },
{ "type": "Feature", "properties": { "component": 0, "name": [ "Northwest Woodland Drive" ], "highway": [ "residential" ] }, "geometry": { "type": "LineString", "coordinates": [ [ -123.29542, 44.5841 ], [ -123.2961, 44.5844 ] ] } },
{ "type": "Feature", "properties": { "component": 0, "name": [ "Northwest Woodland Drive" ], "highway": [ "residential" ] }, "geometry": { "type": "LineString", "coordinates": [ [ -123.29542, 44.5841 ], [ -123.29512, 44.58342 ], [ -123.2962, 44.5826 ] ] } },
{ "type": "Feature", "properties": { "component": 0, "name": [ "Northwest Jameson Drive" ], "highway": [ "residential" ] }, "geometry": { "type": "LineString", "coordinates": [ [ -123.29542, 44.5841 ], [ -123.29488, 44.58458 ], [ -123.29526, 44.58518 ], [ -123.2949, 44.5858 ], [ -123.29294, 44.58574 ] ] } },
{ "type": "Feature", "properties": { "component": 0, "name": [ "Northwest Woodland Drive" ], "highway": [ "residential" ] }, "geometry": { "type": "LineString", "coordinates": [ [ -123.2961, 44.5844 ], [ -123.29646, 44.58508 ] ] } },
{ "type": "Feature", "properties": { "component": 0, "name": [ "Northwest Woodland Drive" ], "highway": [ "residential" ] }, "geometry": { "type": "LineString", "coordinates": [ [ -123.2961, 44.5844 ], [ -123.29542, 44.5841 ] ] } },
{ "type": "Feature", "properties": { "component": 0, "name": [ "Northwest Morgan Place" ], "highway": [ "residential" ] }, "geometry": { "type": "LineString", "coordinates": [ [ -123.2961, 44.5844 ], [ -123.29636, 44.58424 ] ] } },
{ "type": "Feature", "properties": { "component": 0, "name": [ "Northwest Woodland Drive" ], "highway": [ "residential" ] }, "geometry": { "type": "LineString", "coordinates": [ [ -123.29646, 44.58508 ], [ -123.29624, 44.5859 ] ] } },
{ "type": "Feature", "properties": { "component": 0, "name": [ "Northwest Woodland Drive" ], "highway": [ "residential" ] }, "geometry": { "type": "LineString", "coordinates": [ [ -123.29646, 44.58508 ], [ -123.2961, 44.5844 ] ] } },
{ "type": "Feature", "properties": { "component": 0, "name": [ "Northwest Houston Place" ], "highway": [ "residential" ] }, "geometry": { "type": "LineString", "coordinates": [ [ -123.29646, 44.58508 ], [ -123.29702, 44.58514 ] ] } },
{ "type": "Feature", "properties": { "component": 0, "name": [ "Northwest Douglas Avenue" ], "highway": [ "residential" ] }, "geometry": { "type": "LineString", "coordinates": [ [ -123.29624, 44.5859 ], [ -123.29716, 44.58606 ] ] } },
{ "type": "Feature", "properties": { "component": 0, "name": [ "Northwest Woodland Drive" ], "highway": [ "residential" ] }, "geometry": { "type": "LineString", "coordinates": [ [ -123.29624, 44.5859 ], [ -123.29564, 44.58672 ] ] } },
{ "type": "Feature", "properties": { "component": 0, "name": [ "Northwest Woodland Drive" ], "highway": [ "residential" ] }, "geometry": { "type": "LineString", "coordinates": [ [ -123.29624, 44.5859 ], [ -123.29646, 44.58508 ] ] } },
{ "type": "Feature", "properties": { "component": 0, "name": [ "Northwest Woodland Drive" ], "highway": [ "residential" ] }, "geometry": { "type": "LineString", "coordinates": [ [ -123.29564, 44.58672 ], [ -123.29582, 44.58754 ] ] } },
{ "type": "Feature", "properties": { "component": 0, "name": [ "Northwest Woodland Drive" ], "highway": [ "residential" ] }, "geometry": { "type": "LineString", "coordinates": [ [ -123.29564, 44.58672 ], [ -123.29624, 44.5859 ] ] } },
{ "type": "Feature", "properties": { "component": 0, "name": [ "Northwest Woodland Drive" ], "highway": [ "residential" ] }, "geometry": { "type": "LineString", "coordinates": [ [ -123.29564, 44.58672 ], [ -123.29516, 44.58672 ] ] } },
{ "type": "Feature", "properties": { "component": 0, "name": [ "Northwest Woodland Drive" ], "highway": [ "residential" ] }, "geometry": { "type": "LineString", "coordinates": [ [ -123.29582, 44.58754 ], [ -123.29598, 44.5882 ] ] } },
{ "type": "Feature", "properties": { "component": 0, "name": [ "Northwest Woodland Drive" ], "highway": [ "residential" ] }, "geometry": { "type": "LineString", "coordinates": [ [ -123.29582, 44.58754 ], [ -123.29564, 44.58672 ] ] } },
{ "type": "Feature", "properties": { "component": 0, "name": [ "Northwest Woodland Place" ], "highway": [ "residential" ] }, "geometry": { "type": "LineString", "coordinates": [ [ -123.29582, 44.58754 ], [ -123.29518, 44.58756 ] ] } },
{ "type": "Feature", "properties": { "component": 0, "name": [ "Northwest Woodland Drive" ], "highway": [ "residential" ] }, "geometry": { "type": "LineString", "coordinates": [ [ -123.29516, 44.58672 ], [ -123.29564, 44.58672 ] ] } },
{ "type": "Feature", "properties": { "component": 0, "name": [ "Northwest Arthur Avenue" ], "highway": [ "residential" ] }, "geometry": { "type": "LineString", "coordinates": [ [ -123.28, 44.58482 ], [ -123.28, 44.58444 ] ] } },
{ "type": "Feature", "properties": { "component": 0, "name": [ "Northwest Arthur Avenue" ], "highway": [ "residential" ] }, "geometry": { "type": "LineString", "coordinates": [ [ -123.28, 44.58444 ], [ -123.28, 44.58482 ] ] } },
{ "type": "Feature", "properties": { "component": 0, "name": [ "Northwest Arthur Avenue" ], "highway": [ "residential" ] }, "geometry": { "type": "LineString", "coordinates": [ [ -123.28, 44.58444 ], [ -123.28114, 44.58444 ] ] } },
{ "type": "Feature", "properties": { "component": 0, "name": [ "Northwest Arthur Avenue" ], "highway": [ "residential" ] }, "geometry": { "type": "LineString", "coordinates": [ [ -123.28, 44.58444 ], [ -123.27886, 44.58442 ] ] } },
{ "type": "Feature", "properties": { "component": 0, "name": [ "Northwest Arthur Avenue" ], "highway": [ "residential" ] }, "geometry": { "type": "LineString", "coordinates": [ [ -123.27886, 44.58482 ], [ -123.27886, 44.58442 ] ] } },
{ "type": "Feature", "properties": { "component": 0, "name": [ "Northwest Arthur Avenue" ], "highway": [ "residential" ] }, "geometry": { "type": "LineString", "coordinates": [ [ -123.27886, 44.58442 ], [ -123.27886, 44.58482 ] ] } },
{ "type": "Feature", "properties": { "component": 0, "name": [ "Northwest Arthur Avenue" ], "highway": [ "residential" ] }, "geometry": { "type": "LineString", "coordinates": [ [ -123.27886, 44.58442 ], [ -123.28, 44.58444 ] ] } },
{ "type": "Feature", "properties": { "component": 0, "name": [ "Northwest Arthur Avenue" ], "highway": [ "residential" ] }, "geometry": { "type": "LineString", "coordinates": [ [ -123.27886, 44.58442 ], [ -123.27772, 44.58442 ] ] } },
{ "type": "Feature", "properties": { "component": 0, "name": [ "Northwest Arthur Avenue" ], "highway": [ "residential" ] }, "geometry": { "type": "LineString", "coordinates": [ [ -123.27602, 44.58438 ], [ -123.27772, 44.58442 ] ] } },
{ "type": "Feature", "properties": { "component": 0, "name": [ "Northwest Arthur Place" ], "highway": [ "residential" ] }, "geometry": { "type": "LineString", "coordinates": [ [ -123.27602, 44.58438 ], [ -123.27502, 44.58422 ], [ -123.27488, 44.5838 ] ] } },
{ "type": "Feature", "properties": { "component": 0, "name": [ "Northwest Arthur Avenue" ], "highway": [ "residential" ] }, "geometry": { "type": "LineString", "coordinates": [ [ -123.27772, 44.58442 ], [ -123.27886, 44.58442 ] ] } },
{ "type": "Feature", "properties": { "component": 0, "name": [ "Northwest 23rd Street" ], "highway": [ "residential" ] }, "geometry": { "type": "LineString", "coordinates": [ [ -123.27772, 44.58442 ], [ -123.27772, 44.58506 ] ] } },
{ "type": "Feature", "properties": { "component": 0, "name": [ "Northwest 23rd Street" ], "highway": [ "residential" ] }, "geometry": { "type": "LineString", "coordinates": [ [ -123.27772, 44.58442 ], [ -123.2777, 44.583 ] ] } },
{ "type": "Feature", "properties": { "component": 0, "name": [ "Northwest Arthur Avenue" ], "highway": [ "residential" ] }, "geometry": { "type": "LineString", "coordinates": [ [ -123.27772, 44.58442 ], [ -123.27602, 44.58438 ] ] } },
{ "type": "Feature", "properties": { "component": 0, "name": [ "Northwest Arthur Avenue" ], "highway": [ "residential" ] }, "geometry": { "type": "LineString", "coordinates": [ [ -123.28114, 44.58444 ], [ -123.28, 44.58444 ] ] } },
{ "type": "Feature", "properties": { "component": 0, "name": [ "Northwest Arthur Avenue" ], "highway": [ "residential" ] }, "geometry": { "type": "LineString", "coordinates": [ [ -123.28114, 44.58444 ], [ -123.2831, 44.58446 ] ] } },
{ "type": "Feature", "properties": { "component": 0, "name": [ "Northwest 27th Street" ], "highway": [ "residential" ] }, "geometry": { "type": "LineString", "coordinates": [ [ -123.28114, 44.58444 ], [ -123.28118, 44.5864 ] ] } },
{ "type": "Feature", "properties": { "component": 0, "name": [ "Northwest 27th Street" ], "highway": [ "residential" ] }, "geometry": { "type": "LineString", "coordinates": [ [ -123.28114, 44.58444 ], [ -123.28114, 44.58304 ] ] } },
{ "type": "Feature", "properties": { "component": 0, "name": "['Northwest Arthur Avenue' 'Northwest Hawthorn Place']", "highway": [ "residential" ] }, "geometry": { "type": "LineString", "coordinates": [ [ -123.2831, 44.58446 ], [ -123.28392, 44.5845 ], [ -123.28462, 44.58566 ] ] } },
{ "type": "Feature", "properties": { "component": 0, "name": [ "Northwest Arthur Avenue" ], "highway": [ "residential" ] }, "geometry": { "type": "LineString", "coordinates": [ [ -123.2831, 44.58446 ], [ -123.28114, 44.58444 ] ] } },
{ "type": "Feature", "properties": { "component": 0, "name": [ "Northwest Arthur Avenue" ], "highway": [ "residential" ] }, "geometry": { "type": "LineString", "coordinates": [ [ -123.27034, 44.58432 ], [ -123.27142, 44.58432 ] ] } },
{ "type": "Feature", "properties": { "component": 0, "name": [ "Northwest Menlo Drive" ], "highway": [ "residential" ] }, "geometry": { "type": "LineString", "coordinates": [ [ -123.27034, 44.58432 ], [ -123.27038, 44.58628 ] ] } },
{ "type": "Feature", "properties": { "component": 0, "name": [ "Northwest Menlo Drive" ], "highway": [ "residential" ] }, "geometry": { "type": "LineString", "coordinates": [ [ -123.27034, 44.58432 ], [ -123.26978, 44.58368 ], [ -123.26826, 44.58366 ] ] } },
{ "type": "Feature", "properties": { "component": 0, "name": [ "Northwest Arthur Avenue" ], "highway": [ "residential" ] }, "geometry": { "type": "LineString", "coordinates": [ [ -123.27142, 44.58432 ], [ -123.27246, 44.5843 ] ] } },
{ "type": "Feature", "properties": { "component": 0, "name": [ "Northwest Arthur Avenue" ], "highway": [ "residential" ] }, "geometry": { "type": "LineString", "coordinates": [ [ -123.27142, 44.58432 ], [ -123.27034, 44.58432 ] ] } },
{ "type": "Feature", "properties": { "component": 0, "name": [ "Northwest 17th Street" ], "highway": [ "residential" ] }, "geometry": { "type": "LineString", "coordinates": [ [ -123.27142, 44.58432 ], [ -123.27142, 44.58628 ] ] } },
{ "type": "Feature", "properties": { "component": 0, "name": [ "Northwest 17th Street" ], "highway": [ "residential" ] }, "geometry": { "type": "LineString", "coordinates": [ [ -123.27142, 44.58432 ], [ -123.2714, 44.58302 ] ] } },
{ "type": "Feature", "properties": { "component": 0, "name": [ "Northwest Arthur Avenue" ], "highway": [ "residential" ] }, "geometry": { "type": "LineString", "coordinates": [ [ -123.27246, 44.5843 ], [ -123.27142, 44.58432 ] ] } },
{ "type": "Feature", "properties": { "component": 0, "name": [ "Northwest Arthur Circle" ], "highway": [ "residential" ] }, "geometry": { "type": "LineString", "coordinates": [ [ -123.27246, 44.5843 ], [ -123.27272, 44.58642 ], [ -123.2735, 44.58598 ], [ -123.2735, 44.58422 ] ] } },
{ "type": "Feature", "properties": { "component": 0, "name": [ "Northwest Arthur Circle" ], "highway": [ "residential" ] }, "geometry": { "type": "LineString", "coordinates": [ [ -123.27246, 44.5843 ], [ -123.27254, 44.5838 ], [ -123.27344, 44.5838 ], [ -123.2735, 44.58422 ] ] } },
{ "type": "Feature", "properties": { "component": 0, "name": [ "Northwest Arthur Avenue" ], "highway": [ "residential" ] }, "geometry": { "type": "LineString", "coordinates": [ [ -123.2735, 44.58422 ], [ -123.27408, 44.5842 ] ] } },
{ "type": "Feature", "properties": { "component": 0, "name": [ "Northwest Arthur Circle" ], "highway": [ "residential" ] }, "geometry": { "type": "LineString", "coordinates": [ [ -123.2735, 44.58422 ], [ -123.27344, 44.5838 ], [ -123.27254, 44.5838 ], [ -123.27246, 44.5843 ] ] } },
{ "type": "Feature", "properties": { "component": 0, "name": [ "Northwest Arthur Circle" ], "highway": [ "residential" ] }, "geometry": { "type": "LineString", "coordinates": [ [ -123.2735, 44.58422 ], [ -123.2735, 44.58598 ], [ -123.27272, 44.58642 ], [ -123.27246, 44.5843 ] ] } },
{ "type": "Feature", "properties": { "component": 0, "name": [ "Northwest Arthur Avenue" ], "highway": [ "residential" ] }, "geometry": { "type": "LineString", "coordinates": [ [ -123.27408, 44.5842 ], [ -123.2735, 44.58422 ] ] } },
{ "type": "Feature", "properties": { "component": 4, "name": [ "Southwest Fairmont Drive" ], "highway": [ "residential" ] }, "geometry": { "type": "LineString", "coordinates": [ [ -123.29332, 44.54148 ], [ -123.29336, 44.53798 ] ] } },
{ "type": "Feature", "properties": { "component": 4, "name": [ "Southwest Fairhaven Drive" ], "highway": [ "residential" ] }, "geometry": { "type": "LineString", "coordinates": [ [ -123.29332, 44.54148 ], [ -123.29354, 44.54226 ], [ -123.29484, 44.54188 ] ] } },
{ "type": "Feature", "properties": { "component": 4, "name": [ "Southwest Fairhaven Drive" ], "highway": [ "residential" ] }, "geometry": { "type": "LineString", "coordinates": [ [ -123.29332, 44.54148 ], [ -123.29482, 44.5414 ] ] } },
{ "type": "Feature", "properties": { "component": 4, "name": [ "Southwest Fairmont Drive" ], "highway": [ "residential" ] }, "geometry": { "type": "LineString", "coordinates": [ [ -123.29336, 44.53798 ], [ -123.29332, 44.54148 ] ] } },
{ "type": "Feature", "properties": { "component": 4, "name": [ "Southwest Agate Avenue" ], "highway": [ "residential" ] }, "geometry": { "type": "LineString", "coordinates": [ [ -123.29336, 44.53798 ], [ -123.2947, 44.53802 ] ] } },
{ "type": "Feature", "properties": { "component": 0, "name": [ "Northwest Sylvan Drive" ], "highway": [ "residential" ] }, "geometry": { "type": "LineString", "coordinates": [ [ -123.29302, 44.57988 ], [ -123.29282, 44.5804 ] ] } },
{ "type": "Feature", "properties": { "component": 0, "name": [ "Northwest Sylvan Drive" ], "highway": [ "residential" ] }, "geometry": { "type": "LineString", "coordinates": [ [ -123.29282, 44.5804 ], [ -123.29098, 44.58162 ] ] } },
{ "type": "Feature", "properties": { "component": 0, "name": [ "Northwest Forest Drive" ], "highway": [ "residential" ] }, "geometry": { "type": "LineString", "coordinates": [ [ -123.29282, 44.5804 ], [ -123.29148, 44.58008 ], [ -123.29098, 44.58162 ] ] } },
{ "type": "Feature", "properties": { "component": 0, "name": [ "Northwest Sylvan Drive" ], "highway": [ "residential" ] }, "geometry": { "type": "LineString", "coordinates": [ [ -123.29282, 44.5804 ], [ -123.29302, 44.57988 ] ] } },
{ "type": "Feature", "properties": { "component": 0, "name": [ "Northwest Sylvan Drive" ], "highway": [ "residential" ] }, "geometry": { "type": "LineString", "coordinates": [ [ -123.29098, 44.58162 ], [ -123.29096, 44.58182 ] ] } },
{ "type": "Feature", "properties": { "component": 0, "name": [ "Northwest Sylvan Drive" ], "highway": [ "residential" ] }, "geometry": { "type": "LineString", "coordinates": [ [ -123.29098, 44.58162 ], [ -123.29282, 44.5804 ] ] } },
{ "type": "Feature", "properties": { "component": 0, "name": [ "Northwest Forest Drive" ], "highway": [ "residential" ] }, "geometry": { "type": "LineString", "coordinates": [ [ -123.29098, 44.58162 ], [ -123.29148, 44.58008 ], [ -123.29282, 44.5804 ] ] } },
{ "type": "Feature", "properties": { "component": 0, "name": [ "Northwest Hayes Avenue" ], "highway": [ "residential" ] }, "geometry": { "type": "LineString", "coordinates": [ [ -123.29096, 44.58182 ], [ -123.28912, 44.58186 ] ] } },
{ "type": "Feature", "properties": { "component": 0, "name": [ "Northwest Sylvan Drive" ], "highway": [ "residential" ] }, "geometry": { "type": "LineString", "coordinates": [ [ -123.29096, 44.58182 ], [ -123.29098, 44.58162 ] ] } },
{ "type": "Feature", "properties": { "component": 0, "name": [ "Northwest Hayes Avenue" ], "highway": [ "residential" ] }, "geometry": { "type": "LineString", "coordinates": [ [ -123.29096, 44.58182 ], [ -123.29246, 44.5818 ], [ -123.2942, 44.58068 ] ] } },
{ "type": "Feature", "properties": { "component": 2, "name": [ "Southwest Cherry Avenue" ], "highway": [ "residential" ] }, "geometry": { "type": "LineString", "coordinates": [ [ -123.312, 44.56072 ], [ -123.31306, 44.56074 ] ] } },
{ "type": "Feature", "properties": { "component": 0, "name": [ "Northwest Spruce Avenue" ], "highway": [ "residential" ] }, "geometry": { "type": "LineString", "coordinates": [ [ -123.26254, 44.58736 ], [ -123.2613, 44.58742 ] ] } },
{ "type": "Feature", "properties": { "component": 0, "name": [ "Northwest Division Street" ], "highway": [ "residential" ] }, "geometry": { "type": "LineString", "coordinates": [ [ -123.2613, 44.58742 ], [ -123.26128, 44.58664 ] ] } },
{ "type": "Feature", "properties": { "component": 0, "name": [ "Northwest Spruce Avenue" ], "highway": [ "residential" ] }, "geometry": { "type": "LineString", "coordinates": [ [ -123.2613, 44.58742 ], [ -123.25558, 44.5876 ] ] } },
{ "type": "Feature", "properties": { "component": 0, "name": [ "Northwest Spruce Avenue" ], "highway": [ "residential" ] }, "geometry": { "type": "LineString", "coordinates": [ [ -123.2613, 44.58742 ], [ -123.26254, 44.58736 ] ] } },
{ "type": "Feature", "properties": { "component": 0, "name": [ "Northwest Spruce Avenue" ], "highway": [ "residential" ] }, "geometry": { "type": "LineString", "coordinates": [ [ -123.25558, 44.5876 ], [ -123.2613, 44.58742 ] ] } },
{ "type": "Feature", "properties": { "component": 5, "name": [ "Northwest Conifer Place" ], "highway": [ "residential" ] }, "geometry": { "type": "LineString", "coordinates": [ [ -123.25198, 44.59678 ], [ -123.25166, 44.59726 ] ] } },
{ "type": "Feature", "properties": { "component": 5, "name": [ "Northwest Conifer Boulevard" ], "highway": [ "residential" ] }, "geometry": { "type": "LineString", "coordinates": [ [ -123.25198, 44.59678 ], [ -123.25386, 44.59676 ] ] } },
{ "type": "Feature", "properties": { "component": 5, "name": "['Northeast Conifer Boulevard' 'Northwest Conifer Boulevard']", "highway": [ "residential" ] }, "geometry": { "type": "LineString", "coordinates": [ [ -123.25198, 44.59678 ], [ -123.25082, 44.5968 ] ] } },
{ "type": "Feature", "properties": { "component": 5, "name": [ "Northwest Conifer Place" ], "highway": [ "residential" ] }, "geometry": { "type": "LineString", "coordinates": [ [ -123.25166, 44.59726 ], [ -123.25198, 44.59678 ] ] } },
{ "type": "Feature", "properties": { "component": 3, "name": [ "Northwest Virginia Place" ], "highway": [ "residential" ] }, "geometry": { "type": "LineString", "coordinates": [ [ -123.30488, 44.59066 ], [ -123.3032, 44.59036 ] ] } },
{ "type": "Feature", "properties": { "component": 3, "name": [ "Northwest Kinderman Drive" ], "highway": [ "residential" ] }, "geometry": { "type": "LineString", "coordinates": [ [ -123.30488, 44.59066 ], [ -123.30482, 44.59138 ] ] } },
{ "type": "Feature", "properties": { "component": 3, "name": [ "Northwest Kinderman Drive" ], "highway": [ "residential" ] }, "geometry": { "type": "LineString", "coordinates": [ [ -123.30488, 44.59066 ], [ -123.30474, 44.58966 ] ] } },
{ "type": "Feature", "properties": { "component": 3, "name": [ "Northwest Bruno Place" ], "highway": [ "residential" ] }, "geometry": { "type": "LineString", "coordinates": [ [ -123.30488, 44.59066 ], [ -123.30582, 44.5906 ] ] } },
{ "type": "Feature", "properties": { "component": 3, "name": [ "Northwest Virginia Place" ], "highway": [ "residential" ] }, "geometry": { "type": "LineString", "coordinates": [ [ -123.3032, 44.59036 ], [ -123.30488, 44.59066 ] ] } },
{ "type": "Feature", "properties": { "component": 6, "name": [ "Northwest Monterey Place" ], "highway": [ "residential" ] }, "geometry": { "type": "LineString", "coordinates": [ [ -123.29122, 44.59444 ], [ -123.29144, 44.59504 ], [ -123.29076, 44.59534 ] ] } },
{ "type": "Feature", "properties": { "component": 0, "name": [ "Northwest Beca Avenue" ], "highway": [ "residential" ] }, "geometry": { "type": "LineString", "coordinates": [ [ -123.27532, 44.57814 ], [ -123.27418, 44.57814 ] ] } },
{ "type": "Feature", "properties": { "component": 0, "name": [ "Northwest Beca Avenue" ], "highway": [ "residential" ] }, "geometry": { "type": "LineString", "coordinates": [ [ -123.27418, 44.57814 ], [ -123.27316, 44.57814 ] ] } },
{ "type": "Feature", "properties": { "component": 0, "name": [ "Northwest Beca Avenue" ], "highway": [ "residential" ] }, "geometry": { "type": "LineString", "coordinates": [ [ -123.27418, 44.57814 ], [ -123.27532, 44.57814 ] ] } },
{ "type": "Feature", "properties": { "component": 0, "name": [ "Northwest 20th Street" ], "highway": [ "residential" ] }, "geometry": { "type": "LineString", "coordinates": [ [ -123.27418, 44.57814 ], [ -123.27404, 44.57672 ] ] } },
{ "type": "Feature", "properties": { "component": 0, "name": [ "Northwest Beca Avenue" ], "highway": [ "residential" ] }, "geometry": { "type": "LineString", "coordinates": [ [ -123.27316, 44.57814 ], [ -123.2721, 44.57816 ] ] } },
{ "type": "Feature", "properties": { "component": 0, "name": [ "Northwest Beca Avenue" ], "highway": [ "residential" ] }, "geometry": { "type": "LineString", "coordinates": [ [ -123.27316, 44.57814 ], [ -123.27418, 44.57814 ] ] } },
{ "type": "Feature", "properties": { "component": 0, "name": [ "Northwest 19th Street" ], "highway": [ "residential" ] }, "geometry": { "type": "LineString", "coordinates": [ [ -123.27316, 44.57814 ], [ -123.2732, 44.57954 ] ] } },
{ "type": "Feature", "properties": { "component": 0, "name": [ "Northwest 19th Street" ], "highway": [ "residential" ] }, "geometry": { "type": "LineString", "coordinates": [ [ -123.27316, 44.57814 ], [ -123.27314, 44.57604 ] ] } },
{ "type": "Feature", "properties": { "component": 0, "name": [ "Northwest Beca Avenue" ], "highway": [ "residential" ] }, "geometry": { "type": "LineString", "coordinates": [ [ -123.2721, 44.57816 ], [ -123.2708, 44.57818 ] ] } },
{ "type": "Feature", "properties": { "component": 0, "name": [ "Northwest Beca Avenue" ], "highway": [ "residential" ] }, "geometry": { "type": "LineString", "coordinates": [ [ -123.2721, 44.57816 ], [ -123.27316, 44.57814 ] ] } },
{ "type": "Feature", "properties": { "component": 0, "name": [ "Northwest 18th Street" ], "highway": [ "residential" ] }, "geometry": { "type": "LineString", "coordinates": [ [ -123.2721, 44.57816 ], [ -123.27206, 44.57606 ] ] } },
{ "type": "Feature", "properties": { "component": 0, "name": [ "Northwest Beca Avenue" ], "highway": [ "residential" ] }, "geometry": { "type": "LineString", "coordinates": [ [ -123.2708, 44.57818 ], [ -123.27008, 44.57818 ] ] } },
{ "type": "Feature", "properties": { "component": 0, "name": [ "Northwest Beca Avenue" ], "highway": [ "residential" ] }, "geometry": { "type": "LineString", "coordinates": [ [ -123.2708, 44.57818 ], [ -123.2721, 44.57816 ] ] } },
{ "type": "Feature", "properties": { "component": 0, "name": [ "Northwest 17th Street" ], "highway": [ "residential" ] }, "geometry": { "type": "LineString", "coordinates": [ [ -123.2708, 44.57818 ], [ -123.27082, 44.57956 ] ] } },
{ "type": "Feature", "properties": { "component": 0, "name": [ "Northwest 17th Street" ], "highway": [ "residential" ] }, "geometry": { "type": "LineString", "coordinates": [ [ -123.2708, 44.57818 ], [ -123.271, 44.57606 ] ] } },
{ "type": "Feature", "properties": { "component": 0, "name": [ "Northwest Beca Avenue" ], "highway": [ "residential" ] }, "geometry": { "type": "LineString", "coordinates": [ [ -123.27008, 44.57818 ], [ -123.26922, 44.57818 ] ] } },
{ "type": "Feature", "properties": { "component": 0, "name": [ "Northwest Beca Avenue" ], "highway": [ "residential" ] }, "geometry": { "type": "LineString", "coordinates": [ [ -123.27008, 44.57818 ], [ -123.2708, 44.57818 ] ] } },
{ "type": "Feature", "properties": { "component": 0, "name": [ "Northwest 16th Street" ], "highway": [ "residential" ] }, "geometry": { "type": "LineString", "coordinates": [ [ -123.27008, 44.57818 ], [ -123.26996, 44.57608 ] ] } },
{ "type": "Feature", "properties": { "component": 0, "name": [ "Northwest Beca Avenue" ], "highway": [ "residential" ] }, "geometry": { "type": "LineString", "coordinates": [ [ -123.26922, 44.57818 ], [ -123.26814, 44.5782 ] ] } },
{ "type": "Feature", "properties": { "component": 0, "name": [ "Northwest Beca Avenue" ], "highway": [ "residential" ] }, "geometry": { "type": "LineString", "coordinates": [ [ -123.26922, 44.57818 ], [ -123.27008, 44.57818 ] ] } },
{ "type": "Feature", "properties": { "component": 0, "name": [ "Northwest 15th Street" ], "highway": [ "residential" ] }, "geometry": { "type": "LineString", "coordinates": [ [ -123.26922, 44.57818 ], [ -123.26924, 44.57958 ] ] } },
{ "type": "Feature", "properties": { "component": 0, "name": "['Northwest Lincoln Avenue' 'Northwest 15th Street']", "highway": [ "residential" ] }, "geometry": { "type": "LineString", "coordinates": [ [ -123.26922, 44.57818 ], [ -123.26918, 44.57746 ], [ -123.26812, 44.57744 ] ] } },
{ "type": "Feature", "properties": { "component": 0, "name": [ "Northwest Beca Avenue" ], "highway": [ "residential" ] }, "geometry": { "type": "LineString", "coordinates": [ [ -123.267, 44.5782 ], [ -123.2659, 44.57822 ] ] } },
{ "type": "Feature", "properties": { "component": 0, "name": [ "Northwest Beca Avenue" ], "highway": [ "residential" ] }, "geometry": { "type": "LineString", "coordinates": [ [ -123.267, 44.5782 ], [ -123.26814, 44.5782 ] ] } },
{ "type": "Feature", "properties": { "component": 0, "name": [ "Northwest 13th Street" ], "highway": [ "residential" ] }, "geometry": { "type": "LineString", "coordinates": [ [ -123.267, 44.5782 ], [ -123.26702, 44.5796 ] ] } },
{ "type": "Feature", "properties": { "component": 0, "name": [ "Northwest 13th Street" ], "highway": [ "residential" ] }, "geometry": { "type": "LineString", "coordinates": [ [ -123.267, 44.5782 ], [ -123.267, 44.57744 ] ] } },
{ "type": "Feature", "properties": { "component": 0, "name": [ "Northwest Beca Avenue" ], "highway": [ "residential" ] }, "geometry": { "type": "LineString", "coordinates": [ [ -123.2659, 44.57822 ], [ -123.26474, 44.57822 ] ] } },
{ "type": "Feature", "properties": { "component": 0, "name": [ "Northwest Beca Avenue" ], "highway": [ "residential" ] }, "geometry": { "type": "LineString", "coordinates": [ [ -123.2659, 44.57822 ], [ -123.267, 44.5782 ] ] } },
{ "type": "Feature", "properties": { "component": 0, "name": [ "Northwest Dixon Street" ], "highway": [ "residential" ] }, "geometry": { "type": "LineString", "coordinates": [ [ -123.2659, 44.57822 ], [ -123.2659, 44.5796 ] ] } },
{ "type": "Feature", "properties": { "component": 0, "name": [ "Northwest Dixon Street" ], "highway": [ "residential" ] }, "geometry": { "type": "LineString", "coordinates": [ [ -123.2659, 44.57822 ], [ -123.2658, 44.57744 ] ] } },
{ "type": "Feature", "properties": { "component": 0, "name": [ "Northwest Beca Avenue" ], "highway": [ "residential" ] }, "geometry": { "type": "LineString", "coordinates": [ [ -123.26474, 44.57822 ], [ -123.26358, 44.57824 ] ] } },
{ "type": "Feature", "properties": { "component": 0, "name": [ "Northwest Beca Avenue" ], "highway": [ "residential" ] }, "geometry": { "type": "LineString", "coordinates": [ [ -123.26474, 44.57822 ], [ -123.2659, 44.57822 ] ] } },
{ "type": "Feature", "properties": { "component": 0, "name": [ "Northwest 12th Street" ], "highway": [ "residential" ] }, "geometry": { "type": "LineString", "coordinates": [ [ -123.26474, 44.57822 ], [ -123.26474, 44.57962 ] ] } },
{ "type": "Feature", "properties": { "component": 0, "name": "['Northwest Lincoln Avenue' 'Northwest 12th Street']", "highway": [ "residential" ] }, "geometry": { "type": "LineString", "coordinates": [ [ -123.26474, 44.57822 ], [ -123.26476, 44.57748 ], [ -123.2658, 44.57744 ] ] } },
{ "type": "Feature", "properties": { "component": 0, "name": [ "Northwest Beca Avenue" ], "highway": [ "residential" ] }, "geometry": { "type": "LineString", "coordinates": [ [ -123.26358, 44.57824 ], [ -123.26254, 44.57824 ] ] } },
{ "type": "Feature", "properties": { "component": 0, "name": [ "Northwest Beca Avenue" ], "highway": [ "residential" ] }, "geometry": { "type": "LineString", "coordinates": [ [ -123.26358, 44.57824 ], [ -123.26474, 44.57822 ] ] } },
{ "type": "Feature", "properties": { "component": 0, "name": [ "Northwest 11th Street" ], "highway": [ "residential" ] }, "geometry": { "type": "LineString", "coordinates": [ [ -123.26358, 44.57824 ], [ -123.2636, 44.57962 ] ] } },
{ "type": "Feature", "properties": { "component": 0, "name": [ "Northwest 11th Street" ], "highway": [ "residential" ] }, "geometry": { "type": "LineString", "coordinates": [ [ -123.26358, 44.57824 ], [ -123.26464, 44.5761 ] ] } },
{ "type": "Feature", "properties": { "component": 0, "name": [ "Northwest Beca Avenue" ], "highway": [ "residential" ] }, "geometry": { "type": "LineString", "coordinates": [ [ -123.26254, 44.57824 ], [ -123.26074, 44.57826 ] ] } },
{ "type": "Feature", "properties": { "component": 0, "name": [ "Northwest Beca Avenue" ], "highway": [ "residential" ] }, "geometry": { "type": "LineString", "coordinates": [ [ -123.26254, 44.57824 ], [ -123.26358, 44.57824 ] ] } },
{ "type": "Feature", "properties": { "component": 0, "name": [ "Northwest Beca Avenue" ], "highway": [ "residential" ] }, "geometry": { "type": "LineString", "coordinates": [ [ -123.26074, 44.57826 ], [ -123.26254, 44.57824 ] ] } },
{ "type": "Feature", "properties": { "component": 0, "name": [ "Southwest 17th Street" ], "highway": [ "residential" ] }, "geometry": { "type": "LineString", "coordinates": [ [ -123.27638, 44.56196 ], [ -123.27636, 44.56172 ] ] } },
{ "type": "Feature", "properties": { "component": 0, "name": [ "Northwest Garryanna Street" ], "highway": [ "residential" ] }, "geometry": { "type": "LineString", "coordinates": [ [ -123.26932, 44.5863 ], [ -123.26936, 44.58786 ] ] } },
{ "type": "Feature", "properties": { "component": 0, "name": [ "Northwest Cleveland Avenue" ], "highway": [ "residential" ] }, "geometry": { "type": "LineString", "coordinates": [ [ -123.26932, 44.5863 ], [ -123.27038, 44.58628 ] ] } },
{ "type": "Feature", "properties": { "component": 0, "name": [ "Northwest Cleveland Avenue" ], "highway": [ "residential" ] }, "geometry": { "type": "LineString", "coordinates": [ [ -123.26932, 44.5863 ], [ -123.26828, 44.5863 ] ] } },
{ "type": "Feature", "properties": { "component": 0, "name": [ "Northwest Garryanna Street" ], "highway": [ "residential" ] }, "geometry": { "type": "LineString", "coordinates": [ [ -123.26932, 44.5863 ], [ -123.26926, 44.5844 ], [ -123.26826, 44.5843 ] ] } },
{ "type": "Feature", "properties": { "component": 0, "name": [ "Northwest Cleveland Avenue" ], "highway": [ "residential" ] }, "geometry": { "type": "LineString", "coordinates": [ [ -123.27038, 44.58628 ], [ -123.27142, 44.58628 ] ] } },
{ "type": "Feature", "properties": { "component": 0, "name": [ "Northwest Cleveland Avenue" ], "highway": [ "residential" ] }, "geometry": { "type": "LineString", "coordinates": [ [ -123.27038, 44.58628 ], [ -123.26932, 44.5863 ] ] } },
{ "type": "Feature", "properties": { "component": 0, "name": [ "Northwest Menlo Drive" ], "highway": [ "residential" ] }, "geometry": { "type": "LineString", "coordinates": [ [ -123.27038, 44.58628 ], [ -123.27048, 44.5872 ], [ -123.27152, 44.58812 ] ] } },
{ "type": "Feature", "properties": { "component": 0, "name": [ "Northwest Menlo Drive" ], "highway": [ "residential" ] }, "geometry": { "type": "LineString", "coordinates": [ [ -123.27038, 44.58628 ], [ -123.27034, 44.58432 ] ] } },
{ "type": "Feature", "properties": { "component": 0, "name": [ "Northwest 17th Street" ], "highway": [ "residential" ] }, "geometry": { "type": "LineString", "coordinates": [ [ -123.27142, 44.58628 ], [ -123.27142, 44.58432 ] ] } },
{ "type": "Feature", "properties": { "component": 0, "name": [ "Northwest Cleveland Avenue" ], "highway": [ "residential" ] }, "geometry": { "type": "LineString", "coordinates": [ [ -123.27142, 44.58628 ], [ -123.27038, 44.58628 ] ] } },
{ "type": "Feature", "properties": { "component": 0, "name": [ "Northwest 17th Street" ], "highway": [ "residential" ] }, "geometry": { "type": "LineString", "coordinates": [ [ -123.27142, 44.58628 ], [ -123.27234, 44.58764 ] ] } },
{ "type": "Feature", "properties": { "component": 0, "name": [ "Northwest Cleveland Avenue" ], "highway": [ "residential" ] }, "geometry": { "type": "LineString", "coordinates": [ [ -123.26716, 44.58578 ], [ -123.26592, 44.5858 ] ] } },
{ "type": "Feature", "properties": { "component": 0, "name": "['Northwest 13th Street' 'Northwest Cleveland Avenue']", "highway": [ "residential" ] }, "geometry": { "type": "LineString", "coordinates": [ [ -123.26716, 44.58578 ], [ -123.2673, 44.5863 ], [ -123.26828, 44.5863 ] ] } },
{ "type": "Feature", "properties": { "component": 0, "name": [ "Northwest 13th Street" ], "highway": [ "residential" ] }, "geometry": { "type": "LineString", "coordinates": [ [ -123.26716, 44.58578 ], [ -123.26712, 44.58368 ] ] } },
{ "type": "Feature", "properties": { "component": 0, "name": [ "Northwest Cleveland Avenue" ], "highway": [ "residential" ] }, "geometry": { "type": "LineString", "coordinates": [ [ -123.26592, 44.5858 ], [ -123.26716, 44.58578 ] ] } },
{ "type": "Feature", "properties": { "component": 0, "name": [ "Northwest Cleveland Avenue" ], "highway": [ "residential" ] }, "geometry": { "type": "LineString", "coordinates": [ [ -123.26592, 44.5858 ], [ -123.2636, 44.58584 ] ] } },
{ "type": "Feature", "properties": { "component": 0, "name": [ "Northwest Dixon Street" ], "highway": [ "residential" ] }, "geometry": { "type": "LineString", "coordinates": [ [ -123.26592, 44.5858 ], [ -123.2659, 44.58308 ] ] } },
{ "type": "Feature", "properties": { "component": 0, "name": [ "Northwest Cleveland Avenue" ], "highway": [ "residential" ] }, "geometry": { "type": "LineString", "coordinates": [ [ -123.2636, 44.58584 ], [ -123.26256, 44.58586 ] ] } },
{ "type": "Feature", "properties": { "component": 0, "name": [ "Northwest Cleveland Avenue" ], "highway": [ "residential" ] }, "geometry": { "type": "LineString", "coordinates": [ [ -123.2636, 44.58584 ], [ -123.26592, 44.5858 ] ] } },
{ "type": "Feature", "properties": { "component": 0, "name": [ "Northwest 11th Street" ], "highway": [ "residential" ] }, "geometry": { "type": "LineString", "coordinates": [ [ -123.2636, 44.58584 ], [ -123.26358, 44.5831 ] ] } },
{ "type": "Feature", "properties": { "component": 0, "name": [ "Northwest Cleveland Avenue" ], "highway": [ "residential" ] }, "geometry": { "type": "LineString", "coordinates": [ [ -123.26256, 44.58586 ], [ -123.26128, 44.58588 ] ] } },
{ "type": "Feature", "properties": { "component": 0, "name": [ "Northwest Cleveland Avenue" ], "highway": [ "residential" ] }, "geometry": { "type": "LineString", "coordinates": [ [ -123.26256, 44.58586 ], [ -123.2636, 44.58584 ] ] } },
{ "type": "Feature", "properties": { "component": 0, "name": [ "Northwest Cleveland Avenue" ], "highway": [ "residential" ] }, "geometry": { "type": "LineString", "coordinates": [ [ -123.26128, 44.58588 ], [ -123.26256, 44.58586 ] ] } },
{ "type": "Feature", "properties": { "component": 0, "name": [ "Northwest Division Street" ], "highway": [ "residential" ] }, "geometry": { "type": "LineString", "coordinates": [ [ -123.26128, 44.58588 ], [ -123.26128, 44.58664 ] ] } },
{ "type": "Feature", "properties": { "component": 0, "name": [ "Northwest Cleveland Avenue" ], "highway": [ "residential" ] }, "geometry": { "type": "LineString", "coordinates": [ [ -123.26128, 44.58588 ], [ -123.25994, 44.5859 ] ] } },
{ "type": "Feature", "properties": { "component": 0, "name": [ "Northwest Division Street" ], "highway": [ "residential" ] }, "geometry": { "type": "LineString", "coordinates": [ [ -123.26128, 44.58588 ], [ -123.26126, 44.5852 ] ] } },
{ "type": "Feature", "properties": { "component": 0, "name": [ "Northwest Cleveland Avenue" ], "highway": [ "residential" ] }, "geometry": { "type": "LineString", "coordinates": [ [ -123.25994, 44.5859 ], [ -123.26128, 44.58588 ] ] } },
{ "type": "Feature", "properties": { "component": 0, "name": [ "Northwest Crest Place" ], "highway": [ "residential" ] }, "geometry": { "type": "LineString", "coordinates": [ [ -123.28562, 44.584 ], [ -123.28588, 44.58468 ], [ -123.28672, 44.58442 ] ] } },
{ "type": "Feature", "properties": { "component": 4, "name": [ "Southwest Knollbrook Place" ], "highway": [ "residential" ] }, "geometry": { "type": "LineString", "coordinates": [ [ -123.28716, 44.5495 ], [ -123.28634, 44.54948 ] ] } },
{ "type": "Feature", "properties": { "component": 4, "name": [ "Southwest Knollbrook Place" ], "highway": [ "residential" ] }, "geometry": { "type": "LineString", "coordinates": [ [ -123.28634, 44.54948 ], [ -123.2856, 44.5495 ] ] } },
{ "type": "Feature", "properties": { "component": 4, "name": [ "Southwest Knollbrook Place" ], "highway": [ "residential" ] }, "geometry": { "type": "LineString", "coordinates": [ [ -123.28634, 44.54948 ], [ -123.28716, 44.5495 ] ] } },
{ "type": "Feature", "properties": { "component": 4, "name": [ "Southwest Knollbrook Avenue" ], "highway": [ "residential" ] }, "geometry": { "type": "LineString", "coordinates": [ [ -123.28634, 44.54948 ], [ -123.28638, 44.5485 ] ] } },
{ "type": "Feature", "properties": { "component": 4, "name": [ "Southwest Knollbrook Place" ], "highway": [ "residential" ] }, "geometry": { "type": "LineString", "coordinates": [ [ -123.2856, 44.5495 ], [ -123.28634, 44.54948 ] ] } },
{ "type": "Feature", "properties": { "component": 3, "name": [ "Northwest Inger Place" ], "highway": [ "residential" ] }, "geometry": { "type": "LineString", "coordinates": [ [ -123.30474, 44.58966 ], [ -123.30378, 44.58966 ] ] } },
{ "type": "Feature", "properties": { "component": 3, "name": [ "Northwest Kinderman Drive" ], "highway": [ "residential" ] }, "geometry": { "type": "LineString", "coordinates": [ [ -123.30474, 44.58966 ], [ -123.30488, 44.59066 ] ] } },
{ "type": "Feature", "properties": { "component": 3, "name": [ "Northwest Kinderman Drive" ], "highway": [ "residential" ] }, "geometry": { "type": "LineString", "coordinates": [ [ -123.30474, 44.58966 ], [ -123.30496, 44.58904 ] ] } },
{ "type": "Feature", "properties": { "component": 3, "name": [ "Northwest Inger Place" ], "highway": [ "residential" ] }, "geometry": { "type": "LineString", "coordinates": [ [ -123.30378, 44.58966 ], [ -123.30474, 44.58966 ] ] } },
{ "type": "Feature", "properties": { "component": 0, "name": [ "Northwest Snowberry Place" ], "highway": [ "residential" ] }, "geometry": { "type": "LineString", "coordinates": [ [ -123.26896, 44.59782 ], [ -123.26924, 44.59734 ] ] } },
{ "type": "Feature", "properties": { "component": 0, "name": [ "Northwest Snowberry Place" ], "highway": [ "residential" ] }, "geometry": { "type": "LineString", "coordinates": [ [ -123.26896, 44.59782 ], [ -123.26836, 44.59792 ] ] } },
{ "type": "Feature", "properties": { "component": 0, "name": [ "Northwest Snowberry Place" ], "highway": [ "residential" ] }, "geometry": { "type": "LineString", "coordinates": [ [ -123.26896, 44.59782 ], [ -123.27038, 44.59782 ] ] } },
{ "type": "Feature", "properties": { "component": 0, "name": [ "Northwest Snowberry Place" ], "highway": [ "residential" ] }, "geometry": { "type": "LineString", "coordinates": [ [ -123.26924, 44.59734 ], [ -123.27046, 44.59662 ] ] } },
{ "type": "Feature", "properties": { "component": 0, "name": [ "Northwest Snowberry Place" ], "highway": [ "residential" ] }, "geometry": { "type": "LineString", "coordinates": [ [ -123.26924, 44.59734 ], [ -123.26896, 44.59782 ] ] } },
{ "type": "Feature", "properties": { "component": 0, "name": [ "Northwest Wintergreen Place" ], "highway": [ "residential" ] }, "geometry": { "type": "LineString", "coordinates": [ [ -123.26924, 44.59734 ], [ -123.2685, 44.59698 ] ] } },
{ "type": "Feature", "properties": { "component": 0, "name": [ "Northwest Snowberry Place" ], "highway": [ "residential" ] }, "geometry": { "type": "LineString", "coordinates": [ [ -123.27046, 44.59662 ], [ -123.26924, 44.59734 ] ] } },
{ "type": "Feature", "properties": { "component": 0, "name": [ "Northwest Garryanna Drive" ], "highway": [ "residential" ] }, "geometry": { "type": "LineString", "coordinates": [ [ -123.27046, 44.59662 ], [ -123.26994, 44.59618 ] ] } },
{ "type": "Feature", "properties": { "component": 0, "name": [ "Northwest Garryanna Drive" ], "highway": [ "residential" ] }, "geometry": { "type": "LineString", "coordinates": [ [ -123.27046, 44.59662 ], [ -123.27154, 44.59682 ], [ -123.27282, 44.59632 ] ] } },
{ "type": "Feature", "properties": { "component": 0, "name": [ "Northwest Snowberry Place" ], "highway": [ "residential" ] }, "geometry": { "type": "LineString", "coordinates": [ [ -123.27038, 44.59782 ], [ -123.26896, 44.59782 ] ] } },
{ "type": "Feature", "properties": { "component": 0, "name": [ "Northwest Snowberry Place" ], "highway": [ "residential" ] }, "geometry": { "type": "LineString", "coordinates": [ [ -123.26836, 44.59792 ], [ -123.26896, 44.59782 ] ] } },
{ "type": "Feature", "properties": { "component": 5, "name": [ "Northwest Hemlock Avenue" ], "highway": [ "residential" ] }, "geometry": { "type": "LineString", "coordinates": [ [ -123.25374, 44.59496 ], [ -123.2514, 44.5951 ] ] } },
{ "type": "Feature", "properties": { "component": 5, "name": "['Northwest Hemlock Avenue' 'Northwest Stewart Street']", "highway": [ "residential" ] }, "geometry": { "type": "LineString", "coordinates": [ [ -123.25374, 44.59496 ], [ -123.25486, 44.59494 ], [ -123.25488, 44.59708 ] ] } },
{ "type": "Feature", "properties": { "component": 5, "name": [ "Northwest Bryant Street" ], "highway": [ "residential" ] }, "geometry": { "type": "LineString", "coordinates": [ [ -123.25374, 44.59496 ], [ -123.25384, 44.5959 ] ] } },
{ "type": "Feature", "properties": { "component": 5, "name": [ "Northwest Hemlock Avenue" ], "highway": [ "residential" ] }, "geometry": { "type": "LineString", "coordinates": [ [ -123.2514, 44.5951 ], [ -123.25374, 44.59496 ] ] } },
{ "type": "Feature", "properties": { "component": 5, "name": [ "Northwest Maxine Avenue" ], "highway": [ "residential" ] }, "geometry": { "type": "LineString", "coordinates": [ [ -123.24994, 44.59768 ], [ -123.25186, 44.59798 ] ] } },
{ "type": "Feature", "properties": { "component": 5, "name": [ "Northwest Maxine Avenue" ], "highway": [ "residential" ] }, "geometry": { "type": "LineString", "coordinates": [ [ -123.25186, 44.59798 ], [ -123.253, 44.59796 ] ] } },
{ "type": "Feature", "properties": { "component": 5, "name": [ "Northwest Maxine Avenue" ], "highway": [ "residential" ] }, "geometry": { "type": "LineString", "coordinates": [ [ -123.25186, 44.59798 ], [ -123.24994, 44.59768 ] ] } },
{ "type": "Feature", "properties": { "component": 5, "name": [ "Northwest Autumn Street" ], "highway": [ "residential" ] }, "geometry": { "type": "LineString", "coordinates": [ [ -123.25186, 44.59798 ], [ -123.25174, 44.59934 ] ] } },
{ "type": "Feature", "properties": { "component": 5, "name": [ "Northwest Maxine Avenue" ], "highway": [ "residential" ] }, "geometry": { "type": "LineString", "coordinates": [ [ -123.253, 44.59796 ], [ -123.25386, 44.59786 ] ] } },
{ "type": "Feature", "properties": { "component": 5, "name": [ "Northwest Maxine Avenue" ], "highway": [ "residential" ] }, "geometry": { "type": "LineString", "coordinates": [ [ -123.253, 44.59796 ], [ -123.25186, 44.59798 ] ] } },
{ "type": "Feature", "properties": { "component": 5, "name": [ "Northwest Survista Avenue" ], "highway": [ "residential" ] }, "geometry": { "type": "LineString", "coordinates": [ [ -123.253, 44.59796 ], [ -123.25324, 44.59862 ], [ -123.25744, 44.59854 ] ] } },
{ "type": "Feature", "properties": { "component": 5, "name": [ "Northwest Bryant Street" ], "highway": [ "residential" ] }, "geometry": { "type": "LineString", "coordinates": [ [ -123.25386, 44.59786 ], [ -123.25386, 44.59676 ] ] } },
{ "type": "Feature", "properties": { "component": 5, "name": [ "Northwest Maxine Avenue" ], "highway": [ "residential" ] }, "geometry": { "type": "LineString", "coordinates": [ [ -123.25386, 44.59786 ], [ -123.2549, 44.59776 ] ] } },
{ "type": "Feature", "properties": { "component": 5, "name": [ "Northwest Maxine Avenue" ], "highway": [ "residential" ] }, "geometry": { "type": "LineString", "coordinates": [ [ -123.25386, 44.59786 ], [ -123.253, 44.59796 ] ] } },
{ "type": "Feature", "properties": { "component": 5, "name": [ "Northwest Maxine Avenue" ], "highway": [ "residential" ] }, "geometry": { "type": "LineString", "coordinates": [ [ -123.2549, 44.59776 ], [ -123.25744, 44.59782 ] ] } },
{ "type": "Feature", "properties": { "component": 5, "name": [ "Northwest Maxine Avenue" ], "highway": [ "residential" ] }, "geometry": { "type": "LineString", "coordinates": [ [ -123.2549, 44.59776 ], [ -123.25386, 44.59786 ] ] } },
{ "type": "Feature", "properties": { "component": 5, "name": [ "Northwest Stewart Street" ], "highway": [ "residential" ] }, "geometry": { "type": "LineString", "coordinates": [ [ -123.2549, 44.59776 ], [ -123.25488, 44.59708 ] ] } },
{ "type": "Feature", "properties": { "component": 5, "name": [ "Northwest Maxine Avenue" ], "highway": [ "residential" ] }, "geometry": { "type": "LineString", "coordinates": [ [ -123.25744, 44.59782 ], [ -123.2549, 44.59776 ] ] } },
{ "type": "Feature", "properties": { "component": 5, "name": [ "Northwest Maxine Circle" ], "highway": [ "residential" ] }, "geometry": { "type": "LineString", "coordinates": [ [ -123.25744, 44.59782 ], [ -123.25902, 44.59782 ] ] } },
{ "type": "Feature", "properties": { "component": 0, "name": [ "Northwest Larch Avenue" ], "highway": [ "residential" ] }, "geometry": { "type": "LineString", "coordinates": [ [ -123.27602, 44.5884 ], [ -123.27394, 44.58842 ], [ -123.27384, 44.58924 ] ] } },
{ "type": "Feature", "properties": { "component": 0, "name": [ "Northwest Larch Avenue" ], "highway": [ "residential" ] }, "geometry": { "type": "LineString", "coordinates": [ [ -123.27384, 44.58924 ], [ -123.27394, 44.58842 ], [ -123.27602, 44.5884 ] ] } },
{ "type": "Feature", "properties": { "component": 0, "name": [ "Northwest Locust Street" ], "highway": [ "residential" ] }, "geometry": { "type": "LineString", "coordinates": [ [ -123.27384, 44.58924 ], [ -123.27492, 44.58924 ], [ -123.275, 44.58962 ] ] } },
{ "type": "Feature", "properties": { "component": 0, "name": [ "Northwest Locust Street" ], "highway": [ "residential" ] }, "geometry": { "type": "LineString", "coordinates": [ [ -123.27384, 44.58924 ], [ -123.27282, 44.58924 ] ] } },
{ "type": "Feature", "properties": { "component": 0, "name": [ "Northwest 25th Street" ], "highway": [ "residential" ] }, "geometry": { "type": "LineString", "coordinates": [ [ -123.27988, 44.58988 ], [ -123.27982, 44.58952 ] ] } },
{ "type": "Feature", "properties": { "component": 0, "name": [ "Northwest Linnan Circle" ], "highway": [ "residential" ] }, "geometry": { "type": "LineString", "coordinates": [ [ -123.27988, 44.58988 ], [ -123.28092, 44.58988 ], [ -123.28114, 44.5904 ], [ -123.27996, 44.59064 ] ] } },
{ "type": "Feature", "properties": { "component": 0, "name": [ "Northwest 25th Street" ], "highway": [ "residential" ] }, "geometry": { "type": "LineString", "coordinates": [ [ -123.27988, 44.58988 ], [ -123.27996, 44.59064 ] ] } },
{ "type": "Feature", "properties": { "component": 0, "name": [ "Northwest 25th Street" ], "highway": [ "residential" ] }, "geometry": { "type": "LineString", "coordinates": [ [ -123.27996, 44.59064 ], [ -123.28004, 44.59128 ] ] } },
{ "type": "Feature", "properties": { "component": 0, "name": [ "Northwest Linnan Circle" ], "highway": [ "residential" ] }, "geometry": { "type": "LineString", "coordinates": [ [ -123.27996, 44.59064 ], [ -123.28114, 44.5904 ], [ -123.28092, 44.58988 ], [ -123.27988, 44.58988 ] ] } },
{ "type": "Feature", "properties": { "component": 0, "name": [ "Northwest 25th Street" ], "highway": [ "residential" ] }, "geometry": { "type": "LineString", "coordinates": [ [ -123.27996, 44.59064 ], [ -123.27988, 44.58988 ] ] } },
{ "type": "Feature", "properties": { "component": 4, "name": [ "Southwest Willamette Avenue" ], "highway": [ "residential" ] }, "geometry": { "type": "LineString", "coordinates": [ [ -123.29184, 44.54588 ], [ -123.29102, 44.5462 ] ] } },
{ "type": "Feature", "properties": { "component": 4, "name": [ "Southwest Willamette Avenue" ], "highway": [ "residential" ] }, "geometry": { "type": "LineString", "coordinates": [ [ -123.29102, 44.5462 ], [ -123.2878, 44.54666 ] ] } },
{ "type": "Feature", "properties": { "component": 4, "name": [ "Southwest Willamette Avenue" ], "highway": [ "residential" ] }, "geometry": { "type": "LineString", "coordinates": [ [ -123.29102, 44.5462 ], [ -123.29184, 44.54588 ] ] } },
{ "type": "Feature", "properties": { "component": 4, "name": "['Southwest Whiteside Drive' 'Southwest Hilltop Drive']", "highway": [ "residential" ] }, "geometry": { "type": "LineString", "coordinates": [ [ -123.29102, 44.5462 ], [ -123.29154, 44.54726 ], [ -123.28962, 44.54758 ] ] } },
{ "type": "Feature", "properties": { "component": 4, "name": [ "Southwest Whiteside Drive" ], "highway": [ "residential" ] }, "geometry": { "type": "LineString", "coordinates": [ [ -123.29102, 44.5462 ], [ -123.29042, 44.54542 ] ] } },
{ "type": "Feature", "properties": { "component": 4, "name": [ "Southwest Roth Street" ], "highway": [ "residential" ] }, "geometry": { "type": "LineString", "coordinates": [ [ -123.28374, 44.54668 ], [ -123.28376, 44.54576 ] ] } },
{ "type": "Feature", "properties": { "component": 4, "name": [ "Southwest Willamette Avenue" ], "highway": [ "residential" ] }, "geometry": { "type": "LineString", "coordinates": [ [ -123.28374, 44.54668 ], [ -123.2878, 44.54666 ] ] } },
{ "type": "Feature", "properties": { "component": 4, "name": [ "Southwest Roth Street" ], "highway": [ "residential" ] }, "geometry": { "type": "LineString", "coordinates": [ [ -123.28374, 44.54668 ], [ -123.28374, 44.54758 ] ] } },
{ "type": "Feature", "properties": { "component": 0, "name": [ "Northwest 18th Street" ], "highway": [ "residential" ] }, "geometry": { "type": "LineString", "coordinates": [ [ -123.27448, 44.57114 ], [ -123.274, 44.5721 ] ] } },
{ "type": "Feature", "properties": { "component": 0, "name": [ "Northwest 18th Street" ], "highway": [ "residential" ] }, "geometry": { "type": "LineString", "coordinates": [ [ -123.27448, 44.57114 ], [ -123.2748, 44.57054 ] ] } },
{ "type": "Feature", "properties": { "component": 0, "name": [ "Northwest 18th Street" ], "highway": [ "residential" ] }, "geometry": { "type": "LineString", "coordinates": [ [ -123.274, 44.5721 ], [ -123.27356, 44.57298 ] ] } },
{ "type": "Feature", "properties": { "component": 0, "name": [ "Northwest 18th Street" ], "highway": [ "residential" ] }, "geometry": { "type": "LineString", "coordinates": [ [ -123.274, 44.5721 ], [ -123.27448, 44.57114 ] ] } },
{ "type": "Feature", "properties": { "component": 0, "name": [ "Northwest Tyler Avenue" ], "highway": [ "residential" ] }, "geometry": { "type": "LineString", "coordinates": [ [ -123.274, 44.5721 ], [ -123.27482, 44.57232 ] ] } },
{ "type": "Feature", "properties": { "component": 0, "name": [ "Northwest Tyler Avenue" ], "highway": [ "residential" ] }, "geometry": { "type": "LineString", "coordinates": [ [ -123.274, 44.5721 ], [ -123.27308, 44.57186 ] ] } },
{ "type": "Feature", "properties": { "component": 0, "name": [ "Northwest 18th Street" ], "highway": [ "residential" ] }, "geometry": { "type": "LineString", "coordinates": [ [ -123.27356, 44.57298 ], [ -123.27314, 44.57386 ] ] } },
{ "type": "Feature", "properties": { "component": 0, "name": [ "Northwest 18th Street" ], "highway": [ "residential" ] }, "geometry": { "type": "LineString", "coordinates": [ [ -123.27356, 44.57298 ], [ -123.274, 44.5721 ] ] } },
{ "type": "Feature", "properties": { "component": 0, "name": [ "Northwest Polk Avenue" ], "highway": [ "residential" ] }, "geometry": { "type": "LineString", "coordinates": [ [ -123.27356, 44.57298 ], [ -123.2745, 44.57322 ] ] } },
{ "type": "Feature", "properties": { "component": 0, "name": [ "Northwest Polk Avenue" ], "highway": [ "residential" ] }, "geometry": { "type": "LineString", "coordinates": [ [ -123.27356, 44.57298 ], [ -123.27264, 44.57276 ] ] } },
{ "type": "Feature", "properties": { "component": 0, "name": [ "Northwest Taylor Avenue" ], "highway": [ "residential" ] }, "geometry": { "type": "LineString", "coordinates": [ [ -123.27314, 44.57386 ], [ -123.27406, 44.5741 ] ] } },
{ "type": "Feature", "properties": { "component": 0, "name": [ "Northwest Taylor Avenue" ], "highway": [ "residential" ] }, "geometry": { "type": "LineString", "coordinates": [ [ -123.27314, 44.57386 ], [ -123.2722, 44.57362 ] ] } },
{ "type": "Feature", "properties": { "component": 0, "name": [ "Northwest 18th Street" ], "highway": [ "residential" ] }, "geometry": { "type": "LineString", "coordinates": [ [ -123.27314, 44.57386 ], [ -123.27274, 44.57468 ] ] } },
{ "type": "Feature", "properties": { "component": 0, "name": [ "Northwest 18th Street" ], "highway": [ "residential" ] }, "geometry": { "type": "LineString", "coordinates": [ [ -123.27314, 44.57386 ], [ -123.27356, 44.57298 ] ] } },
{ "type": "Feature", "properties": { "component": 0, "name": [ "Northwest 18th Street" ], "highway": [ "residential" ] }, "geometry": { "type": "LineString", "coordinates": [ [ -123.27274, 44.57468 ], [ -123.27314, 44.57386 ] ] } },
{ "type": "Feature", "properties": { "component": 0, "name": [ "Northwest 18th Street" ], "highway": [ "residential" ] }, "geometry": { "type": "LineString", "coordinates": [ [ -123.27206, 44.57606 ], [ -123.2721, 44.57816 ] ] } },
{ "type": "Feature", "properties": { "component": 4, "name": [ "Southwest Reed Place" ], "highway": [ "residential" ] }, "geometry": { "type": "LineString", "coordinates": [ [ -123.28412, 44.5485 ], [ -123.28418, 44.54914 ] ] } },
{ "type": "Feature", "properties": { "component": 4, "name": [ "Southwest Knollbrook Avenue" ], "highway": [ "residential" ] }, "geometry": { "type": "LineString", "coordinates": [ [ -123.28412, 44.5485 ], [ -123.28638, 44.5485 ] ] } },
{ "type": "Feature", "properties": { "component": 4, "name": [ "Southwest Knollbrook Avenue" ], "highway": [ "residential" ] }, "geometry": { "type": "LineString", "coordinates": [ [ -123.28412, 44.5485 ], [ -123.28374, 44.54828 ] ] } },
{ "type": "Feature", "properties": { "component": 4, "name": [ "Southwest Reed Place" ], "highway": [ "residential" ] }, "geometry": { "type": "LineString", "coordinates": [ [ -123.28418, 44.54914 ], [ -123.28412, 44.5485 ] ] } },
{ "type": "Feature", "properties": { "component": 0, "name": [ "Southwest 5th Street" ], "highway": [ "residential" ] }, "geometry": { "type": "LineString", "coordinates": [ [ -123.26706, 44.55706 ], [ -123.26724, 44.55668 ] ] } },
{ "type": "Feature", "properties": { "component": 0, "name": "['Southwest 6th Street' 'Southwest D Avenue']", "highway": [ "residential" ] }, "geometry": { "type": "LineString", "coordinates": [ [ -123.26706, 44.55706 ], [ -123.26788, 44.55726 ], [ -123.2674, 44.5582 ] ] } },
{ "type": "Feature", "properties": { "component": 0, "name": [ "Southwest 5th Street" ], "highway": [ "residential" ] }, "geometry": { "type": "LineString", "coordinates": [ [ -123.26706, 44.55706 ], [ -123.26656, 44.558 ] ] } },
{ "type": "Feature", "properties": { "component": 2, "name": [ "Southwest Cherry Avenue" ], "highway": [ "residential" ] }, "geometry": { "type": "LineString", "coordinates": [ [ -123.31306, 44.56074 ], [ -123.31362, 44.56116 ] ] } },
{ "type": "Feature", "properties": { "component": 2, "name": [ "Southwest Cherry Avenue" ], "highway": [ "residential" ] }, "geometry": { "type": "LineString", "coordinates": [ [ -123.31306, 44.56074 ], [ -123.312, 44.56072 ] ] } },
{ "type": "Feature", "properties": { "component": 2, "name": [ "Southwest 54th Street" ], "highway": [ "residential" ] }, "geometry": { "type": "LineString", "coordinates": [ [ -123.31306, 44.56074 ], [ -123.31308, 44.5587 ] ] } },
{ "type": "Feature", "properties": { "component": 2, "name": [ "Southwest Cherry Avenue" ], "highway": [ "residential" ] }, "geometry": { "type": "LineString", "coordinates": [ [ -123.31362, 44.56116 ], [ -123.31524, 44.56176 ] ] } },
{ "type": "Feature", "properties": { "component": 2, "name": [ "Southwest Cherry Avenue" ], "highway": [ "residential" ] }, "geometry": { "type": "LineString", "coordinates": [ [ -123.31362, 44.56116 ], [ -123.31306, 44.56074 ] ] } },
{ "type": "Feature", "properties": { "component": 2, "name": [ "Southwest 55th Street" ], "highway": [ "residential" ] }, "geometry": { "type": "LineString", "coordinates": [ [ -123.31362, 44.56116 ], [ -123.31416, 44.56062 ], [ -123.31416, 44.5587 ] ] } },
{ "type": "Feature", "properties": { "component": 2, "name": [ "Southwest Cherry Avenue" ], "highway": [ "residential" ] }, "geometry": { "type": "LineString", "coordinates": [ [ -123.31576, 44.56176 ], [ -123.31524, 44.56176 ] ] } },
{ "type": "Feature", "properties": { "component": 1, "name": [ "Southeast Midvale Drive" ], "highway": [ "residential" ] }, "geometry": { "type": "LineString", "coordinates": [ [ -123.25878, 44.53084 ], [ -123.25894, 44.52978 ] ] } },
{ "type": "Feature", "properties": { "component": 1, "name": [ "Southeast Shoreline Drive" ], "highway": [ "residential" ] }, "geometry": { "type": "LineString", "coordinates": [ [ -123.25562, 44.5298 ], [ -123.25604, 44.52902 ] ] } },
{ "type": "Feature", "properties": { "component": 1, "name": [ "Southeast Rivergreen Avenue" ], "highway": [ "residential" ] }, "geometry": { "type": "LineString", "coordinates": [ [ -123.25562, 44.5298 ], [ -123.25718, 44.53056 ] ] } },
{ "type": "Feature", "properties": { "component": 1, "name": [ "Southeast Shoreline Drive" ], "highway": [ "residential" ] }, "geometry": { "type": "LineString", "coordinates": [ [ -123.25562, 44.5298 ], [ -123.25498, 44.5304 ] ] } },
{ "type": "Feature", "properties": { "component": 0, "name": [ "Northwest Fillmore Avenue" ], "highway": [ "residential" ] }, "geometry": { "type": "LineString", "coordinates": [ [ -123.27524, 44.57546 ], [ -123.2765, 44.57548 ] ] } },
{ "type": "Feature", "properties": { "component": 0, "name": [ "Northwest Fillmore Avenue" ], "highway": [ "residential" ] }, "geometry": { "type": "LineString", "coordinates": [ [ -123.2765, 44.57548 ], [ -123.27778, 44.57548 ] ] } },
{ "type": "Feature", "properties": { "component": 0, "name": [ "Northwest Fillmore Avenue" ], "highway": [ "residential" ] }, "geometry": { "type": "LineString", "coordinates": [ [ -123.2765, 44.57548 ], [ -123.27524, 44.57546 ] ] } },
{ "type": "Feature", "properties": { "component": 0, "name": [ "Northwest Fillmore Avenue" ], "highway": [ "residential" ] }, "geometry": { "type": "LineString", "coordinates": [ [ -123.27778, 44.57548 ], [ -123.27904, 44.5755 ] ] } },
{ "type": "Feature", "properties": { "component": 0, "name": [ "Northwest Fillmore Avenue" ], "highway": [ "residential" ] }, "geometry": { "type": "LineString", "coordinates": [ [ -123.27778, 44.57548 ], [ -123.2765, 44.57548 ] ] } },
{ "type": "Feature", "properties": { "component": 0, "name": [ "Northwest Coolidge Way" ], "highway": [ "residential" ] }, "geometry": { "type": "LineString", "coordinates": [ [ -123.27778, 44.57548 ], [ -123.27906, 44.57624 ] ] } },
{ "type": "Feature", "properties": { "component": 0, "name": [ "Northwest 23rd Street" ], "highway": [ "residential" ] }, "geometry": { "type": "LineString", "coordinates": [ [ -123.27778, 44.57548 ], [ -123.27782, 44.57706 ] ] } },
{ "type": "Feature", "properties": { "component": 0, "name": [ "Northwest 23rd Street" ], "highway": [ "residential" ] }, "geometry": { "type": "LineString", "coordinates": [ [ -123.27778, 44.57548 ], [ -123.27776, 44.5745 ] ] } },
{ "type": "Feature", "properties": { "component": 0, "name": [ "Northwest Fillmore Avenue" ], "highway": [ "residential" ] }, "geometry": { "type": "LineString", "coordinates": [ [ -123.27904, 44.5755 ], [ -123.2801, 44.5755 ] ] } },
{ "type": "Feature", "properties": { "component": 0, "name": [ "Northwest Fillmore Avenue" ], "highway": [ "residential" ] }, "geometry": { "type": "LineString", "coordinates": [ [ -123.27904, 44.5755 ], [ -123.27778, 44.57548 ] ] } },
{ "type": "Feature", "properties": { "component": 0, "name": [ "Northwest 25th Street" ], "highway": [ "residential" ] }, "geometry": { "type": "LineString", "coordinates": [ [ -123.27904, 44.5755 ], [ -123.27906, 44.57624 ] ] } },
{ "type": "Feature", "properties": { "component": 0, "name": [ "Northwest 25th Street" ], "highway": [ "residential" ] }, "geometry": { "type": "LineString", "coordinates": [ [ -123.27904, 44.5755 ], [ -123.279, 44.57458 ] ] } },
{ "type": "Feature", "properties": { "component": 0, "name": [ "Northwest 26th Street" ], "highway": [ "residential" ] }, "geometry": { "type": "LineString", "coordinates": [ [ -123.2801, 44.5755 ], [ -123.28012, 44.57688 ] ] } },
{ "type": "Feature", "properties": { "component": 0, "name": [ "Northwest Fillmore Avenue" ], "highway": [ "residential" ] }, "geometry": { "type": "LineString", "coordinates": [ [ -123.2801, 44.5755 ], [ -123.28116, 44.5755 ] ] } },
{ "type": "Feature", "properties": { "component": 0, "name": [ "Northwest Fillmore Avenue" ], "highway": [ "residential" ] }, "geometry": { "type": "LineString", "coordinates": [ [ -123.2801, 44.5755 ], [ -123.27904, 44.5755 ] ] } },
{ "type": "Feature", "properties": { "component": 0, "name": [ "Northwest 26th Street" ], "highway": [ "residential" ] }, "geometry": { "type": "LineString", "coordinates": [ [ -123.2801, 44.5755 ], [ -123.28012, 44.5746 ] ] } },
{ "type": "Feature", "properties": { "component": 0, "name": [ "Northwest 27th Street" ], "highway": [ "residential" ] }, "geometry": { "type": "LineString", "coordinates": [ [ -123.28116, 44.5755 ], [ -123.28116, 44.5771 ] ] } },
{ "type": "Feature", "properties": { "component": 0, "name": [ "Northwest Fillmore Avenue" ], "highway": [ "residential" ] }, "geometry": { "type": "LineString", "coordinates": [ [ -123.28116, 44.5755 ], [ -123.2822, 44.57552 ] ] } },
{ "type": "Feature", "properties": { "component": 0, "name": [ "Northwest Fillmore Avenue" ], "highway": [ "residential" ] }, "geometry": { "type": "LineString", "coordinates": [ [ -123.28116, 44.5755 ], [ -123.2801, 44.5755 ] ] } },
{ "type": "Feature", "properties": { "component": 0, "name": [ "Northwest 27th Street" ], "highway": [ "residential" ] }, "geometry": { "type": "LineString", "coordinates": [ [ -123.28116, 44.5755 ], [ -123.28118, 44.5746 ] ] } },
{ "type": "Feature", "properties": { "component": 0, "name": [ "Northwest Fillmore Avenue" ], "highway": [ "residential" ] }, "geometry": { "type": "LineString", "coordinates": [ [ -123.2822, 44.57552 ], [ -123.28326, 44.57552 ] ] } },
{ "type": "Feature", "properties": { "component": 0, "name": [ "Northwest 28th Street" ], "highway": [ "residential" ] }, "geometry": { "type": "LineString", "coordinates": [ [ -123.2822, 44.57552 ], [ -123.28216, 44.5771 ] ] } },
{ "type": "Feature", "properties": { "component": 0, "name": [ "Northwest 28th Street" ], "highway": [ "residential" ] }, "geometry": { "type": "LineString", "coordinates": [ [ -123.2822, 44.57552 ], [ -123.28222, 44.5746 ] ] } },
{ "type": "Feature", "properties": { "component": 0, "name": [ "Northwest Fillmore Avenue" ], "highway": [ "residential" ] }, "geometry": { "type": "LineString", "coordinates": [ [ -123.2822, 44.57552 ], [ -123.28116, 44.5755 ] ] } },
{ "type": "Feature", "properties": { "component": 0, "name": [ "Northwest Fillmore Avenue" ], "highway": [ "residential" ] }, "geometry": { "type": "LineString", "coordinates": [ [ -123.28326, 44.57552 ], [ -123.2846, 44.57554 ] ] } },
{ "type": "Feature", "properties": { "component": 0, "name": [ "Northwest Fillmore Avenue" ], "highway": [ "residential" ] }, "geometry": { "type": "LineString", "coordinates": [ [ -123.28326, 44.57552 ], [ -123.2822, 44.57552 ] ] } },
{ "type": "Feature", "properties": { "component": 0, "name": [ "Northwest Fillmore Avenue" ], "highway": [ "residential" ] }, "geometry": { "type": "LineString", "coordinates": [ [ -123.2846, 44.57554 ], [ -123.28584, 44.57554 ] ] } },
{ "type": "Feature", "properties": { "component": 0, "name": [ "Northwest Fillmore Avenue" ], "highway": [ "residential" ] }, "geometry": { "type": "LineString", "coordinates": [ [ -123.2846, 44.57554 ], [ -123.28326, 44.57552 ] ] } },
{ "type": "Feature", "properties": { "component": 0, "name": [ "Northwest 30th Street" ], "highway": [ "residential" ] }, "geometry": { "type": "LineString", "coordinates": [ [ -123.2846, 44.57554 ], [ -123.28454, 44.57712 ] ] } },
{ "type": "Feature", "properties": { "component": 0, "name": [ "Northwest 30th Street" ], "highway": [ "residential" ] }, "geometry": { "type": "LineString", "coordinates": [ [ -123.2846, 44.57554 ], [ -123.28462, 44.57464 ] ] } },
{ "type": "Feature", "properties": { "component": 0, "name": [ "Northwest Fillmore Avenue" ], "highway": [ "residential" ] }, "geometry": { "type": "LineString", "coordinates": [ [ -123.28684, 44.57554 ], [ -123.28584, 44.57554 ] ] } },
{ "type": "Feature", "properties": { "component": 0, "name": [ "Northwest 32nd Street" ], "highway": [ "residential" ] }, "geometry": { "type": "LineString", "coordinates": [ [ -123.28684, 44.57554 ], [ -123.28688, 44.57714 ] ] } },
{ "type": "Feature", "properties": { "component": 0, "name": [ "Northwest 32nd Street" ], "highway": [ "residential" ] }, "geometry": { "type": "LineString", "coordinates": [ [ -123.28684, 44.57554 ], [ -123.28684, 44.57464 ] ] } },
{ "type": "Feature", "properties": { "component": 0, "name": [ "Northwest Fillmore Avenue" ], "highway": [ "residential" ] }, "geometry": { "type": "LineString", "coordinates": [ [ -123.28684, 44.57554 ], [ -123.28786, 44.57554 ] ] } },
{ "type": "Feature", "properties": { "component": 0, "name": [ "Northwest 33rd Street" ], "highway": [ "residential" ] }, "geometry": { "type": "LineString", "coordinates": [ [ -123.28786, 44.57554 ], [ -123.2879, 44.57714 ] ] } },
{ "type": "Feature", "properties": { "component": 0, "name": [ "Northwest 33rd Street" ], "highway": [ "residential" ] }, "geometry": { "type": "LineString", "coordinates": [ [ -123.28786, 44.57554 ], [ -123.28786, 44.57464 ] ] } },
{ "type": "Feature", "properties": { "component": 0, "name": [ "Northwest Fillmore Avenue" ], "highway": [ "residential" ] }, "geometry": { "type": "LineString", "coordinates": [ [ -123.28786, 44.57554 ], [ -123.28888, 44.57556 ] ] } },
{ "type": "Feature", "properties": { "component": 0, "name": [ "Northwest Fillmore Avenue" ], "highway": [ "residential" ] }, "geometry": { "type": "LineString", "coordinates": [ [ -123.28786, 44.57554 ], [ -123.28684, 44.57554 ] ] } },
{ "type": "Feature", "properties": { "component": 0, "name": [ "Northwest 34th Street" ], "highway": [ "residential" ] }, "geometry": { "type": "LineString", "coordinates": [ [ -123.28888, 44.57556 ], [ -123.28892, 44.57714 ] ] } },
{ "type": "Feature", "properties": { "component": 0, "name": [ "Northwest 34th Street" ], "highway": [ "residential" ] }, "geometry": { "type": "LineString", "coordinates": [ [ -123.28888, 44.57556 ], [ -123.28886, 44.57462 ] ] } },
{ "type": "Feature", "properties": { "component": 0, "name": [ "Northwest Fillmore Avenue" ], "highway": [ "residential" ] }, "geometry": { "type": "LineString", "coordinates": [ [ -123.28888, 44.57556 ], [ -123.2899, 44.57556 ] ] } },
{ "type": "Feature", "properties": { "component": 0, "name": [ "Northwest Fillmore Avenue" ], "highway": [ "residential" ] }, "geometry": { "type": "LineString", "coordinates": [ [ -123.28888, 44.57556 ], [ -123.28786, 44.57554 ] ] } },
{ "type": "Feature", "properties": { "component": 0, "name": [ "Northwest Fillmore Avenue" ], "highway": [ "residential" ] }, "geometry": { "type": "LineString", "coordinates": [ [ -123.2899, 44.57556 ], [ -123.29094, 44.57558 ] ] } },
{ "type": "Feature", "properties": { "component": 0, "name": [ "Northwest 35th Street" ], "highway": [ "residential" ] }, "geometry": { "type": "LineString", "coordinates": [ [ -123.2899, 44.57556 ], [ -123.28992, 44.57716 ] ] } },
{ "type": "Feature", "properties": { "component": 0, "name": [ "Northwest Fillmore Avenue" ], "highway": [ "residential" ] }, "geometry": { "type": "LineString", "coordinates": [ [ -123.2899, 44.57556 ], [ -123.28888, 44.57556 ] ] } },
{ "type": "Feature", "properties": { "component": 0, "name": [ "Northwest 35th Street" ], "highway": [ "residential" ] }, "geometry": { "type": "LineString", "coordinates": [ [ -123.2899, 44.57556 ], [ -123.28988, 44.57462 ] ] } },
{ "type": "Feature", "properties": { "component": 0, "name": [ "Northwest Fillmore Avenue" ], "highway": [ "residential" ] }, "geometry": { "type": "LineString", "coordinates": [ [ -123.29094, 44.57558 ], [ -123.2899, 44.57556 ] ] } },
{ "type": "Feature", "properties": { "component": 0, "name": [ "Northwest Fillmore Avenue" ], "highway": [ "residential" ] }, "geometry": { "type": "LineString", "coordinates": [ [ -123.29094, 44.57558 ], [ -123.29212, 44.57556 ] ] } },
{ "type": "Feature", "properties": { "component": 0, "name": [ "Northwest Merrie Drive" ], "highway": [ "residential" ] }, "geometry": { "type": "LineString", "coordinates": [ [ -123.29324, 44.57554 ], [ -123.29326, 44.57636 ] ] } },
{ "type": "Feature", "properties": { "component": 0, "name": [ "Northwest Fillmore Avenue" ], "highway": [ "residential" ] }, "geometry": { "type": "LineString", "coordinates": [ [ -123.29324, 44.57554 ], [ -123.29212, 44.57556 ] ] } },
{ "type": "Feature", "properties": { "component": 0, "name": [ "Northwest Merrie Drive" ], "highway": [ "residential" ] }, "geometry": { "type": "LineString", "coordinates": [ [ -123.29324, 44.57554 ], [ -123.29342, 44.57424 ] ] } },
{ "type": "Feature", "properties": { "component": 0, "name": [ "Northwest Fillmore Avenue" ], "highway": [ "residential" ] }, "geometry": { "type": "LineString", "coordinates": [ [ -123.26802, 44.57356 ], [ -123.26708, 44.57334 ] ] } },
{ "type": "Feature", "properties": { "component": 0, "name": [ "Northwest Fillmore Avenue" ], "highway": [ "residential" ] }, "geometry": { "type": "LineString", "coordinates": [ [ -123.26802, 44.57356 ], [ -123.26896, 44.5738 ] ] } },
{ "type": "Feature", "properties": { "component": 0, "name": "['Northwest 13th Street' 'Northwest Pierce Way']", "highway": [ "residential" ] }, "geometry": { "type": "LineString", "coordinates": [ [ -123.26802, 44.57356 ], [ -123.26776, 44.57406 ], [ -123.26672, 44.57412 ] ] } },
{ "type": "Feature", "properties": { "component": 0, "name": [ "Northwest 13th Street" ], "highway": [ "residential" ] }, "geometry": { "type": "LineString", "coordinates": [ [ -123.26802, 44.57356 ], [ -123.26844, 44.57268 ] ] } },
{ "type": "Feature", "properties": { "component": 0, "name": [ "Northwest Fillmore Avenue" ], "highway": [ "residential" ] }, "geometry": { "type": "LineString", "coordinates": [ [ -123.26708, 44.57334 ], [ -123.26612, 44.57308 ] ] } },
{ "type": "Feature", "properties": { "component": 0, "name": [ "Northwest Fillmore Avenue" ], "highway": [ "residential" ] }, "geometry": { "type": "LineString", "coordinates": [ [ -123.26708, 44.57334 ], [ -123.26802, 44.57356 ] ] } },
{ "type": "Feature", "properties": { "component": 0, "name": [ "Northwest 12th Street" ], "highway": [ "residential" ] }, "geometry": { "type": "LineString", "coordinates": [ [ -123.26708, 44.57334 ], [ -123.26672, 44.57412 ] ] } },
{ "type": "Feature", "properties": { "component": 0, "name": [ "Northwest 12th Street" ], "highway": [ "residential" ] }, "geometry": { "type": "LineString", "coordinates": [ [ -123.26708, 44.57334 ], [ -123.26752, 44.57246 ] ] } },
{ "type": "Feature", "properties": { "component": 0, "name": [ "Northwest Fillmore Avenue" ], "highway": [ "residential" ] }, "geometry": { "type": "LineString", "coordinates": [ [ -123.26612, 44.57308 ], [ -123.26512, 44.57284 ] ] } },
{ "type": "Feature", "properties": { "component": 0, "name": [ "Northwest Fillmore Avenue" ], "highway": [ "residential" ] }, "geometry": { "type": "LineString", "coordinates": [ [ -123.26612, 44.57308 ], [ -123.26708, 44.57334 ] ] } },
{ "type": "Feature", "properties": { "component": 0, "name": [ "Northwest 11th Street" ], "highway": [ "residential" ] }, "geometry": { "type": "LineString", "coordinates": [ [ -123.26612, 44.57308 ], [ -123.26558, 44.57418 ] ] } },
{ "type": "Feature", "properties": { "component": 0, "name": [ "Northwest 11th Street" ], "highway": [ "residential" ] }, "geometry": { "type": "LineString", "coordinates": [ [ -123.26612, 44.57308 ], [ -123.26656, 44.5722 ] ] } },
{ "type": "Feature", "properties": { "component": 0, "name": [ "Northwest Fillmore Avenue" ], "highway": [ "residential" ] }, "geometry": { "type": "LineString", "coordinates": [ [ -123.26512, 44.57284 ], [ -123.26612, 44.57308 ] ] } },
{ "type": "Feature", "properties": { "component": 4, "name": [ "Titleist Circle" ], "highway": [ "residential" ] }, "geometry": { "type": "LineString", "coordinates": [ [ -123.29874, 44.5385 ], [ -123.2985, 44.53998 ], [ -123.29766, 44.5399 ], [ -123.29756, 44.53852 ] ] } },
{ "type": "Feature", "properties": { "component": 4, "name": [ "Southwest Agate Avenue" ], "highway": [ "residential" ] }, "geometry": { "type": "LineString", "coordinates": [ [ -123.29874, 44.5385 ], [ -123.29756, 44.53852 ] ] } },
{ "type": "Feature", "properties": { "component": 4, "name": [ "Southwest Agate Avenue" ], "highway": [ "residential" ] }, "geometry": { "type": "LineString", "coordinates": [ [ -123.29874, 44.5385 ], [ -123.30026, 44.5385 ], [ -123.3005, 44.53784 ] ] } },
{ "type": "Feature", "properties": { "component": 4, "name": [ "Titleist Circle" ], "highway": [ "residential" ] }, "geometry": { "type": "LineString", "coordinates": [ [ -123.29756, 44.53852 ], [ -123.29766, 44.5399 ], [ -123.2985, 44.53998 ], [ -123.29874, 44.5385 ] ] } },
{ "type": "Feature", "properties": { "component": 4, "name": [ "Southwest Agate Avenue" ], "highway": [ "residential" ] }, "geometry": { "type": "LineString", "coordinates": [ [ -123.29756, 44.53852 ], [ -123.29874, 44.5385 ] ] } },
{ "type": "Feature", "properties": { "component": 4, "name": [ "Southwest Agate Avenue" ], "highway": [ "residential" ] }, "geometry": { "type": "LineString", "coordinates": [ [ -123.29756, 44.53852 ], [ -123.29568, 44.538 ] ] } },
{ "type": "Feature", "properties": { "component": 3, "name": [ "Northwest Kinderman Drive" ], "highway": [ "residential" ] }, "geometry": { "type": "LineString", "coordinates": [ [ -123.30482, 44.59138 ], [ -123.30386, 44.59208 ] ] } },
{ "type": "Feature", "properties": { "component": 3, "name": [ "Northwest Kinderman Drive" ], "highway": [ "residential" ] }, "geometry": { "type": "LineString", "coordinates": [ [ -123.30482, 44.59138 ], [ -123.30488, 44.59066 ] ] } },
{ "type": "Feature", "properties": { "component": 3, "name": [ "Northwest Acey Way" ], "highway": [ "residential" ] }, "geometry": { "type": "LineString", "coordinates": [ [ -123.30612, 44.59138 ], [ -123.3045, 44.59256 ] ] } },
{ "type": "Feature", "properties": { "component": 3, "name": [ "Northwest Romancier Drive" ], "highway": [ "residential" ] }, "geometry": { "type": "LineString", "coordinates": [ [ -123.30564, 44.59336 ], [ -123.30634, 44.59368 ] ] } },
{ "type": "Feature", "properties": { "component": 3, "name": [ "Northwest Romancier Drive" ], "highway": [ "residential" ] }, "geometry": { "type": "LineString", "coordinates": [ [ -123.30564, 44.59336 ], [ -123.30492, 44.59294 ] ] } },
{ "type": "Feature", "properties": { "component": 0, "name": [ "Northwest Greenwood Avenue" ], "highway": [ "residential" ] }, "geometry": { "type": "LineString", "coordinates": [ [ -123.28746, 44.5815 ], [ -123.2871, 44.58146 ] ] } },
{ "type": "Feature", "properties": { "component": 0, "name": [ "Northwest Greenwood Avenue" ], "highway": [ "residential" ] }, "geometry": { "type": "LineString", "coordinates": [ [ -123.2871, 44.58146 ], [ -123.2861, 44.58148 ] ] } },
{ "type": "Feature", "properties": { "component": 0, "name": [ "Northwest Greenwood Avenue" ], "highway": [ "residential" ] }, "geometry": { "type": "LineString", "coordinates": [ [ -123.2871, 44.58146 ], [ -123.28746, 44.5815 ] ] } },
{ "type": "Feature", "properties": { "component": 0, "name": [ "Northwest Greenwood Place" ], "highway": [ "residential" ] }, "geometry": { "type": "LineString", "coordinates": [ [ -123.2871, 44.58146 ], [ -123.28712, 44.58078 ] ] } },
{ "type": "Feature", "properties": { "component": 0, "name": [ "Northwest Greenwood Avenue" ], "highway": [ "residential" ] }, "geometry": { "type": "LineString", "coordinates": [ [ -123.2861, 44.58148 ], [ -123.2871, 44.58146 ] ] } },
{ "type": "Feature", "properties": { "component": 0, "name": [ "Northwest Hillcrest Drive" ], "highway": [ "residential" ] }, "geometry": { "type": "LineString", "coordinates": [ [ -123.2861, 44.58148 ], [ -123.28606, 44.58166 ] ] } },
{ "type": "Feature", "properties": { "component": 0, "name": [ "Northwest Hillcrest Drive" ], "highway": [ "residential" ] }, "geometry": { "type": "LineString", "coordinates": [ [ -123.2861, 44.58148 ], [ -123.2861, 44.57932 ] ] } },
{ "type": "Feature", "properties": { "component": 0, "name": [ "Northwest Elmwood Drive" ], "highway": [ "residential" ] }, "geometry": { "type": "LineString", "coordinates": [ [ -123.30038, 44.58944 ], [ -123.29854, 44.58946 ] ] } },
{ "type": "Feature", "properties": { "component": 0, "name": [ "Northwest Christopher Place" ], "highway": [ "residential" ] }, "geometry": { "type": "LineString", "coordinates": [ [ -123.30038, 44.58944 ], [ -123.30024, 44.58844 ] ] } },
{ "type": "Feature", "properties": { "component": 0, "name": [ "Northwest Elmwood Drive" ], "highway": [ "residential" ] }, "geometry": { "type": "LineString", "coordinates": [ [ -123.30038, 44.58944 ], [ -123.30136, 44.5889 ] ] } },
{ "type": "Feature", "properties": { "component": 0, "name": [ "Northwest Christopher Place" ], "highway": [ "residential" ] }, "geometry": { "type": "LineString", "coordinates": [ [ -123.30024, 44.58844 ], [ -123.30038, 44.58944 ] ] } },
{ "type": "Feature", "properties": { "component": 3, "name": [ "Northwest Romancier Drive" ], "highway": [ "residential" ] }, "geometry": { "type": "LineString", "coordinates": [ [ -123.30492, 44.59294 ], [ -123.30564, 44.59336 ] ] } },
{ "type": "Feature", "properties": { "component": 3, "name": [ "Northwest Romancier Drive" ], "highway": [ "residential" ] }, "geometry": { "type": "LineString", "coordinates": [ [ -123.30492, 44.59294 ], [ -123.3045, 44.59256 ] ] } },
{ "type": "Feature", "properties": { "component": 6, "name": [ "Northwest Aspen Street" ], "highway": [ "residential" ] }, "geometry": { "type": "LineString", "coordinates": [ [ -123.29402, 44.59318 ], [ -123.29402, 44.59368 ] ] } },
{ "type": "Feature", "properties": { "component": 0, "name": [ "Northwest 25th Street" ], "highway": [ "residential" ] }, "geometry": { "type": "LineString", "coordinates": [ [ -123.28028, 44.5931 ], [ -123.28022, 44.59258 ] ] } },
{ "type": "Feature", "properties": { "component": 0, "name": [ "Northwest Garryanna Drive" ], "highway": [ "residential" ] }, "geometry": { "type": "LineString", "coordinates": [ [ -123.26876, 44.59376 ], [ -123.26886, 44.5951 ] ] } },
{ "type": "Feature", "properties": { "component": 0, "name": [ "Northwest Garryanna Street" ], "highway": [ "residential" ] }, "geometry": { "type": "LineString", "coordinates": [ [ -123.26876, 44.59376 ], [ -123.26882, 44.59276 ] ] } },
{ "type": "Feature", "properties": { "component": 0, "name": [ "Northwest Jackson Avenue" ], "highway": [ "residential" ] }, "geometry": { "type": "LineString", "coordinates": [ [ -123.28138, 44.56976 ], [ -123.28098, 44.56978 ] ] } },
{ "type": "Feature", "properties": { "component": 0, "name": [ "Northwest 27th Street" ], "highway": [ "residential" ] }, "geometry": { "type": "LineString", "coordinates": [ [ -123.28138, 44.56976 ], [ -123.2814, 44.57014 ] ] } },
{ "type": "Feature", "properties": { "component": 0, "name": [ "Northwest 27th Street" ], "highway": [ "residential" ] }, "geometry": { "type": "LineString", "coordinates": [ [ -123.28138, 44.56976 ], [ -123.28132, 44.5686 ] ] } },
{ "type": "Feature", "properties": { "component": 0, "name": [ "Northwest Jackson Avenue" ], "highway": [ "residential" ] }, "geometry": { "type": "LineString", "coordinates": [ [ -123.28138, 44.56976 ], [ -123.28262, 44.56976 ] ] } },
{ "type": "Feature", "properties": { "component": 0, "name": [ "Northwest 27th Street" ], "highway": [ "residential" ] }, "geometry": { "type": "LineString", "coordinates": [ [ -123.28116, 44.57178 ], [ -123.28116, 44.57272 ] ] } },
{ "type": "Feature", "properties": { "component": 0, "name": [ "Northwest 27th Street" ], "highway": [ "residential" ] }, "geometry": { "type": "LineString", "coordinates": [ [ -123.28116, 44.57272 ], [ -123.28116, 44.57178 ] ] } },
{ "type": "Feature", "properties": { "component": 0, "name": [ "Northwest 27th Street" ], "highway": [ "residential" ] }, "geometry": { "type": "LineString", "coordinates": [ [ -123.28116, 44.57272 ], [ -123.28116, 44.5737 ] ] } },
{ "type": "Feature", "properties": { "component": 0, "name": [ "Northwest Tyler Avenue" ], "highway": [ "residential" ] }, "geometry": { "type": "LineString", "coordinates": [ [ -123.28116, 44.57272 ], [ -123.2834, 44.57274 ] ] } },
{ "type": "Feature", "properties": { "component": 0, "name": [ "Northwest Tyler Avenue" ], "highway": [ "residential" ] }, "geometry": { "type": "LineString", "coordinates": [ [ -123.28116, 44.57272 ], [ -123.28012, 44.57272 ] ] } },
{ "type": "Feature", "properties": { "component": 0, "name": [ "Northwest 27th Street" ], "highway": [ "residential" ] }, "geometry": { "type": "LineString", "coordinates": [ [ -123.28118, 44.5746 ], [ -123.28116, 44.5755 ] ] } },
{ "type": "Feature", "properties": { "component": 0, "name": [ "Northwest 27th Street" ], "highway": [ "residential" ] }, "geometry": { "type": "LineString", "coordinates": [ [ -123.28118, 44.5746 ], [ -123.28116, 44.5737 ] ] } },
{ "type": "Feature", "properties": { "component": 0, "name": [ "Northwest Taylor Avenue" ], "highway": [ "residential" ] }, "geometry": { "type": "LineString", "coordinates": [ [ -123.28118, 44.5746 ], [ -123.28222, 44.5746 ] ] } },
{ "type": "Feature", "properties": { "component": 0, "name": [ "Northwest Taylor Avenue" ], "highway": [ "residential" ] }, "geometry": { "type": "LineString", "coordinates": [ [ -123.28118, 44.5746 ], [ -123.28012, 44.5746 ] ] } },
{ "type": "Feature", "properties": { "component": 0, "name": [ "Northwest 27th Street" ], "highway": [ "residential" ] }, "geometry": { "type": "LineString", "coordinates": [ [ -123.28116, 44.5771 ], [ -123.28118, 44.57754 ] ] } },
{ "type": "Feature", "properties": { "component": 0, "name": [ "Northwest 27th Street" ], "highway": [ "residential" ] }, "geometry": { "type": "LineString", "coordinates": [ [ -123.28116, 44.5771 ], [ -123.28116, 44.5755 ] ] } },
{ "type": "Feature", "properties": { "component": 0, "name": [ "Northwest Lincoln Avenue" ], "highway": [ "residential" ] }, "geometry": { "type": "LineString", "coordinates": [ [ -123.28116, 44.5771 ], [ -123.28216, 44.5771 ] ] } },
{ "type": "Feature", "properties": { "component": 0, "name": [ "Northwest Lincoln Avenue" ], "highway": [ "residential" ] }, "geometry": { "type": "LineString", "coordinates": [ [ -123.28116, 44.5771 ], [ -123.28042, 44.57708 ] ] } },
{ "type": "Feature", "properties": { "component": 0, "name": [ "Northwest 27th Street" ], "highway": [ "residential" ] }, "geometry": { "type": "LineString", "coordinates": [ [ -123.28118, 44.57754 ], [ -123.28116, 44.57866 ] ] } },
{ "type": "Feature", "properties": { "component": 0, "name": [ "Northwest 27th Street" ], "highway": [ "residential" ] }, "geometry": { "type": "LineString", "coordinates": [ [ -123.28118, 44.57754 ], [ -123.28116, 44.5771 ] ] } },
{ "type": "Feature", "properties": { "component": 0, "name": [ "Northwest Coolidge Way" ], "highway": [ "residential" ] }, "geometry": { "type": "LineString", "coordinates": [ [ -123.28118, 44.57754 ], [ -123.28042, 44.57708 ] ] } },
{ "type": "Feature", "properties": { "component": 0, "name": [ "Northwest Coolidge Way" ], "highway": [ "residential" ] }, "geometry": { "type": "LineString", "coordinates": [ [ -123.28118, 44.57754 ], [ -123.28212, 44.5781 ] ] } },
{ "type": "Feature", "properties": { "component": 0, "name": [ "Northwest 27th Street" ], "highway": [ "residential" ] }, "geometry": { "type": "LineString", "coordinates": [ [ -123.28116, 44.57866 ], [ -123.28114, 44.57958 ] ] } },
{ "type": "Feature", "properties": { "component": 0, "name": [ "Northwest 27th Street" ], "highway": [ "residential" ] }, "geometry": { "type": "LineString", "coordinates": [ [ -123.28116, 44.57866 ], [ -123.28118, 44.57754 ] ] } },
{ "type": "Feature", "properties": { "component": 0, "name": [ "Northwest 27th Street" ], "highway": [ "residential" ] }, "geometry": { "type": "LineString", "coordinates": [ [ -123.28114, 44.57958 ], [ -123.28112, 44.58048 ] ] } },
{ "type": "Feature", "properties": { "component": 0, "name": [ "Northwest 27th Street" ], "highway": [ "residential" ] }, "geometry": { "type": "LineString", "coordinates": [ [ -123.28114, 44.57958 ], [ -123.28116, 44.57866 ] ] } },
{ "type": "Feature", "properties": { "component": 0, "name": [ "Northwest Greeley Avenue" ], "highway": [ "residential" ] }, "geometry": { "type": "LineString", "coordinates": [ [ -123.28114, 44.57958 ], [ -123.28306, 44.5796 ] ] } },
{ "type": "Feature", "properties": { "component": 0, "name": [ "Northwest 27th Street" ], "highway": [ "residential" ] }, "geometry": { "type": "LineString", "coordinates": [ [ -123.28112, 44.58048 ], [ -123.28112, 44.58162 ] ] } },
{ "type": "Feature", "properties": { "component": 0, "name": [ "Northwest 27th Street" ], "highway": [ "residential" ] }, "geometry": { "type": "LineString", "coordinates": [ [ -123.28112, 44.58048 ], [ -123.28114, 44.57958 ] ] } },
{ "type": "Feature", "properties": { "component": 0, "name": [ "Northwest Mulkey Avenue" ], "highway": [ "residential" ] }, "geometry": { "type": "LineString", "coordinates": [ [ -123.28112, 44.58048 ], [ -123.28306, 44.5805 ] ] } },
{ "type": "Feature", "properties": { "component": 0, "name": [ "Northwest Mulkey Avenue" ], "highway": [ "residential" ] }, "geometry": { "type": "LineString", "coordinates": [ [ -123.28112, 44.58048 ], [ -123.27766, 44.5805 ] ] } },
{ "type": "Feature", "properties": { "component": 0, "name": [ "Northwest 27th Street" ], "highway": [ "residential" ] }, "geometry": { "type": "LineString", "coordinates": [ [ -123.28112, 44.58162 ], [ -123.28112, 44.58048 ] ] } },
{ "type": "Feature", "properties": { "component": 0, "name": [ "Northwest Hayes Avenue" ], "highway": [ "residential" ] }, "geometry": { "type": "LineString", "coordinates": [ [ -123.28112, 44.58162 ], [ -123.27768, 44.5816 ] ] } },
{ "type": "Feature", "properties": { "component": 0, "name": [ "Northwest 27th Street" ], "highway": [ "residential" ] }, "geometry": { "type": "LineString", "coordinates": [ [ -123.28112, 44.58162 ], [ -123.28114, 44.58304 ] ] } },
{ "type": "Feature", "properties": { "component": 0, "name": [ "Northwest Hayes Avenue" ], "highway": [ "residential" ] }, "geometry": { "type": "LineString", "coordinates": [ [ -123.28112, 44.58162 ], [ -123.28308, 44.58164 ] ] } },
{ "type": "Feature", "properties": { "component": 0, "name": [ "Northwest 27th Street" ], "highway": [ "residential" ] }, "geometry": { "type": "LineString", "coordinates": [ [ -123.28114, 44.58304 ], [ -123.28114, 44.58444 ] ] } },
{ "type": "Feature", "properties": { "component": 0, "name": [ "Northwest 27th Street" ], "highway": [ "residential" ] }, "geometry": { "type": "LineString", "coordinates": [ [ -123.28114, 44.58304 ], [ -123.28112, 44.58162 ] ] } },
{ "type": "Feature", "properties": { "component": 0, "name": [ "Northwest 27th Street" ], "highway": [ "residential" ] }, "geometry": { "type": "LineString", "coordinates": [ [ -123.28118, 44.5864 ], [ -123.28118, 44.58776 ] ] } },
{ "type": "Feature", "properties": { "component": 0, "name": [ "Northwest 27th Street" ], "highway": [ "residential" ] }, "geometry": { "type": "LineString", "coordinates": [ [ -123.28118, 44.5864 ], [ -123.28114, 44.58444 ] ] } },
{ "type": "Feature", "properties": { "component": 0, "name": [ "Northwest Elmwood Drive" ], "highway": [ "residential" ] }, "geometry": { "type": "LineString", "coordinates": [ [ -123.28118, 44.58776 ], [ -123.28314, 44.58776 ] ] } },
{ "type": "Feature", "properties": { "component": 0, "name": [ "Northwest 27th Street" ], "highway": [ "residential" ] }, "geometry": { "type": "LineString", "coordinates": [ [ -123.28118, 44.58776 ], [ -123.28146, 44.58852 ] ] } },
{ "type": "Feature", "properties": { "component": 0, "name": [ "Northwest 27th Street" ], "highway": [ "residential" ] }, "geometry": { "type": "LineString", "coordinates": [ [ -123.28118, 44.58776 ], [ -123.28118, 44.5864 ] ] } },
{ "type": "Feature", "properties": { "component": 0, "name": [ "Northwest Elmwood Drive" ], "highway": [ "residential" ] }, "geometry": { "type": "LineString", "coordinates": [ [ -123.28118, 44.58776 ], [ -123.27874, 44.58776 ] ] } },
{ "type": "Feature", "properties": { "component": 0, "name": [ "Northwest 27th Street" ], "highway": [ "residential" ] }, "geometry": { "type": "LineString", "coordinates": [ [ -123.28146, 44.58852 ], [ -123.28174, 44.5892 ] ] } },
{ "type": "Feature", "properties": { "component": 0, "name": [ "Northwest 27th Street" ], "highway": [ "residential" ] }, "geometry": { "type": "LineString", "coordinates": [ [ -123.28146, 44.58852 ], [ -123.28118, 44.58776 ] ] } },
{ "type": "Feature", "properties": { "component": 0, "name": [ "Northwest Ashwood Drive" ], "highway": [ "residential" ] }, "geometry": { "type": "LineString", "coordinates": [ [ -123.28146, 44.58852 ], [ -123.28318, 44.58852 ] ] } },
{ "type": "Feature", "properties": { "component": 0, "name": [ "Northwest 27th Street" ], "highway": [ "residential" ] }, "geometry": { "type": "LineString", "coordinates": [ [ -123.28174, 44.5892 ], [ -123.28146, 44.58852 ] ] } },
{ "type": "Feature", "properties": { "component": 0, "name": [ "Northwest 27th Street" ], "highway": [ "residential" ] }, "geometry": { "type": "LineString", "coordinates": [ [ -123.28174, 44.5892 ], [ -123.2822, 44.59132 ] ] } },
{ "type": "Feature", "properties": { "component": 0, "name": [ "Northwest 27th Place" ], "highway": [ "residential" ] }, "geometry": { "type": "LineString", "coordinates": [ [ -123.28174, 44.5892 ], [ -123.2823, 44.5891 ] ] } },
{ "type": "Feature", "properties": { "component": 0, "name": [ "Northwest Roosevelt Drive" ], "highway": [ "residential" ] }, "geometry": { "type": "LineString", "coordinates": [ [ -123.2822, 44.59132 ], [ -123.28112, 44.59132 ] ] } },
{ "type": "Feature", "properties": { "component": 0, "name": [ "Northwest 27th Street" ], "highway": [ "residential" ] }, "geometry": { "type": "LineString", "coordinates": [ [ -123.2822, 44.59132 ], [ -123.28222, 44.59226 ] ] } },
{ "type": "Feature", "properties": { "component": 0, "name": [ "Northwest 27th Street" ], "highway": [ "residential" ] }, "geometry": { "type": "LineString", "coordinates": [ [ -123.2822, 44.59132 ], [ -123.28174, 44.5892 ] ] } },
{ "type": "Feature", "properties": { "component": 0, "name": [ "Northwest 27th Street" ], "highway": [ "residential" ] }, "geometry": { "type": "LineString", "coordinates": [ [ -123.28222, 44.59226 ], [ -123.2822, 44.59132 ] ] } },
{ "type": "Feature", "properties": { "component": 7, "name": [ "Northwest Firefern Place" ], "highway": [ "residential" ] }, "geometry": { "type": "LineString", "coordinates": [ [ -123.28978, 44.60012 ], [ -123.28896, 44.59944 ] ] } },
{ "type": "Feature", "properties": { "component": 0, "name": [ "Northwest Division Street" ], "highway": [ "residential" ] }, "geometry": { "type": "LineString", "coordinates": [ [ -123.26124, 44.58314 ], [ -123.26126, 44.5852 ] ] } },
{ "type": "Feature", "properties": { "component": 0, "name": [ "Northwest Division Street" ], "highway": [ "residential" ] }, "geometry": { "type": "LineString", "coordinates": [ [ -123.26126, 44.5852 ], [ -123.26128, 44.58588 ] ] } },
{ "type": "Feature", "properties": { "component": 0, "name": [ "Northwest Division Street" ], "highway": [ "residential" ] }, "geometry": { "type": "LineString", "coordinates": [ [ -123.26126, 44.5852 ], [ -123.26124, 44.58314 ] ] } },
{ "type": "Feature", "properties": { "component": 0, "name": [ "Northwest Hobart Avenue" ], "highway": [ "residential" ] }, "geometry": { "type": "LineString", "coordinates": [ [ -123.26126, 44.5852 ], [ -123.25898, 44.58522 ] ] } },
{ "type": "Feature", "properties": { "component": 0, "name": [ "Northwest Division Street" ], "highway": [ "residential" ] }, "geometry": { "type": "LineString", "coordinates": [ [ -123.26128, 44.58664 ], [ -123.2613, 44.58742 ] ] } },
{ "type": "Feature", "properties": { "component": 0, "name": [ "Northwest Division Street" ], "highway": [ "residential" ] }, "geometry": { "type": "LineString", "coordinates": [ [ -123.26128, 44.58664 ], [ -123.26128, 44.58588 ] ] } },
{ "type": "Feature", "properties": { "component": 0, "name": [ "Northwest Division Place" ], "highway": [ "residential" ] }, "geometry": { "type": "LineString", "coordinates": [ [ -123.26128, 44.58664 ], [ -123.26048, 44.58664 ] ] } },
{ "type": "Feature", "properties": { "component": 3, "name": [ "Northwest Deer Run Street" ], "highway": [ "residential" ] }, "geometry": { "type": "LineString", "coordinates": [ [ -123.31106, 44.5959 ], [ -123.31086, 44.59508 ] ] } },
{ "type": "Feature", "properties": { "component": 0, "name": [ "Northwest Tyler Avenue" ], "highway": [ "residential" ] }, "geometry": { "type": "LineString", "coordinates": [ [ -123.25892, 44.5683 ], [ -123.25994, 44.56856 ] ] } },
{ "type": "Feature", "properties": { "component": 0, "name": [ "Northwest Tyler Avenue" ], "highway": [ "residential" ] }, "geometry": { "type": "LineString", "coordinates": [ [ -123.25892, 44.5683 ], [ -123.25788, 44.56804 ] ] } },
{ "type": "Feature", "properties": { "component": 0, "name": [ "Northwest Polk Avenue" ], "highway": [ "residential" ] }, "geometry": { "type": "LineString", "coordinates": [ [ -123.25842, 44.56928 ], [ -123.25944, 44.56954 ] ] } },
{ "type": "Feature", "properties": { "component": 0, "name": [ "Northwest Polk Avenue" ], "highway": [ "residential" ] }, "geometry": { "type": "LineString", "coordinates": [ [ -123.25842, 44.56928 ], [ -123.25736, 44.569 ] ] } },
{ "type": "Feature", "properties": { "component": 0, "name": [ "Northwest Woodland Place" ], "highway": [ "residential" ] }, "geometry": { "type": "LineString", "coordinates": [ [ -123.29518, 44.58756 ], [ -123.29582, 44.58754 ] ] } },
{ "type": "Feature", "properties": { "component": 0, "name": [ "Northwest Bluebell Place" ], "highway": [ "residential" ] }, "geometry": { "type": "LineString", "coordinates": [ [ -123.27152, 44.59512 ], [ -123.2725, 44.59434 ] ] } },
{ "type": "Feature", "properties": { "component": 1, "name": [ "Southeast Natland Place" ], "highway": [ "residential" ] }, "geometry": { "type": "LineString", "coordinates": [ [ -123.26022, 44.53384 ], [ -123.2605, 44.53396 ] ] } },
{ "type": "Feature", "properties": { "component": 1, "name": [ "Southeast Summerfield Drive" ], "highway": [ "residential" ] }, "geometry": { "type": "LineString", "coordinates": [ [ -123.26022, 44.53384 ], [ -123.25938, 44.53448 ] ] } },
{ "type": "Feature", "properties": { "component": 1, "name": [ "Southeast Summerfield Drive" ], "highway": [ "residential" ] }, "geometry": { "type": "LineString", "coordinates": [ [ -123.26022, 44.53384 ], [ -123.26056, 44.53318 ] ] } },
{ "type": "Feature", "properties": { "component": 1, "name": [ "Southeast Natland Place" ], "highway": [ "residential" ] }, "geometry": { "type": "LineString", "coordinates": [ [ -123.2605, 44.53396 ], [ -123.26022, 44.53384 ] ] } },
{ "type": "Feature", "properties": { "component": 1, "name": [ "Southeast Shoreline Drive" ], "highway": [ "residential" ] }, "geometry": { "type": "LineString", "coordinates": [ [ -123.25498, 44.5304 ], [ -123.25442, 44.53096 ] ] } },
{ "type": "Feature", "properties": { "component": 1, "name": [ "Southeast Brookside Way" ], "highway": [ "residential" ] }, "geometry": { "type": "LineString", "coordinates": [ [ -123.25498, 44.5304 ], [ -123.25678, 44.5313 ] ] } },
{ "type": "Feature", "properties": { "component": 1, "name": [ "Southeast Shoreline Drive" ], "highway": [ "residential" ] }, "geometry": { "type": "LineString", "coordinates": [ [ -123.25498, 44.5304 ], [ -123.25562, 44.5298 ] ] } },
{ "type": "Feature", "properties": { "component": 0, "name": [ "Northwest Elder Street" ], "highway": [ "residential" ] }, "geometry": { "type": "LineString", "coordinates": [ [ -123.27698, 44.58952 ], [ -123.27698, 44.58918 ] ] } },
{ "type": "Feature", "properties": { "component": 0, "name": [ "Northwest Elder Street" ], "highway": [ "residential" ] }, "geometry": { "type": "LineString", "coordinates": [ [ -123.27698, 44.58918 ], [ -123.27712, 44.58848 ], [ -123.27874, 44.58848 ] ] } },
{ "type": "Feature", "properties": { "component": 0, "name": [ "Northwest Elder Street" ], "highway": [ "residential" ] }, "geometry": { "type": "LineString", "coordinates": [ [ -123.27698, 44.58918 ], [ -123.27698, 44.58952 ] ] } },
{ "type": "Feature", "properties": { "component": 0, "name": [ "Northwest Hazel Avenue" ], "highway": [ "residential" ] }, "geometry": { "type": "LineString", "coordinates": [ [ -123.27698, 44.58918 ], [ -123.27872, 44.58918 ] ] } },
{ "type": "Feature", "properties": { "component": 0, "name": [ "Northwest Elder Street" ], "highway": [ "residential" ] }, "geometry": { "type": "LineString", "coordinates": [ [ -123.27874, 44.58848 ], [ -123.27712, 44.58848 ], [ -123.27698, 44.58918 ] ] } },
{ "type": "Feature", "properties": { "component": 0, "name": [ "Northwest 23rd Street" ], "highway": [ "residential" ] }, "geometry": { "type": "LineString", "coordinates": [ [ -123.27874, 44.58848 ], [ -123.27872, 44.58918 ] ] } },
{ "type": "Feature", "properties": { "component": 0, "name": [ "Northwest 23rd Street" ], "highway": [ "residential" ] }, "geometry": { "type": "LineString", "coordinates": [ [ -123.27874, 44.58848 ], [ -123.27874, 44.58776 ] ] } },
{ "type": "Feature", "properties": { "component": 5, "name": [ "Northwest Bryant Street" ], "highway": [ "residential" ] }, "geometry": { "type": "LineString", "coordinates": [ [ -123.25386, 44.59676 ], [ -123.25386, 44.59786 ] ] } },
{ "type": "Feature", "properties": { "component": 5, "name": [ "Northwest Conifer Boulevard" ], "highway": [ "residential" ] }, "geometry": { "type": "LineString", "coordinates": [ [ -123.25386, 44.59676 ], [ -123.25198, 44.59678 ] ] } },
{ "type": "Feature", "properties": { "component": 5, "name": [ "Northwest Bryant Street" ], "highway": [ "residential" ] }, "geometry": { "type": "LineString", "coordinates": [ [ -123.25386, 44.59676 ], [ -123.25384, 44.5959 ] ] } },
{ "type": "Feature", "properties": { "component": 4, "name": [ "Southwest Roth Street" ], "highway": [ "residential" ] }, "geometry": { "type": "LineString", "coordinates": [ [ -123.28376, 44.54576 ], [ -123.28374, 44.54668 ] ] } },
{ "type": "Feature", "properties": { "component": 4, "name": [ "Southwest Chintimini Avenue" ], "highway": [ "residential" ] }, "geometry": { "type": "LineString", "coordinates": [ [ -123.28376, 44.54576 ], [ -123.2835, 44.54576 ] ] } },
{ "type": "Feature", "properties": { "component": 4, "name": [ "Southwest Chintimini Avenue" ], "highway": [ "residential" ] }, "geometry": { "type": "LineString", "coordinates": [ [ -123.28376, 44.54576 ], [ -123.28782, 44.54574 ] ] } },
{ "type": "Feature", "properties": { "component": 4, "name": [ "Southwest Roth Street" ], "highway": [ "residential" ] }, "geometry": { "type": "LineString", "coordinates": [ [ -123.28374, 44.54758 ], [ -123.28374, 44.54828 ] ] } },
{ "type": "Feature", "properties": { "component": 4, "name": [ "Southwest Roth Street" ], "highway": [ "residential" ] }, "geometry": { "type": "LineString", "coordinates": [ [ -123.28374, 44.54758 ], [ -123.28374, 44.54668 ] ] } },
{ "type": "Feature", "properties": { "component": 4, "name": [ "Southwest Long Avenue" ], "highway": [ "residential" ] }, "geometry": { "type": "LineString", "coordinates": [ [ -123.28374, 44.54758 ], [ -123.2878, 44.54758 ] ] } },
{ "type": "Feature", "properties": { "component": 4, "name": [ "Southwest Roth Street" ], "highway": [ "residential" ] }, "geometry": { "type": "LineString", "coordinates": [ [ -123.28374, 44.54828 ], [ -123.28374, 44.54758 ] ] } },
{ "type": "Feature", "properties": { "component": 4, "name": [ "Southwest Knollbrook Avenue" ], "highway": [ "residential" ] }, "geometry": { "type": "LineString", "coordinates": [ [ -123.28374, 44.54828 ], [ -123.28412, 44.5485 ] ] } },
{ "type": "Feature", "properties": { "component": 0, "name": [ "Northwest Legacy Place" ], "highway": [ "residential" ] }, "geometry": { "type": "LineString", "coordinates": [ [ -123.28022, 44.59258 ], [ -123.28146, 44.59266 ] ] } },
{ "type": "Feature", "properties": { "component": 0, "name": [ "Northwest 25th Street" ], "highway": [ "residential" ] }, "geometry": { "type": "LineString", "coordinates": [ [ -123.28022, 44.59258 ], [ -123.28028, 44.5931 ] ] } },
{ "type": "Feature", "properties": { "component": 0, "name": [ "Northwest 25th Street" ], "highway": [ "residential" ] }, "geometry": { "type": "LineString", "coordinates": [ [ -123.28022, 44.59258 ], [ -123.28006, 44.59134 ] ] } },
{ "type": "Feature", "properties": { "component": 0, "name": [ "Northwest Legacy Place" ], "highway": [ "residential" ] }, "geometry": { "type": "LineString", "coordinates": [ [ -123.28146, 44.59266 ], [ -123.28022, 44.59258 ] ] } },
{ "type": "Feature", "properties": { "component": 0, "name": [ "Northwest 17th Street" ], "highway": [ "residential" ] }, "geometry": { "type": "LineString", "coordinates": [ [ -123.27282, 44.58924 ], [ -123.27282, 44.58862 ] ] } },
{ "type": "Feature", "properties": { "component": 0, "name": [ "Northwest Locust Street" ], "highway": [ "residential" ] }, "geometry": { "type": "LineString", "coordinates": [ [ -123.27282, 44.58924 ], [ -123.27384, 44.58924 ] ] } },
{ "type": "Feature", "properties": { "component": 0, "name": [ "Northwest 17th Street" ], "highway": [ "residential" ] }, "geometry": { "type": "LineString", "coordinates": [ [ -123.27282, 44.58924 ], [ -123.2726, 44.59004 ] ] } },
{ "type": "Feature", "properties": { "component": 0, "name": [ "Northwest Locust Street" ], "highway": [ "residential" ] }, "geometry": { "type": "LineString", "coordinates": [ [ -123.275, 44.58962 ], [ -123.27492, 44.58924 ], [ -123.27384, 44.58924 ] ] } },
{ "type": "Feature", "properties": { "component": 0, "name": [ "Northwest Elmwood Drive" ], "highway": [ "residential" ] }, "geometry": { "type": "LineString", "coordinates": [ [ -123.2957, 44.59038 ], [ -123.29592, 44.5903 ] ] } },
{ "type": "Feature", "properties": { "component": 0, "name": [ "Northwest Estaview Circle" ], "highway": [ "residential" ] }, "geometry": { "type": "LineString", "coordinates": [ [ -123.2957, 44.59038 ], [ -123.29366, 44.59124 ] ] } },
{ "type": "Feature", "properties": { "component": 0, "name": [ "Northwest Elmwood Drive" ], "highway": [ "residential" ] }, "geometry": { "type": "LineString", "coordinates": [ [ -123.29592, 44.5903 ], [ -123.2957, 44.59038 ] ] } },
{ "type": "Feature", "properties": { "component": 0, "name": [ "Northwest Elmwood Drive" ], "highway": [ "residential" ] }, "geometry": { "type": "LineString", "coordinates": [ [ -123.29592, 44.5903 ], [ -123.2968, 44.59002 ] ] } },
{ "type": "Feature", "properties": { "component": 0, "name": [ "Northwest Elmwood Drive" ], "highway": [ "residential" ] }, "geometry": { "type": "LineString", "coordinates": [ [ -123.29592, 44.5903 ], [ -123.29636, 44.59058 ] ] } },
{ "type": "Feature", "properties": { "component": 0, "name": [ "Northwest Elmwood Drive" ], "highway": [ "residential" ] }, "geometry": { "type": "LineString", "coordinates": [ [ -123.2968, 44.59002 ], [ -123.29708, 44.58948 ] ] } },
{ "type": "Feature", "properties": { "component": 0, "name": [ "Northwest Elmwood Drive" ], "highway": [ "residential" ] }, "geometry": { "type": "LineString", "coordinates": [ [ -123.2968, 44.59002 ], [ -123.29592, 44.5903 ] ] } },
{ "type": "Feature", "properties": { "component": 0, "name": [ "Northwest Elmwood Drive" ], "highway": [ "residential" ] }, "geometry": { "type": "LineString", "coordinates": [ [ -123.2968, 44.59002 ], [ -123.29724, 44.59024 ] ] } },
{ "type": "Feature", "properties": { "component": 0, "name": [ "Northwest Elmwood Drive" ], "highway": [ "residential" ] }, "geometry": { "type": "LineString", "coordinates": [ [ -123.29708, 44.58948 ], [ -123.2968, 44.59002 ] ] } },
{ "type": "Feature", "properties": { "component": 0, "name": [ "Northwest Elmwood Drive" ], "highway": [ "residential" ] }, "geometry": { "type": "LineString", "coordinates": [ [ -123.29708, 44.58948 ], [ -123.29854, 44.58946 ] ] } },
{ "type": "Feature", "properties": { "component": 0, "name": [ "Northwest Myrtlewood Way" ], "highway": [ "residential" ] }, "geometry": { "type": "LineString", "coordinates": [ [ -123.29708, 44.58948 ], [ -123.29686, 44.58838 ] ] } },
{ "type": "Feature", "properties": { "component": 0, "name": [ "Northwest Firwood Drive" ], "highway": [ "residential" ] }, "geometry": { "type": "LineString", "coordinates": [ [ -123.28718, 44.5886 ], [ -123.28676, 44.58854 ] ] } },
{ "type": "Feature", "properties": { "component": 0, "name": [ "Northwest Firwood Drive" ], "highway": [ "residential" ] }, "geometry": { "type": "LineString", "coordinates": [ [ -123.28718, 44.5886 ], [ -123.28974, 44.58864 ] ] } },
{ "type": "Feature", "properties": { "component": 0, "name": [ "Northwest Dogwood Drive" ], "highway": [ "residential" ] }, "geometry": { "type": "LineString", "coordinates": [ [ -123.28864, 44.58782 ], [ -123.28852, 44.5873 ], [ -123.28736, 44.58676 ] ] } },
{ "type": "Feature", "properties": { "component": 0, "name": [ "Northwest Robin Hood Street" ], "highway": [ "residential" ] }, "geometry": { "type": "LineString", "coordinates": [ [ -123.28974, 44.58782 ], [ -123.28974, 44.58864 ] ] } },
{ "type": "Feature", "properties": { "component": 0, "name": [ "Northwest Roosevelt Drive" ], "highway": [ "residential" ] }, "geometry": { "type": "LineString", "coordinates": [ [ -123.29212, 44.58844 ], [ -123.29136, 44.58894 ] ] } },
{ "type": "Feature", "properties": { "component": 0, "name": [ "Northwest Estaview Circle" ], "highway": [ "residential" ] }, "geometry": { "type": "LineString", "coordinates": [ [ -123.2935, 44.5894 ], [ -123.29274, 44.59066 ] ] } },
{ "type": "Feature", "properties": { "component": 0, "name": [ "Northwest Estaview Drive" ], "highway": [ "residential" ] }, "geometry": { "type": "LineString", "coordinates": [ [ -123.2935, 44.5894 ], [ -123.29394, 44.58836 ] ] } },
{ "type": "Feature", "properties": { "component": 0, "name": [ "Northwest Elmwood Drive" ], "highway": [ "residential" ] }, "geometry": { "type": "LineString", "coordinates": [ [ -123.29636, 44.59058 ], [ -123.29592, 44.5903 ] ] } },
{ "type": "Feature", "properties": { "component": 0, "name": [ "Northwest Elmwood Drive" ], "highway": [ "residential" ] }, "geometry": { "type": "LineString", "coordinates": [ [ -123.30136, 44.5889 ], [ -123.30038, 44.58944 ] ] } },
{ "type": "Feature", "properties": { "component": 3, "name": [ "Northwest Kinderman Drive" ], "highway": [ "residential" ] }, "geometry": { "type": "LineString", "coordinates": [ [ -123.30496, 44.58904 ], [ -123.30474, 44.58966 ] ] } },
{ "type": "Feature", "properties": { "component": 3, "name": [ "Northwest Kinderman Place" ], "highway": [ "residential" ] }, "geometry": { "type": "LineString", "coordinates": [ [ -123.30496, 44.58904 ], [ -123.30498, 44.58836 ] ] } },
{ "type": "Feature", "properties": { "component": 0, "name": [ "Northwest Elmwood Drive" ], "highway": [ "residential" ] }, "geometry": { "type": "LineString", "coordinates": [ [ -123.29426, 44.59006 ], [ -123.29448, 44.58976 ] ] } },
{ "type": "Feature", "properties": { "component": 0, "name": [ "Northwest Elmwood Drive" ], "highway": [ "residential" ] }, "geometry": { "type": "LineString", "coordinates": [ [ -123.29724, 44.59024 ], [ -123.2968, 44.59002 ] ] } },
{ "type": "Feature", "properties": { "component": 0, "name": [ "Northwest Elmwood Drive" ], "highway": [ "residential" ] }, "geometry": { "type": "LineString", "coordinates": [ [ -123.27604, 44.58776 ], [ -123.27732, 44.58776 ] ] } },
{ "type": "Feature", "properties": { "component": 0, "name": [ "Northwest Elmwood Drive" ], "highway": [ "residential" ] }, "geometry": { "type": "LineString", "coordinates": [ [ -123.27732, 44.58776 ], [ -123.27604, 44.58776 ] ] } },
{ "type": "Feature", "properties": { "component": 0, "name": [ "Northwest Elmwood Drive" ], "highway": [ "residential" ] }, "geometry": { "type": "LineString", "coordinates": [ [ -123.27732, 44.58776 ], [ -123.27874, 44.58776 ] ] } },
{ "type": "Feature", "properties": { "component": 0, "name": [ "Northwest Elmwood Place" ], "highway": [ "residential" ] }, "geometry": { "type": "LineString", "coordinates": [ [ -123.27732, 44.58776 ], [ -123.27704, 44.58716 ] ] } },
{ "type": "Feature", "properties": { "component": 0, "name": [ "Northwest Elmwood Drive" ], "highway": [ "residential" ] }, "geometry": { "type": "LineString", "coordinates": [ [ -123.27874, 44.58776 ], [ -123.28118, 44.58776 ] ] } },
{ "type": "Feature", "properties": { "component": 0, "name": [ "Northwest Elmwood Drive" ], "highway": [ "residential" ] }, "geometry": { "type": "LineString", "coordinates": [ [ -123.27874, 44.58776 ], [ -123.27732, 44.58776 ] ] } },
{ "type": "Feature", "properties": { "component": 0, "name": [ "Northwest 23rd Street" ], "highway": [ "residential" ] }, "geometry": { "type": "LineString", "coordinates": [ [ -123.27874, 44.58776 ], [ -123.27874, 44.58848 ] ] } },
{ "type": "Feature", "properties": { "component": 0, "name": [ "Northwest 23rd Street" ], "highway": [ "residential" ] }, "geometry": { "type": "LineString", "coordinates": [ [ -123.27874, 44.58776 ], [ -123.27772, 44.58636 ] ] } },
{ "type": "Feature", "properties": { "component": 0, "name": [ "Northwest Elmwood Drive" ], "highway": [ "residential" ] }, "geometry": { "type": "LineString", "coordinates": [ [ -123.28314, 44.58776 ], [ -123.28118, 44.58776 ] ] } },
{ "type": "Feature", "properties": { "component": 0, "name": [ "Northwest Elmwood Drive" ], "highway": [ "residential" ] }, "geometry": { "type": "LineString", "coordinates": [ [ -123.28314, 44.58776 ], [ -123.28542, 44.58776 ] ] } },
{ "type": "Feature", "properties": { "component": 0, "name": [ "Northwest Firwood Drive" ], "highway": [ "residential" ] }, "geometry": { "type": "LineString", "coordinates": [ [ -123.28542, 44.58776 ], [ -123.28586, 44.58828 ] ] } },
{ "type": "Feature", "properties": { "component": 0, "name": [ "Northwest Firwood Drive" ], "highway": [ "residential" ] }, "geometry": { "type": "LineString", "coordinates": [ [ -123.28542, 44.58776 ], [ -123.28538, 44.58716 ] ] } },
{ "type": "Feature", "properties": { "component": 0, "name": [ "Northwest Elmwood Drive" ], "highway": [ "residential" ] }, "geometry": { "type": "LineString", "coordinates": [ [ -123.28542, 44.58776 ], [ -123.28314, 44.58776 ] ] } },
{ "type": "Feature", "properties": { "component": 5, "name": [ "Northwest Deer Place" ], "highway": [ "residential" ] }, "geometry": { "type": "LineString", "coordinates": [ [ -123.2594, 44.59894 ], [ -123.25858, 44.5992 ] ] } },
{ "type": "Feature", "properties": { "component": 5, "name": [ "Northwest Maxine Circle" ], "highway": [ "residential" ] }, "geometry": { "type": "LineString", "coordinates": [ [ -123.2594, 44.59894 ], [ -123.25976, 44.59962 ] ] } },
{ "type": "Feature", "properties": { "component": 5, "name": [ "Northwest Maxine Circle" ], "highway": [ "residential" ] }, "geometry": { "type": "LineString", "coordinates": [ [ -123.2594, 44.59894 ], [ -123.25926, 44.59822 ] ] } },
{ "type": "Feature", "properties": { "component": 5, "name": [ "Northwest Chipmunk Place" ], "highway": [ "residential" ] }, "geometry": { "type": "LineString", "coordinates": [ [ -123.2594, 44.59894 ], [ -123.26058, 44.5984 ] ] } },
{ "type": "Feature", "properties": { "component": 5, "name": [ "Northwest Deer Place" ], "highway": [ "residential" ] }, "geometry": { "type": "LineString", "coordinates": [ [ -123.25858, 44.5992 ], [ -123.2594, 44.59894 ] ] } },
{ "type": "Feature", "properties": { "component": 0, "name": [ "Northwest Greenwood Place" ], "highway": [ "residential" ] }, "geometry": { "type": "LineString", "coordinates": [ [ -123.28712, 44.58078 ], [ -123.2871, 44.58146 ] ] } },
{ "type": "Feature", "properties": { "component": 0, "name": [ "Northwest 7th Street" ], "highway": [ "residential" ] }, "geometry": { "type": "LineString", "coordinates": [ [ -123.26516, 44.56546 ], [ -123.26466, 44.56642 ] ] } },
{ "type": "Feature", "properties": { "component": 0, "name": [ "Northwest 7th Street" ], "highway": [ "residential" ] }, "geometry": { "type": "LineString", "coordinates": [ [ -123.26466, 44.56642 ], [ -123.26416, 44.5674 ] ] } },
{ "type": "Feature", "properties": { "component": 0, "name": [ "Northwest 7th Street" ], "highway": [ "residential" ] }, "geometry": { "type": "LineString", "coordinates": [ [ -123.26466, 44.56642 ], [ -123.26516, 44.56546 ] ] } },
{ "type": "Feature", "properties": { "component": 0, "name": [ "Northwest Jackson Avenue" ], "highway": [ "residential" ] }, "geometry": { "type": "LineString", "coordinates": [ [ -123.26466, 44.56642 ], [ -123.26572, 44.5667 ] ] } },
{ "type": "Feature", "properties": { "component": 0, "name": [ "Northwest Jackson Avenue" ], "highway": [ "residential" ] }, "geometry": { "type": "LineString", "coordinates": [ [ -123.26466, 44.56642 ], [ -123.26364, 44.56616 ] ] } },
{ "type": "Feature", "properties": { "component": 0, "name": [ "Northwest 7th Street" ], "highway": [ "residential" ] }, "geometry": { "type": "LineString", "coordinates": [ [ -123.26416, 44.5674 ], [ -123.26364, 44.56838 ] ] } },
{ "type": "Feature", "properties": { "component": 0, "name": [ "Northwest 7th Street" ], "highway": [ "residential" ] }, "geometry": { "type": "LineString", "coordinates": [ [ -123.26416, 44.5674 ], [ -123.26466, 44.56642 ] ] } },
{ "type": "Feature", "properties": { "component": 0, "name": [ "Northwest 7th Street" ], "highway": [ "residential" ] }, "geometry": { "type": "LineString", "coordinates": [ [ -123.26364, 44.56838 ], [ -123.26312, 44.56936 ] ] } },
{ "type": "Feature", "properties": { "component": 0, "name": [ "Northwest 7th Street" ], "highway": [ "residential" ] }, "geometry": { "type": "LineString", "coordinates": [ [ -123.26364, 44.56838 ], [ -123.26416, 44.5674 ] ] } },
{ "type": "Feature", "properties": { "component": 0, "name": [ "Northwest 7th Street" ], "highway": [ "residential" ] }, "geometry": { "type": "LineString", "coordinates": [ [ -123.26312, 44.56936 ], [ -123.26262, 44.57052 ] ] } },
{ "type": "Feature", "properties": { "component": 0, "name": [ "Northwest 7th Street" ], "highway": [ "residential" ] }, "geometry": { "type": "LineString", "coordinates": [ [ -123.26312, 44.56936 ], [ -123.26364, 44.56838 ] ] } },
{ "type": "Feature", "properties": { "component": 0, "name": [ "Northwest Tyler Avenue" ], "highway": [ "residential" ] }, "geometry": { "type": "LineString", "coordinates": [ [ -123.26312, 44.56936 ], [ -123.26422, 44.56964 ] ] } },
{ "type": "Feature", "properties": { "component": 0, "name": [ "Northwest Tyler Avenue" ], "highway": [ "residential" ] }, "geometry": { "type": "LineString", "coordinates": [ [ -123.26312, 44.56936 ], [ -123.26212, 44.56912 ] ] } },
{ "type": "Feature", "properties": { "component": 0, "name": [ "Northwest 7th Street" ], "highway": [ "residential" ] }, "geometry": { "type": "LineString", "coordinates": [ [ -123.26262, 44.57052 ], [ -123.26312, 44.56936 ] ] } },
{ "type": "Feature", "properties": { "component": 0, "name": [ "Northwest 34th Street" ], "highway": [ "residential" ] }, "geometry": { "type": "LineString", "coordinates": [ [ -123.28896, 44.56788 ], [ -123.28896, 44.56926 ] ] } },
{ "type": "Feature", "properties": { "component": 0, "name": [ "Northwest Orchard Avenue" ], "highway": [ "residential" ] }, "geometry": { "type": "LineString", "coordinates": [ [ -123.28896, 44.56788 ], [ -123.28972, 44.56788 ] ] } },
{ "type": "Feature", "properties": { "component": 0, "name": [ "Northwest Orchard Avenue" ], "highway": [ "residential" ] }, "geometry": { "type": "LineString", "coordinates": [ [ -123.28896, 44.56788 ], [ -123.28794, 44.5679 ] ] } },
{ "type": "Feature", "properties": { "component": 0, "name": [ "Northwest 34th Street" ], "highway": [ "residential" ] }, "geometry": { "type": "LineString", "coordinates": [ [ -123.28884, 44.57272 ], [ -123.28886, 44.57368 ] ] } },
{ "type": "Feature", "properties": { "component": 0, "name": [ "Northwest 34th Street" ], "highway": [ "residential" ] }, "geometry": { "type": "LineString", "coordinates": [ [ -123.28884, 44.57272 ], [ -123.28882, 44.57174 ] ] } },
{ "type": "Feature", "properties": { "component": 0, "name": [ "Northwest Tyler Avenue" ], "highway": [ "residential" ] }, "geometry": { "type": "LineString", "coordinates": [ [ -123.28884, 44.57272 ], [ -123.28984, 44.5727 ] ] } },
{ "type": "Feature", "properties": { "component": 0, "name": [ "Northwest Tyler Avenue" ], "highway": [ "residential" ] }, "geometry": { "type": "LineString", "coordinates": [ [ -123.28884, 44.57272 ], [ -123.28782, 44.57272 ] ] } },
{ "type": "Feature", "properties": { "component": 0, "name": [ "Northwest 34th Street" ], "highway": [ "residential" ] }, "geometry": { "type": "LineString", "coordinates": [ [ -123.28886, 44.57462 ], [ -123.28888, 44.57556 ] ] } },
{ "type": "Feature", "properties": { "component": 0, "name": [ "Northwest 34th Street" ], "highway": [ "residential" ] }, "geometry": { "type": "LineString", "coordinates": [ [ -123.28886, 44.57462 ], [ -123.28886, 44.57368 ] ] } },
{ "type": "Feature", "properties": { "component": 0, "name": [ "Northwest Taylor Avenue" ], "highway": [ "residential" ] }, "geometry": { "type": "LineString", "coordinates": [ [ -123.28886, 44.57462 ], [ -123.28988, 44.57462 ] ] } },
{ "type": "Feature", "properties": { "component": 0, "name": [ "Northwest Taylor Avenue" ], "highway": [ "residential" ] }, "geometry": { "type": "LineString", "coordinates": [ [ -123.28886, 44.57462 ], [ -123.28786, 44.57464 ] ] } },
{ "type": "Feature", "properties": { "component": 0, "name": [ "Northwest 34th Street" ], "highway": [ "residential" ] }, "geometry": { "type": "LineString", "coordinates": [ [ -123.28892, 44.57714 ], [ -123.28894, 44.57874 ] ] } },
{ "type": "Feature", "properties": { "component": 0, "name": [ "Northwest 34th Street" ], "highway": [ "residential" ] }, "geometry": { "type": "LineString", "coordinates": [ [ -123.28892, 44.57714 ], [ -123.28888, 44.57556 ] ] } },
{ "type": "Feature", "properties": { "component": 0, "name": [ "Northwest Lincoln Avenue" ], "highway": [ "residential" ] }, "geometry": { "type": "LineString", "coordinates": [ [ -123.28892, 44.57714 ], [ -123.28992, 44.57716 ] ] } },
{ "type": "Feature", "properties": { "component": 0, "name": [ "Northwest Lincoln Avenue" ], "highway": [ "residential" ] }, "geometry": { "type": "LineString", "coordinates": [ [ -123.28892, 44.57714 ], [ -123.2879, 44.57714 ] ] } },
{ "type": "Feature", "properties": { "component": 0, "name": [ "Northwest 34th Street" ], "highway": [ "residential" ] }, "geometry": { "type": "LineString", "coordinates": [ [ -123.28894, 44.57874 ], [ -123.28892, 44.57714 ] ] } },
{ "type": "Feature", "properties": { "component": 0, "name": [ "Northwest Hayes Avenue" ], "highway": [ "residential" ] }, "geometry": { "type": "LineString", "coordinates": [ [ -123.2942, 44.58068 ], [ -123.29246, 44.5818 ], [ -123.29096, 44.58182 ] ] } },
{ "type": "Feature", "properties": { "component": 0, "name": [ "Northwest Hayes Avenue" ], "highway": [ "residential" ] }, "geometry": { "type": "LineString", "coordinates": [ [ -123.28912, 44.58186 ], [ -123.28848, 44.58186 ] ] } },
{ "type": "Feature", "properties": { "component": 0, "name": [ "Northwest Hayes Avenue" ], "highway": [ "residential" ] }, "geometry": { "type": "LineString", "coordinates": [ [ -123.28912, 44.58186 ], [ -123.29096, 44.58182 ] ] } },
{ "type": "Feature", "properties": { "component": 0, "name": [ "Northwest Vista Place" ], "highway": [ "residential" ] }, "geometry": { "type": "LineString", "coordinates": [ [ -123.28912, 44.58186 ], [ -123.2891, 44.58056 ] ] } },
{ "type": "Feature", "properties": { "component": 0, "name": [ "Northwest Hayes Avenue" ], "highway": [ "residential" ] }, "geometry": { "type": "LineString", "coordinates": [ [ -123.28848, 44.58186 ], [ -123.28912, 44.58186 ] ] } },
{ "type": "Feature", "properties": { "component": 0, "name": [ "Northwest Alta Vista Drive" ], "highway": [ "residential" ] }, "geometry": { "type": "LineString", "coordinates": [ [ -123.28848, 44.58186 ], [ -123.2885, 44.58236 ] ] } },
{ "type": "Feature", "properties": { "component": 0, "name": [ "Northwest Alta Vista Drive" ], "highway": [ "residential" ] }, "geometry": { "type": "LineString", "coordinates": [ [ -123.28848, 44.58186 ], [ -123.28846, 44.57874 ] ] } },
{ "type": "Feature", "properties": { "component": 0, "name": [ "Northwest Hayes Avenue" ], "highway": [ "residential" ] }, "geometry": { "type": "LineString", "coordinates": [ [ -123.27596, 44.58158 ], [ -123.27768, 44.5816 ] ] } },
{ "type": "Feature", "properties": { "component": 0, "name": "['Northwest 20th Street' 'Northwest Hayes Avenue']", "highway": [ "residential" ] }, "geometry": { "type": "LineString", "coordinates": [ [ -123.27596, 44.58158 ], [ -123.27412, 44.5816 ], [ -123.27414, 44.58086 ] ] } },
{ "type": "Feature", "properties": { "component": 0, "name": [ "Northwest Hayes Avenue" ], "highway": [ "residential" ] }, "geometry": { "type": "LineString", "coordinates": [ [ -123.27768, 44.5816 ], [ -123.28112, 44.58162 ] ] } },
{ "type": "Feature", "properties": { "component": 0, "name": [ "Northwest Hayes Avenue" ], "highway": [ "residential" ] }, "geometry": { "type": "LineString", "coordinates": [ [ -123.27768, 44.5816 ], [ -123.27596, 44.58158 ] ] } },
{ "type": "Feature", "properties": { "component": 0, "name": [ "Northwest 23rd Street" ], "highway": [ "residential" ] }, "geometry": { "type": "LineString", "coordinates": [ [ -123.27768, 44.5816 ], [ -123.2777, 44.583 ] ] } },
{ "type": "Feature", "properties": { "component": 0, "name": [ "Northwest 23rd Street" ], "highway": [ "residential" ] }, "geometry": { "type": "LineString", "coordinates": [ [ -123.27768, 44.5816 ], [ -123.27766, 44.5805 ] ] } },
{ "type": "Feature", "properties": { "component": 0, "name": [ "Northwest Hayes Avenue" ], "highway": [ "residential" ] }, "geometry": { "type": "LineString", "coordinates": [ [ -123.28308, 44.58164 ], [ -123.28556, 44.58168 ] ] } },
{ "type": "Feature", "properties": { "component": 0, "name": [ "Northwest Hayes Avenue" ], "highway": [ "residential" ] }, "geometry": { "type": "LineString", "coordinates": [ [ -123.28308, 44.58164 ], [ -123.28112, 44.58162 ] ] } },
{ "type": "Feature", "properties": { "component": 0, "name": [ "Northwest Hayes Avenue" ], "highway": [ "residential" ] }, "geometry": { "type": "LineString", "coordinates": [ [ -123.28556, 44.58168 ], [ -123.28606, 44.58166 ] ] } },
{ "type": "Feature", "properties": { "component": 0, "name": [ "Northwest Hayes Avenue" ], "highway": [ "residential" ] }, "geometry": { "type": "LineString", "coordinates": [ [ -123.28556, 44.58168 ], [ -123.28308, 44.58164 ] ] } },
{ "type": "Feature", "properties": { "component": 0, "name": [ "Northwest Hayes Avenue" ], "highway": [ "residential" ] }, "geometry": { "type": "LineString", "coordinates": [ [ -123.28556, 44.58168 ], [ -123.2858, 44.58196 ] ] } },
{ "type": "Feature", "properties": { "component": 0, "name": [ "Northwest Hayes Avenue" ], "highway": [ "residential" ] }, "geometry": { "type": "LineString", "coordinates": [ [ -123.28606, 44.58166 ], [ -123.28556, 44.58168 ] ] } },
{ "type": "Feature", "properties": { "component": 0, "name": [ "Northwest Hillcrest Drive" ], "highway": [ "residential" ] }, "geometry": { "type": "LineString", "coordinates": [ [ -123.28606, 44.58166 ], [ -123.2858, 44.58196 ] ] } },
{ "type": "Feature", "properties": { "component": 0, "name": [ "Northwest Hillcrest Drive" ], "highway": [ "residential" ] }, "geometry": { "type": "LineString", "coordinates": [ [ -123.28606, 44.58166 ], [ -123.2861, 44.58148 ] ] } },
{ "type": "Feature", "properties": { "component": 0, "name": [ "Northwest Hayes Avenue" ], "highway": [ "residential" ] }, "geometry": { "type": "LineString", "coordinates": [ [ -123.2858, 44.58196 ], [ -123.28556, 44.58168 ] ] } },
{ "type": "Feature", "properties": { "component": 0, "name": [ "Northwest Hillcrest Drive" ], "highway": [ "residential" ] }, "geometry": { "type": "LineString", "coordinates": [ [ -123.2858, 44.58196 ], [ -123.28494, 44.58308 ] ] } },
{ "type": "Feature", "properties": { "component": 0, "name": [ "Northwest Hillcrest Drive" ], "highway": [ "residential" ] }, "geometry": { "type": "LineString", "coordinates": [ [ -123.2858, 44.58196 ], [ -123.28606, 44.58166 ] ] } },
{ "type": "Feature", "properties": { "component": 0, "name": [ "Northwest 10th Street" ], "highway": [ "residential" ] }, "geometry": { "type": "LineString", "coordinates": [ [ -123.26838, 44.56626 ], [ -123.26788, 44.56724 ] ] } },
{ "type": "Feature", "properties": { "component": 0, "name": [ "Northwest 10th Street" ], "highway": [ "residential" ] }, "geometry": { "type": "LineString", "coordinates": [ [ -123.26788, 44.56724 ], [ -123.2674, 44.56822 ] ] } },
{ "type": "Feature", "properties": { "component": 0, "name": [ "Northwest 10th Street" ], "highway": [ "residential" ] }, "geometry": { "type": "LineString", "coordinates": [ [ -123.26788, 44.56724 ], [ -123.26838, 44.56626 ] ] } },
{ "type": "Feature", "properties": { "component": 0, "name": [ "Northwest Jackson Avenue" ], "highway": [ "residential" ] }, "geometry": { "type": "LineString", "coordinates": [ [ -123.26788, 44.56724 ], [ -123.2689, 44.5675 ] ] } },
{ "type": "Feature", "properties": { "component": 0, "name": [ "Northwest Jackson Avenue" ], "highway": [ "residential" ] }, "geometry": { "type": "LineString", "coordinates": [ [ -123.26788, 44.56724 ], [ -123.2668, 44.56696 ] ] } },
{ "type": "Feature", "properties": { "component": 0, "name": [ "Northwest 10th Street" ], "highway": [ "residential" ] }, "geometry": { "type": "LineString", "coordinates": [ [ -123.2674, 44.56822 ], [ -123.26788, 44.56724 ] ] } },
{ "type": "Feature", "properties": { "component": 0, "name": [ "Northwest Tyler Avenue" ], "highway": [ "residential" ] }, "geometry": { "type": "LineString", "coordinates": [ [ -123.26642, 44.57018 ], [ -123.26742, 44.57042 ] ] } },
{ "type": "Feature", "properties": { "component": 0, "name": [ "Northwest Tyler Avenue" ], "highway": [ "residential" ] }, "geometry": { "type": "LineString", "coordinates": [ [ -123.26642, 44.57018 ], [ -123.26532, 44.5699 ] ] } },
{ "type": "Feature", "properties": { "component": 0, "name": [ "Northwest Polk Avenue" ], "highway": [ "residential" ] }, "geometry": { "type": "LineString", "coordinates": [ [ -123.26598, 44.57108 ], [ -123.267, 44.57134 ] ] } },
{ "type": "Feature", "properties": { "component": 0, "name": [ "Northwest Polk Avenue" ], "highway": [ "residential" ] }, "geometry": { "type": "LineString", "coordinates": [ [ -123.26598, 44.57108 ], [ -123.26488, 44.5708 ] ] } },
{ "type": "Feature", "properties": { "component": 0, "name": [ "Northwest Taylor Avenue" ], "highway": [ "residential" ] }, "geometry": { "type": "LineString", "coordinates": [ [ -123.26554, 44.57196 ], [ -123.26656, 44.5722 ] ] } },
{ "type": "Feature", "properties": { "component": 5, "name": [ "Northwest Autumn Street" ], "highway": [ "residential" ] }, "geometry": { "type": "LineString", "coordinates": [ [ -123.25174, 44.59934 ], [ -123.25184, 44.59952 ] ] } },
{ "type": "Feature", "properties": { "component": 5, "name": [ "Northwest Autumn Street" ], "highway": [ "residential" ] }, "geometry": { "type": "LineString", "coordinates": [ [ -123.25174, 44.59934 ], [ -123.25186, 44.59798 ] ] } },
{ "type": "Feature", "properties": { "component": 5, "name": [ "Northwest Autumn Place" ], "highway": [ "residential" ] }, "geometry": { "type": "LineString", "coordinates": [ [ -123.25174, 44.59934 ], [ -123.25066, 44.59968 ] ] } },
{ "type": "Feature", "properties": { "component": 5, "name": [ "Northwest Autumn Street" ], "highway": [ "residential" ] }, "geometry": { "type": "LineString", "coordinates": [ [ -123.25184, 44.59952 ], [ -123.25174, 44.59934 ] ] } },
{ "type": "Feature", "properties": { "component": 0, "name": [ "Northwest Elizabeth Place" ], "highway": [ "residential" ] }, "geometry": { "type": "LineString", "coordinates": [ [ -123.29524, 44.57278 ], [ -123.29618, 44.57322 ] ] } },
{ "type": "Feature", "properties": { "component": 0, "name": [ "Northwest Merrie Drive" ], "highway": [ "residential" ] }, "geometry": { "type": "LineString", "coordinates": [ [ -123.29524, 44.57278 ], [ -123.29342, 44.57424 ] ] } },
{ "type": "Feature", "properties": { "component": 0, "name": [ "Northwest Merrie Drive" ], "highway": [ "residential" ] }, "geometry": { "type": "LineString", "coordinates": [ [ -123.29524, 44.57278 ], [ -123.29558, 44.57176 ] ] } },
{ "type": "Feature", "properties": { "component": 0, "name": [ "Northwest Polk Avenue" ], "highway": [ "residential" ] }, "geometry": { "type": "LineString", "coordinates": [ [ -123.29342, 44.57424 ], [ -123.29442, 44.57458 ] ] } },
{ "type": "Feature", "properties": { "component": 0, "name": [ "Northwest Polk Avenue" ], "highway": [ "residential" ] }, "geometry": { "type": "LineString", "coordinates": [ [ -123.29342, 44.57424 ], [ -123.29242, 44.57388 ] ] } },
{ "type": "Feature", "properties": { "component": 0, "name": [ "Northwest Merrie Drive" ], "highway": [ "residential" ] }, "geometry": { "type": "LineString", "coordinates": [ [ -123.29342, 44.57424 ], [ -123.29324, 44.57554 ] ] } },
{ "type": "Feature", "properties": { "component": 0, "name": [ "Northwest Merrie Drive" ], "highway": [ "residential" ] }, "geometry": { "type": "LineString", "coordinates": [ [ -123.29342, 44.57424 ], [ -123.29524, 44.57278 ] ] } },
{ "type": "Feature", "properties": { "component": 0, "name": [ "Northwest Merrie Drive" ], "highway": [ "residential" ] }, "geometry": { "type": "LineString", "coordinates": [ [ -123.29326, 44.57636 ], [ -123.29328, 44.5771 ] ] } },
{ "type": "Feature", "properties": { "component": 0, "name": [ "Northwest Merrie Drive" ], "highway": [ "residential" ] }, "geometry": { "type": "LineString", "coordinates": [ [ -123.29326, 44.57636 ], [ -123.29324, 44.57554 ] ] } },
{ "type": "Feature", "properties": { "component": 0, "name": [ "Northwest Elizabeth Drive" ], "highway": [ "residential" ] }, "geometry": { "type": "LineString", "coordinates": [ [ -123.29326, 44.57636 ], [ -123.29406, 44.5763 ], [ -123.29442, 44.57458 ] ] } },
{ "type": "Feature", "properties": { "component": 0, "name": [ "Northwest Merrie Drive" ], "highway": [ "residential" ] }, "geometry": { "type": "LineString", "coordinates": [ [ -123.29328, 44.5771 ], [ -123.29326, 44.57636 ] ] } },
{ "type": "Feature", "properties": { "component": 0, "name": [ "Northwest Lincoln Avenue" ], "highway": [ "residential" ] }, "geometry": { "type": "LineString", "coordinates": [ [ -123.29328, 44.5771 ], [ -123.29268, 44.5771 ] ] } },
{ "type": "Feature", "properties": { "component": 0, "name": [ "Northwest Lincoln Avenue" ], "highway": [ "residential" ] }, "geometry": { "type": "LineString", "coordinates": [ [ -123.29328, 44.5771 ], [ -123.29474, 44.57706 ] ] } },
{ "type": "Feature", "properties": { "component": 9, "name": [ "Southeast Park Place" ], "highway": [ "residential" ] }, "geometry": { "type": "LineString", "coordinates": [ [ -123.26042, 44.53868 ], [ -123.26076, 44.53772 ] ] } },
{ "type": "Feature", "properties": { "component": 9, "name": [ "Southeast Thompson Street" ], "highway": [ "residential" ] }, "geometry": { "type": "LineString", "coordinates": [ [ -123.26042, 44.53868 ], [ -123.26042, 44.53962 ] ] } },
{ "type": "Feature", "properties": { "component": 9, "name": [ "Southeast Thompson Street" ], "highway": [ "residential" ] }, "geometry": { "type": "LineString", "coordinates": [ [ -123.26042, 44.53962 ], [ -123.26042, 44.53994 ] ] } },
{ "type": "Feature", "properties": { "component": 9, "name": [ "Southeast Bell Avenue" ], "highway": [ "residential" ] }, "geometry": { "type": "LineString", "coordinates": [ [ -123.26042, 44.53962 ], [ -123.25842, 44.53964 ] ] } },
{ "type": "Feature", "properties": { "component": 9, "name": [ "Southeast Thompson Street" ], "highway": [ "residential" ] }, "geometry": { "type": "LineString", "coordinates": [ [ -123.26042, 44.53962 ], [ -123.26042, 44.53868 ] ] } },
{ "type": "Feature", "properties": { "component": 9, "name": [ "Southeast Thompson Street" ], "highway": [ "residential" ] }, "geometry": { "type": "LineString", "coordinates": [ [ -123.26042, 44.53994 ], [ -123.26042, 44.54096 ] ] } },
{ "type": "Feature", "properties": { "component": 9, "name": [ "Southeast Thompson Street" ], "highway": [ "residential" ] }, "geometry": { "type": "LineString", "coordinates": [ [ -123.26042, 44.53994 ], [ -123.26042, 44.53962 ] ] } },
{ "type": "Feature", "properties": { "component": 9, "name": [ "Southeast Bell Avenue" ], "highway": [ "residential" ] }, "geometry": { "type": "LineString", "coordinates": [ [ -123.26042, 44.53994 ], [ -123.26138, 44.53994 ] ] } },
{ "type": "Feature", "properties": { "component": 9, "name": [ "Southeast Thompson Street" ], "highway": [ "residential" ] }, "geometry": { "type": "LineString", "coordinates": [ [ -123.26042, 44.54096 ], [ -123.26042, 44.53994 ] ] } },
{ "type": "Feature", "properties": { "component": 9, "name": [ "Southeast Thompson Street" ], "highway": [ "residential" ] }, "geometry": { "type": "LineString", "coordinates": [ [ -123.26042, 44.54096 ], [ -123.26044, 44.5417 ] ] } },
{ "type": "Feature", "properties": { "component": 9, "name": [ "Southeast Powell Avenue" ], "highway": [ "residential" ] }, "geometry": { "type": "LineString", "coordinates": [ [ -123.26042, 44.54096 ], [ -123.26132, 44.54086 ] ] } },
{ "type": "Feature", "properties": { "component": 9, "name": [ "Southeast Thompson Street" ], "highway": [ "residential" ] }, "geometry": { "type": "LineString", "coordinates": [ [ -123.26044, 44.5417 ], [ -123.26044, 44.54248 ] ] } },
{ "type": "Feature", "properties": { "component": 9, "name": [ "Southeast Thompson Street" ], "highway": [ "residential" ] }, "geometry": { "type": "LineString", "coordinates": [ [ -123.26044, 44.5417 ], [ -123.26042, 44.54096 ] ] } },
{ "type": "Feature", "properties": { "component": 9, "name": [ "Southeast Marion Avenue" ], "highway": [ "residential" ] }, "geometry": { "type": "LineString", "coordinates": [ [ -123.26044, 44.5417 ], [ -123.25862, 44.5417 ] ] } },
{ "type": "Feature", "properties": { "component": 9, "name": [ "Southeast Thompson Street" ], "highway": [ "residential" ] }, "geometry": { "type": "LineString", "coordinates": [ [ -123.26044, 44.54248 ], [ -123.26044, 44.54366 ] ] } },
{ "type": "Feature", "properties": { "component": 9, "name": [ "Southeast Thompson Street" ], "highway": [ "residential" ] }, "geometry": { "type": "LineString", "coordinates": [ [ -123.26044, 44.54248 ], [ -123.26044, 44.5417 ] ] } },
{ "type": "Feature", "properties": { "component": 9, "name": [ "Southeast Richland Avenue" ], "highway": [ "residential" ] }, "geometry": { "type": "LineString", "coordinates": [ [ -123.26044, 44.54248 ], [ -123.26618, 44.54244 ] ] } },
{ "type": "Feature", "properties": { "component": 9, "name": [ "Southeast Thompson Street" ], "highway": [ "residential" ] }, "geometry": { "type": "LineString", "coordinates": [ [ -123.26044, 44.54366 ], [ -123.26044, 44.54248 ] ] } },
{ "type": "Feature", "properties": { "component": 9, "name": [ "Southeast Thompson Street" ], "highway": [ "residential" ] }, "geometry": { "type": "LineString", "coordinates": [ [ -123.26044, 44.54366 ], [ -123.26044, 44.54524 ] ] } },
{ "type": "Feature", "properties": { "component": 9, "name": [ "Southeast Viewmont Avenue" ], "highway": [ "residential" ] }, "geometry": { "type": "LineString", "coordinates": [ [ -123.26044, 44.54366 ], [ -123.26604, 44.54366 ] ] } },
{ "type": "Feature", "properties": { "component": 9, "name": [ "Southeast Thompson Street" ], "highway": [ "residential" ] }, "geometry": { "type": "LineString", "coordinates": [ [ -123.26044, 44.54524 ], [ -123.26044, 44.54366 ] ] } },
{ "type": "Feature", "properties": { "component": 0, "name": [ "Northwest Fernwood Circle" ], "highway": [ "residential" ] }, "geometry": { "type": "LineString", "coordinates": [ [ -123.29168, 44.57894 ], [ -123.29268, 44.57782 ] ] } },
{ "type": "Feature", "properties": { "component": 0, "name": [ "Northwest Fernwood Circle" ], "highway": [ "residential" ] }, "geometry": { "type": "LineString", "coordinates": [ [ -123.29268, 44.57782 ], [ -123.29308, 44.57782 ] ] } },
{ "type": "Feature", "properties": { "component": 0, "name": [ "Northwest Fernwood Place" ], "highway": [ "residential" ] }, "geometry": { "type": "LineString", "coordinates": [ [ -123.29268, 44.57782 ], [ -123.29268, 44.5771 ] ] } },
{ "type": "Feature", "properties": { "component": 0, "name": [ "Northwest Fernwood Circle" ], "highway": [ "residential" ] }, "geometry": { "type": "LineString", "coordinates": [ [ -123.29268, 44.57782 ], [ -123.29168, 44.57894 ] ] } },
{ "type": "Feature", "properties": { "component": 0, "name": [ "Northwest Garryanna Drive" ], "highway": [ "residential" ] }, "geometry": { "type": "LineString", "coordinates": [ [ -123.27282, 44.59632 ], [ -123.27154, 44.59682 ], [ -123.27046, 44.59662 ] ] } },
{ "type": "Feature", "properties": { "component": 0, "name": [ "Northwest Garryanna Drive" ], "highway": [ "residential" ] }, "geometry": { "type": "LineString", "coordinates": [ [ -123.27282, 44.59632 ], [ -123.27432, 44.59684 ] ] } },
{ "type": "Feature", "properties": { "component": 0, "name": [ "Northwest Larkspur Place" ], "highway": [ "residential" ] }, "geometry": { "type": "LineString", "coordinates": [ [ -123.27282, 44.59632 ], [ -123.27304, 44.5957 ] ] } },
{ "type": "Feature", "properties": { "component": 0, "name": [ "Northwest Garryanna Drive" ], "highway": [ "residential" ] }, "geometry": { "type": "LineString", "coordinates": [ [ -123.26994, 44.59618 ], [ -123.26886, 44.5951 ] ] } },
{ "type": "Feature", "properties": { "component": 0, "name": [ "Northwest Garryanna Drive" ], "highway": [ "residential" ] }, "geometry": { "type": "LineString", "coordinates": [ [ -123.26994, 44.59618 ], [ -123.27046, 44.59662 ] ] } },
{ "type": "Feature", "properties": { "component": 0, "name": [ "Northwest Garryanna Drive" ], "highway": [ "residential" ] }, "geometry": { "type": "LineString", "coordinates": [ [ -123.26994, 44.59618 ], [ -123.26954, 44.59632 ] ] } },
{ "type": "Feature", "properties": { "component": 0, "name": [ "Northwest Garryanna Drive" ], "highway": [ "residential" ] }, "geometry": { "type": "LineString", "coordinates": [ [ -123.26886, 44.5951 ], [ -123.26876, 44.59376 ] ] } },
{ "type": "Feature", "properties": { "component": 0, "name": [ "Northwest Garryanna Drive" ], "highway": [ "residential" ] }, "geometry": { "type": "LineString", "coordinates": [ [ -123.26886, 44.5951 ], [ -123.26994, 44.59618 ] ] } },
{ "type": "Feature", "properties": { "component": 0, "name": [ "Northwest Jonquil Place" ], "highway": [ "residential" ] }, "geometry": { "type": "LineString", "coordinates": [ [ -123.26886, 44.5951 ], [ -123.2701, 44.59522 ] ] } },
{ "type": "Feature", "properties": { "component": 0, "name": [ "Northwest Garryanna Drive" ], "highway": [ "residential" ] }, "geometry": { "type": "LineString", "coordinates": [ [ -123.26954, 44.59632 ], [ -123.26994, 44.59618 ] ] } },
{ "type": "Feature", "properties": { "component": 0, "name": [ "Northwest 25th Place" ], "highway": [ "residential" ] }, "geometry": { "type": "LineString", "coordinates": [ [ -123.2798, 44.58918 ], [ -123.2806, 44.58918 ] ] } },
{ "type": "Feature", "properties": { "component": 0, "name": [ "Northwest 25th Street" ], "highway": [ "residential" ] }, "geometry": { "type": "LineString", "coordinates": [ [ -123.2798, 44.58918 ], [ -123.27982, 44.58952 ] ] } },
{ "type": "Feature", "properties": { "component": 0, "name": [ "Northwest 25th Street" ], "highway": [ "residential" ] }, "geometry": { "type": "LineString", "coordinates": [ [ -123.2798, 44.58918 ], [ -123.27982, 44.58852 ], [ -123.28032, 44.5885 ] ] } },
{ "type": "Feature", "properties": { "component": 0, "name": [ "Northwest 25th Place" ], "highway": [ "residential" ] }, "geometry": { "type": "LineString", "coordinates": [ [ -123.2806, 44.58918 ], [ -123.2798, 44.58918 ] ] } },
{ "type": "Feature", "properties": { "component": 0, "name": [ "Northwest 11th Street" ], "highway": [ "residential" ] }, "geometry": { "type": "LineString", "coordinates": [ [ -123.26464, 44.5761 ], [ -123.26358, 44.57824 ] ] } },
{ "type": "Feature", "properties": { "component": 0, "name": [ "Northwest 11th Street" ], "highway": [ "residential" ] }, "geometry": { "type": "LineString", "coordinates": [ [ -123.26464, 44.5761 ], [ -123.26558, 44.57418 ] ] } },
{ "type": "Feature", "properties": { "component": 0, "name": [ "Northwest Dixon Street" ], "highway": [ "residential" ] }, "geometry": { "type": "LineString", "coordinates": [ [ -123.26572, 44.57612 ], [ -123.2658, 44.57744 ] ] } },
{ "type": "Feature", "properties": { "component": 0, "name": [ "Northwest 13th Street" ], "highway": [ "residential" ] }, "geometry": { "type": "LineString", "coordinates": [ [ -123.26698, 44.5761 ], [ -123.267, 44.57744 ] ] } },
{ "type": "Feature", "properties": { "component": 0, "name": [ "Northwest 16th Street" ], "highway": [ "residential" ] }, "geometry": { "type": "LineString", "coordinates": [ [ -123.26996, 44.57608 ], [ -123.27008, 44.57818 ] ] } },
{ "type": "Feature", "properties": { "component": 0, "name": [ "Northwest 16th Street" ], "highway": [ "residential" ] }, "geometry": { "type": "LineString", "coordinates": [ [ -123.26996, 44.57608 ], [ -123.27126, 44.5734 ] ] } },
{ "type": "Feature", "properties": { "component": 0, "name": [ "Northwest 17th Street" ], "highway": [ "residential" ] }, "geometry": { "type": "LineString", "coordinates": [ [ -123.271, 44.57606 ], [ -123.2708, 44.57818 ] ] } },
{ "type": "Feature", "properties": { "component": 0, "name": [ "Northwest 19th Street" ], "highway": [ "residential" ] }, "geometry": { "type": "LineString", "coordinates": [ [ -123.27314, 44.57604 ], [ -123.27406, 44.5741 ] ] } },
{ "type": "Feature", "properties": { "component": 0, "name": [ "Northwest 19th Street" ], "highway": [ "residential" ] }, "geometry": { "type": "LineString", "coordinates": [ [ -123.27314, 44.57604 ], [ -123.27316, 44.57814 ] ] } },
{ "type": "Feature", "properties": { "component": 0, "name": [ "Southwest Madison Avenue" ], "highway": [ "residential" ] }, "geometry": { "type": "LineString", "coordinates": [ [ -123.25928, 44.56282 ], [ -123.26036, 44.5631 ] ] } },
{ "type": "Feature", "properties": { "component": 0, "name": [ "Southwest 1st Street" ], "highway": [ "residential" ] }, "geometry": { "type": "LineString", "coordinates": [ [ -123.25928, 44.56282 ], [ -123.25876, 44.56382 ] ] } },
{ "type": "Feature", "properties": { "component": 0, "name": [ "Southwest 1st Street" ], "highway": [ "residential" ] }, "geometry": { "type": "LineString", "coordinates": [ [ -123.25928, 44.56282 ], [ -123.25984, 44.56184 ] ] } },
{ "type": "Feature", "properties": { "component": 0, "name": "Unnamed street", "highway": [ "cycleway" ] }, "geometry": { "type": "LineString", "coordinates": [ [ -123.25928, 44.56282 ], [ -123.25918, 44.5628 ] ] } },
{ "type": "Feature", "properties": { "component": 0, "name": [ "Southwest Madison Avenue" ], "highway": [ "residential" ] }, "geometry": { "type": "LineString", "coordinates": [ [ -123.26036, 44.5631 ], [ -123.25928, 44.56282 ] ] } },
{ "type": "Feature", "properties": { "component": 0, "name": [ "Southwest Madison Avenue" ], "highway": [ "residential" ] }, "geometry": { "type": "LineString", "coordinates": [ [ -123.26356, 44.56392 ], [ -123.26454, 44.56418 ] ] } },
{ "type": "Feature", "properties": { "component": 0, "name": [ "Southwest 8th Street" ], "highway": [ "residential" ] }, "geometry": { "type": "LineString", "coordinates": [ [ -123.26672, 44.56472 ], [ -123.26622, 44.56572 ] ] } },
{ "type": "Feature", "properties": { "component": 0, "name": [ "Southwest 8th Street" ], "highway": [ "residential" ] }, "geometry": { "type": "LineString", "coordinates": [ [ -123.26672, 44.56472 ], [ -123.26724, 44.56376 ] ] } },
{ "type": "Feature", "properties": { "component": 0, "name": [ "Southwest Madison Avenue" ], "highway": [ "residential" ] }, "geometry": { "type": "LineString", "coordinates": [ [ -123.26672, 44.56472 ], [ -123.26618, 44.56458 ] ] } },
{ "type": "Feature", "properties": { "component": 0, "name": [ "Northwest Polk Avenue" ], "highway": [ "residential" ] }, "geometry": { "type": "LineString", "coordinates": [ [ -123.28226, 44.5737 ], [ -123.28116, 44.5737 ] ] } },
{ "type": "Feature", "properties": { "component": 0, "name": [ "Northwest Polk Avenue" ], "highway": [ "residential" ] }, "geometry": { "type": "LineString", "coordinates": [ [ -123.28226, 44.5737 ], [ -123.28336, 44.5737 ] ] } },
{ "type": "Feature", "properties": { "component": 0, "name": [ "Northwest 28th Street" ], "highway": [ "residential" ] }, "geometry": { "type": "LineString", "coordinates": [ [ -123.28226, 44.5737 ], [ -123.28222, 44.5746 ] ] } },
{ "type": "Feature", "properties": { "component": 0, "name": [ "Northwest 28th Street" ], "highway": [ "residential" ] }, "geometry": { "type": "LineString", "coordinates": [ [ -123.28222, 44.5746 ], [ -123.2822, 44.57552 ] ] } },
{ "type": "Feature", "properties": { "component": 0, "name": [ "Northwest Taylor Avenue" ], "highway": [ "residential" ] }, "geometry": { "type": "LineString", "coordinates": [ [ -123.28222, 44.5746 ], [ -123.28118, 44.5746 ] ] } },
{ "type": "Feature", "properties": { "component": 0, "name": [ "Northwest 28th Street" ], "highway": [ "residential" ] }, "geometry": { "type": "LineString", "coordinates": [ [ -123.28222, 44.5746 ], [ -123.28226, 44.5737 ] ] } },
{ "type": "Feature", "properties": { "component": 0, "name": [ "Northwest Lincoln Avenue" ], "highway": [ "residential" ] }, "geometry": { "type": "LineString", "coordinates": [ [ -123.28216, 44.5771 ], [ -123.28316, 44.5771 ] ] } },
{ "type": "Feature", "properties": { "component": 0, "name": [ "Northwest Lincoln Avenue" ], "highway": [ "residential" ] }, "geometry": { "type": "LineString", "coordinates": [ [ -123.28216, 44.5771 ], [ -123.28116, 44.5771 ] ] } },
{ "type": "Feature", "properties": { "component": 0, "name": [ "Northwest 28th Street" ], "highway": [ "residential" ] }, "geometry": { "type": "LineString", "coordinates": [ [ -123.28216, 44.5771 ], [ -123.28212, 44.5781 ] ] } },
{ "type": "Feature", "properties": { "component": 0, "name": [ "Northwest 28th Street" ], "highway": [ "residential" ] }, "geometry": { "type": "LineString", "coordinates": [ [ -123.28216, 44.5771 ], [ -123.2822, 44.57552 ] ] } },
{ "type": "Feature", "properties": { "component": 0, "name": [ "Northwest Coolidge Way" ], "highway": [ "residential" ] }, "geometry": { "type": "LineString", "coordinates": [ [ -123.28212, 44.5781 ], [ -123.28118, 44.57754 ] ] } },
{ "type": "Feature", "properties": { "component": 0, "name": [ "Northwest 28th Street" ], "highway": [ "residential" ] }, "geometry": { "type": "LineString", "coordinates": [ [ -123.28212, 44.5781 ], [ -123.28216, 44.5771 ] ] } },
{ "type": "Feature", "properties": { "component": 0, "name": [ "Northwest 28th Street" ], "highway": [ "residential" ] }, "geometry": { "type": "LineString", "coordinates": [ [ -123.28262, 44.56976 ], [ -123.28264, 44.5708 ] ] } },
{ "type": "Feature", "properties": { "component": 0, "name": [ "Northwest 28th Street" ], "highway": [ "residential" ] }, "geometry": { "type": "LineString", "coordinates": [ [ -123.28262, 44.56976 ], [ -123.28256, 44.56862 ] ] } },
{ "type": "Feature", "properties": { "component": 0, "name": [ "Northwest Jackson Avenue" ], "highway": [ "residential" ] }, "geometry": { "type": "LineString", "coordinates": [ [ -123.28262, 44.56976 ], [ -123.28362, 44.56974 ] ] } },
{ "type": "Feature", "properties": { "component": 0, "name": [ "Northwest Jackson Avenue" ], "highway": [ "residential" ] }, "geometry": { "type": "LineString", "coordinates": [ [ -123.28262, 44.56976 ], [ -123.28138, 44.56976 ] ] } },
{ "type": "Feature", "properties": { "component": 0, "name": [ "Northwest 28th Street" ], "highway": [ "residential" ] }, "geometry": { "type": "LineString", "coordinates": [ [ -123.28264, 44.5708 ], [ -123.28262, 44.57112 ] ] } },
{ "type": "Feature", "properties": { "component": 0, "name": [ "Northwest 28th Street" ], "highway": [ "residential" ] }, "geometry": { "type": "LineString", "coordinates": [ [ -123.28264, 44.5708 ], [ -123.28262, 44.56976 ] ] } },
{ "type": "Feature", "properties": { "component": 0, "name": [ "Northwest Van Buren Avenue" ], "highway": [ "residential" ] }, "geometry": { "type": "LineString", "coordinates": [ [ -123.28264, 44.5708 ], [ -123.28366, 44.5708 ] ] } },
{ "type": "Feature", "properties": { "component": 0, "name": [ "Northwest Van Buren Avenue" ], "highway": [ "residential" ] }, "geometry": { "type": "LineString", "coordinates": [ [ -123.28264, 44.5708 ], [ -123.28228, 44.57086 ] ] } },
{ "type": "Feature", "properties": { "component": 4, "name": [ "Southwest Whiteside Drive" ], "highway": [ "residential" ] }, "geometry": { "type": "LineString", "coordinates": [ [ -123.28982, 44.54462 ], [ -123.29042, 44.54542 ] ] } },
{ "type": "Feature", "properties": { "component": 4, "name": [ "Southwest Cascade Avenue" ], "highway": [ "residential" ] }, "geometry": { "type": "LineString", "coordinates": [ [ -123.28982, 44.54462 ], [ -123.28372, 44.54486 ], [ -123.2835, 44.54576 ] ] } },
{ "type": "Feature", "properties": { "component": 4, "name": [ "Southwest Whiteside Drive" ], "highway": [ "residential" ] }, "geometry": { "type": "LineString", "coordinates": [ [ -123.28982, 44.54462 ], [ -123.28958, 44.54424 ] ] } },
{ "type": "Feature", "properties": { "component": 4, "name": [ "Southwest Chintimini Avenue" ], "highway": [ "residential" ] }, "geometry": { "type": "LineString", "coordinates": [ [ -123.2835, 44.54576 ], [ -123.28376, 44.54576 ] ] } },
{ "type": "Feature", "properties": { "component": 4, "name": [ "Southwest Cascade Avenue" ], "highway": [ "residential" ] }, "geometry": { "type": "LineString", "coordinates": [ [ -123.2835, 44.54576 ], [ -123.28372, 44.54486 ], [ -123.28982, 44.54462 ] ] } },
{ "type": "Feature", "properties": { "component": 4, "name": [ "Southwest Chintimini Avenue" ], "highway": [ "residential" ] }, "geometry": { "type": "LineString", "coordinates": [ [ -123.2835, 44.54576 ], [ -123.28246, 44.54582 ] ] } },
{ "type": "Feature", "properties": { "component": 0, "name": [ "Southwest 11th Street" ], "highway": [ "residential" ] }, "geometry": { "type": "LineString", "coordinates": [ [ -123.27036, 44.56456 ], [ -123.26986, 44.56554 ] ] } },
{ "type": "Feature", "properties": { "component": 0, "name": [ "Southwest 11th Street" ], "highway": [ "residential" ] }, "geometry": { "type": "LineString", "coordinates": [ [ -123.27036, 44.56456 ], [ -123.27086, 44.56356 ] ] } },
{ "type": "Feature", "properties": { "component": 0, "name": "['Northwest Arthur Avenue' 'Northwest Hawthorn Place']", "highway": [ "residential" ] }, "geometry": { "type": "LineString", "coordinates": [ [ -123.28462, 44.58566 ], [ -123.28392, 44.5845 ], [ -123.2831, 44.58446 ] ] } },
{ "type": "Feature", "properties": { "component": 0, "name": [ "Northwest Vista Place" ], "highway": [ "residential" ] }, "geometry": { "type": "LineString", "coordinates": [ [ -123.2891, 44.58056 ], [ -123.28912, 44.58186 ] ] } },
{ "type": "Feature", "properties": { "component": 0, "name": [ "Northwest Dogwood Drive" ], "highway": [ "residential" ] }, "geometry": { "type": "LineString", "coordinates": [ [ -123.28684, 44.58618 ], [ -123.28736, 44.58676 ] ] } },
{ "type": "Feature", "properties": { "component": 0, "name": [ "Northwest Dogwood Drive" ], "highway": [ "residential" ] }, "geometry": { "type": "LineString", "coordinates": [ [ -123.28736, 44.58676 ], [ -123.28684, 44.58618 ] ] } },
{ "type": "Feature", "properties": { "component": 0, "name": [ "Northwest Norwood Drive" ], "highway": [ "residential" ] }, "geometry": { "type": "LineString", "coordinates": [ [ -123.28736, 44.58676 ], [ -123.28822, 44.58642 ] ] } },
{ "type": "Feature", "properties": { "component": 0, "name": [ "Northwest Dogwood Drive" ], "highway": [ "residential" ] }, "geometry": { "type": "LineString", "coordinates": [ [ -123.28736, 44.58676 ], [ -123.28852, 44.5873 ], [ -123.28864, 44.58782 ] ] } },
{ "type": "Feature", "properties": { "component": 0, "name": [ "Northwest Norwood Drive" ], "highway": [ "residential" ] }, "geometry": { "type": "LineString", "coordinates": [ [ -123.28736, 44.58676 ], [ -123.28634, 44.58708 ] ] } },
{ "type": "Feature", "properties": { "component": 0, "name": [ "Northwest 33rd Street" ], "highway": [ "residential" ] }, "geometry": { "type": "LineString", "coordinates": [ [ -123.2878, 44.57174 ], [ -123.28778, 44.57076 ] ] } },
{ "type": "Feature", "properties": { "component": 0, "name": [ "Northwest 33rd Street" ], "highway": [ "residential" ] }, "geometry": { "type": "LineString", "coordinates": [ [ -123.2878, 44.57174 ], [ -123.28782, 44.57272 ] ] } },
{ "type": "Feature", "properties": { "component": 0, "name": [ "Northwest 32nd Street" ], "highway": [ "residential" ] }, "geometry": { "type": "LineString", "coordinates": [ [ -123.28678, 44.57174 ], [ -123.28678, 44.57078 ] ] } },
{ "type": "Feature", "properties": { "component": 0, "name": [ "Northwest 30th Street" ], "highway": [ "residential" ] }, "geometry": { "type": "LineString", "coordinates": [ [ -123.2847, 44.57176 ], [ -123.28468, 44.57274 ] ] } },
{ "type": "Feature", "properties": { "component": 0, "name": [ "Northwest 26th Street" ], "highway": [ "residential" ] }, "geometry": { "type": "LineString", "coordinates": [ [ -123.28012, 44.57178 ], [ -123.28012, 44.57272 ] ] } },
{ "type": "Feature", "properties": { "component": 0, "name": [ "Northwest 26th Street" ], "highway": [ "residential" ] }, "geometry": { "type": "LineString", "coordinates": [ [ -123.28012, 44.57178 ], [ -123.28008, 44.57042 ] ] } },
{ "type": "Feature", "properties": { "component": 0, "name": [ "Northwest 25th Street" ], "highway": [ "residential" ] }, "geometry": { "type": "LineString", "coordinates": [ [ -123.27892, 44.57178 ], [ -123.27894, 44.57272 ] ] } },
{ "type": "Feature", "properties": { "component": 0, "name": [ "Northwest 25th Street" ], "highway": [ "residential" ] }, "geometry": { "type": "LineString", "coordinates": [ [ -123.27892, 44.57178 ], [ -123.27892, 44.57044 ] ] } },
{ "type": "Feature", "properties": { "component": 0, "name": [ "Northwest 23rd Street" ], "highway": [ "residential" ] }, "geometry": { "type": "LineString", "coordinates": [ [ -123.27768, 44.57164 ], [ -123.2777, 44.57262 ] ] } },
{ "type": "Feature", "properties": { "component": 0, "name": [ "Northwest 23rd Street" ], "highway": [ "residential" ] }, "geometry": { "type": "LineString", "coordinates": [ [ -123.27768, 44.57164 ], [ -123.27766, 44.5703 ] ] } },
{ "type": "Feature", "properties": { "component": 0, "name": [ "Northwest 17th Street" ], "highway": [ "residential" ] }, "geometry": { "type": "LineString", "coordinates": [ [ -123.27356, 44.57092 ], [ -123.27308, 44.57186 ] ] } },
{ "type": "Feature", "properties": { "component": 0, "name": [ "Northwest 17th Street" ], "highway": [ "residential" ] }, "geometry": { "type": "LineString", "coordinates": [ [ -123.27356, 44.57092 ], [ -123.27404, 44.56994 ] ] } },
{ "type": "Feature", "properties": { "component": 0, "name": [ "Northwest 16th Street" ], "highway": [ "residential" ] }, "geometry": { "type": "LineString", "coordinates": [ [ -123.2726, 44.57066 ], [ -123.27212, 44.57162 ] ] } },
{ "type": "Feature", "properties": { "component": 0, "name": [ "Northwest 16th Street" ], "highway": [ "residential" ] }, "geometry": { "type": "LineString", "coordinates": [ [ -123.2726, 44.57066 ], [ -123.2731, 44.56968 ] ] } },
{ "type": "Feature", "properties": { "component": 0, "name": [ "Northwest 15th Street" ], "highway": [ "residential" ] }, "geometry": { "type": "LineString", "coordinates": [ [ -123.27168, 44.57042 ], [ -123.2712, 44.57138 ] ] } },
{ "type": "Feature", "properties": { "component": 0, "name": [ "Northwest 15th Street" ], "highway": [ "residential" ] }, "geometry": { "type": "LineString", "coordinates": [ [ -123.27168, 44.57042 ], [ -123.27218, 44.56946 ] ] } },
{ "type": "Feature", "properties": { "component": 0, "name": [ "Northwest 13th Street" ], "highway": [ "residential" ] }, "geometry": { "type": "LineString", "coordinates": [ [ -123.2698, 44.56994 ], [ -123.26932, 44.5709 ] ] } },
{ "type": "Feature", "properties": { "component": 0, "name": [ "Northwest 13th Street" ], "highway": [ "residential" ] }, "geometry": { "type": "LineString", "coordinates": [ [ -123.2698, 44.56994 ], [ -123.27028, 44.56896 ] ] } },
{ "type": "Feature", "properties": { "component": 0, "name": [ "Northwest 12th Street" ], "highway": [ "residential" ] }, "geometry": { "type": "LineString", "coordinates": [ [ -123.26888, 44.5697 ], [ -123.26842, 44.57068 ] ] } },
{ "type": "Feature", "properties": { "component": 0, "name": [ "Northwest 12th Street" ], "highway": [ "residential" ] }, "geometry": { "type": "LineString", "coordinates": [ [ -123.26888, 44.5697 ], [ -123.26938, 44.56872 ] ] } },
{ "type": "Feature", "properties": { "component": 0, "name": [ "Northwest 11th Street" ], "highway": [ "residential" ] }, "geometry": { "type": "LineString", "coordinates": [ [ -123.26792, 44.56946 ], [ -123.26746, 44.5704 ] ] } },
{ "type": "Feature", "properties": { "component": 0, "name": [ "Northwest 11th Street" ], "highway": [ "residential" ] }, "geometry": { "type": "LineString", "coordinates": [ [ -123.26792, 44.56946 ], [ -123.2684, 44.56848 ] ] } },
{ "type": "Feature", "properties": { "component": 0, "name": [ "Northwest 8th Street" ], "highway": [ "residential" ] }, "geometry": { "type": "LineString", "coordinates": [ [ -123.26472, 44.56864 ], [ -123.26422, 44.56964 ] ] } },
{ "type": "Feature", "properties": { "component": 0, "name": [ "Northwest 8th Street" ], "highway": [ "residential" ] }, "geometry": { "type": "LineString", "coordinates": [ [ -123.26472, 44.56864 ], [ -123.26522, 44.56766 ] ] } },
{ "type": "Feature", "properties": { "component": 5, "name": [ "Northwest Maxine Circle" ], "highway": [ "residential" ] }, "geometry": { "type": "LineString", "coordinates": [ [ -123.25926, 44.59822 ], [ -123.2594, 44.59894 ] ] } },
{ "type": "Feature", "properties": { "component": 5, "name": [ "Northwest Maxine Circle" ], "highway": [ "residential" ] }, "geometry": { "type": "LineString", "coordinates": [ [ -123.25926, 44.59822 ], [ -123.25902, 44.59782 ] ] } },
{ "type": "Feature", "properties": { "component": 5, "name": [ "Northwest Beaver Place" ], "highway": [ "residential" ] }, "geometry": { "type": "LineString", "coordinates": [ [ -123.25926, 44.59822 ], [ -123.25858, 44.5984 ] ] } },
{ "type": "Feature", "properties": { "component": 5, "name": [ "Northwest Maxine Circle" ], "highway": [ "residential" ] }, "geometry": { "type": "LineString", "coordinates": [ [ -123.25918, 44.6008 ], [ -123.25746, 44.6008 ] ] } },
{ "type": "Feature", "properties": { "component": 5, "name": [ "Northwest Maxine Circle" ], "highway": [ "residential" ] }, "geometry": { "type": "LineString", "coordinates": [ [ -123.25918, 44.6008 ], [ -123.26024, 44.60014 ], [ -123.25976, 44.59962 ] ] } },
{ "type": "Feature", "properties": { "component": 5, "name": [ "Northwest Mink Place" ], "highway": [ "residential" ] }, "geometry": { "type": "LineString", "coordinates": [ [ -123.25918, 44.6008 ], [ -123.2586, 44.60164 ] ] } },
{ "type": "Feature", "properties": { "component": 5, "name": [ "Northwest Maxine Circle" ], "highway": [ "residential" ] }, "geometry": { "type": "LineString", "coordinates": [ [ -123.25746, 44.6008 ], [ -123.25918, 44.6008 ] ] } },
{ "type": "Feature", "properties": { "component": 5, "name": [ "Northwest Gonzalez Avenue" ], "highway": [ "residential" ] }, "geometry": { "type": "LineString", "coordinates": [ [ -123.25746, 44.6008 ], [ -123.2569, 44.60074 ] ] } },
{ "type": "Feature", "properties": { "component": 3, "name": [ "Northwest Jeanice Place" ], "highway": [ "residential" ] }, "geometry": { "type": "LineString", "coordinates": [ [ -123.30386, 44.59208 ], [ -123.30296, 44.5918 ] ] } },
{ "type": "Feature", "properties": { "component": 3, "name": [ "Northwest Kinderman Drive" ], "highway": [ "residential" ] }, "geometry": { "type": "LineString", "coordinates": [ [ -123.30386, 44.59208 ], [ -123.30342, 44.5926 ] ] } },
{ "type": "Feature", "properties": { "component": 3, "name": [ "Northwest Kinderman Drive" ], "highway": [ "residential" ] }, "geometry": { "type": "LineString", "coordinates": [ [ -123.30386, 44.59208 ], [ -123.30482, 44.59138 ] ] } },
{ "type": "Feature", "properties": { "component": 3, "name": [ "Northwest Jeanice Place" ], "highway": [ "residential" ] }, "geometry": { "type": "LineString", "coordinates": [ [ -123.30296, 44.5918 ], [ -123.30386, 44.59208 ] ] } },
{ "type": "Feature", "properties": { "component": 0, "name": [ "Northwest Ashwood Drive" ], "highway": [ "residential" ] }, "geometry": { "type": "LineString", "coordinates": [ [ -123.28318, 44.58852 ], [ -123.28422, 44.5886 ], [ -123.28432, 44.5896 ] ] } },
{ "type": "Feature", "properties": { "component": 0, "name": [ "Northwest Ashwood Drive" ], "highway": [ "residential" ] }, "geometry": { "type": "LineString", "coordinates": [ [ -123.28318, 44.58852 ], [ -123.28146, 44.58852 ] ] } },
{ "type": "Feature", "properties": { "component": 0, "name": [ "Northwest Ashwood Drive" ], "highway": [ "residential" ] }, "geometry": { "type": "LineString", "coordinates": [ [ -123.28432, 44.5896 ], [ -123.28444, 44.59132 ] ] } },
{ "type": "Feature", "properties": { "component": 0, "name": [ "Northwest Ashwood Drive" ], "highway": [ "residential" ] }, "geometry": { "type": "LineString", "coordinates": [ [ -123.28432, 44.5896 ], [ -123.28422, 44.5886 ], [ -123.28318, 44.58852 ] ] } },
{ "type": "Feature", "properties": { "component": 0, "name": [ "Northwest McKinley Drive" ], "highway": [ "residential" ] }, "geometry": { "type": "LineString", "coordinates": [ [ -123.28432, 44.5896 ], [ -123.2855, 44.58962 ], [ -123.28562, 44.59024 ] ] } },
{ "type": "Feature", "properties": { "component": 0, "name": [ "Northwest Ashwood Drive" ], "highway": [ "residential" ] }, "geometry": { "type": "LineString", "coordinates": [ [ -123.28444, 44.59132 ], [ -123.28432, 44.5896 ] ] } },
{ "type": "Feature", "properties": { "component": 0, "name": [ "Northwest Roosevelt Drive" ], "highway": [ "residential" ] }, "geometry": { "type": "LineString", "coordinates": [ [ -123.28444, 44.59132 ], [ -123.28336, 44.59132 ] ] } },
{ "type": "Feature", "properties": { "component": 0, "name": [ "Northwest Roosevelt Drive" ], "highway": [ "residential" ] }, "geometry": { "type": "LineString", "coordinates": [ [ -123.28444, 44.59132 ], [ -123.29084, 44.59116 ], [ -123.29094, 44.5903 ] ] } },
{ "type": "Feature", "properties": { "component": 6, "name": [ "Northwest Clover Place" ], "highway": [ "residential" ] }, "geometry": { "type": "LineString", "coordinates": [ [ -123.29366, 44.5951 ], [ -123.29242, 44.5951 ] ] } },
{ "type": "Feature", "properties": { "component": 6, "name": [ "Northwest Aspen Street" ], "highway": [ "residential" ] }, "geometry": { "type": "LineString", "coordinates": [ [ -123.29366, 44.5951 ], [ -123.29348, 44.5958 ] ] } },
{ "type": "Feature", "properties": { "component": 6, "name": [ "Northwest Aspen Street" ], "highway": [ "residential" ] }, "geometry": { "type": "LineString", "coordinates": [ [ -123.29366, 44.5951 ], [ -123.29384, 44.59472 ] ] } },
{ "type": "Feature", "properties": { "component": 6, "name": [ "Northwest Clover Place" ], "highway": [ "residential" ] }, "geometry": { "type": "LineString", "coordinates": [ [ -123.29242, 44.5951 ], [ -123.29366, 44.5951 ] ] } },
{ "type": "Feature", "properties": { "component": 3, "name": [ "Lavender Circle" ], "highway": [ "residential" ] }, "geometry": { "type": "LineString", "coordinates": [ [ -123.30964, 44.59392 ], [ -123.30962, 44.5935 ] ] } },
{ "type": "Feature", "properties": { "component": 3, "name": [ "Northwest Stag Run Place" ], "highway": [ "residential" ] }, "geometry": { "type": "LineString", "coordinates": [ [ -123.30964, 44.59392 ], [ -123.3106, 44.5939 ] ] } },
{ "type": "Feature", "properties": { "component": 3, "name": [ "Lavender Circle" ], "highway": [ "residential" ] }, "geometry": { "type": "LineString", "coordinates": [ [ -123.30964, 44.59392 ], [ -123.30922, 44.59478 ] ] } },
{ "type": "Feature", "properties": { "component": 3, "name": [ "Northwest Stag Run Place" ], "highway": [ "residential" ] }, "geometry": { "type": "LineString", "coordinates": [ [ -123.31126, 44.5939 ], [ -123.3106, 44.5939 ] ] } },
{ "type": "Feature", "properties": { "component": 0, "name": [ "Northwest 13th Street" ], "highway": [ "residential" ] }, "geometry": { "type": "LineString", "coordinates": [ [ -123.267, 44.57744 ], [ -123.267, 44.5782 ] ] } },
{ "type": "Feature", "properties": { "component": 0, "name": [ "Northwest 13th Street" ], "highway": [ "residential" ] }, "geometry": { "type": "LineString", "coordinates": [ [ -123.267, 44.57744 ], [ -123.26698, 44.5761 ] ] } },
{ "type": "Feature", "properties": { "component": 0, "name": [ "Northwest Lincoln Avenue" ], "highway": [ "residential" ] }, "geometry": { "type": "LineString", "coordinates": [ [ -123.267, 44.57744 ], [ -123.26812, 44.57744 ] ] } },
{ "type": "Feature", "properties": { "component": 0, "name": [ "Northwest 13th Street" ], "highway": [ "residential" ] }, "geometry": { "type": "LineString", "coordinates": [ [ -123.26702, 44.5796 ], [ -123.267, 44.5782 ] ] } },
{ "type": "Feature", "properties": { "component": 0, "name": [ "Northwest 13th Street" ], "highway": [ "residential" ] }, "geometry": { "type": "LineString", "coordinates": [ [ -123.26704, 44.58024 ], [ -123.26706, 44.58072 ] ] } },
{ "type": "Feature", "properties": { "component": 0, "name": [ "Northwest 13th Street" ], "highway": [ "residential" ] }, "geometry": { "type": "LineString", "coordinates": [ [ -123.26706, 44.58072 ], [ -123.2671, 44.58306 ] ] } },
{ "type": "Feature", "properties": { "component": 0, "name": [ "Northwest 13th Street" ], "highway": [ "residential" ] }, "geometry": { "type": "LineString", "coordinates": [ [ -123.26706, 44.58072 ], [ -123.26704, 44.58024 ] ] } },
{ "type": "Feature", "properties": { "component": 0, "name": [ "Northwest Greeley Avenue" ], "highway": [ "residential" ] }, "geometry": { "type": "LineString", "coordinates": [ [ -123.26706, 44.58072 ], [ -123.26816, 44.5807 ] ] } },
{ "type": "Feature", "properties": { "component": 0, "name": [ "Northwest 13th Street" ], "highway": [ "residential" ] }, "geometry": { "type": "LineString", "coordinates": [ [ -123.2671, 44.58306 ], [ -123.26712, 44.58368 ] ] } },
{ "type": "Feature", "properties": { "component": 0, "name": [ "Northwest 13th Street" ], "highway": [ "residential" ] }, "geometry": { "type": "LineString", "coordinates": [ [ -123.2671, 44.58306 ], [ -123.26706, 44.58072 ] ] } },
{ "type": "Feature", "properties": { "component": 0, "name": [ "Northwest 13th Street" ], "highway": [ "residential" ] }, "geometry": { "type": "LineString", "coordinates": [ [ -123.26712, 44.58368 ], [ -123.2671, 44.58306 ] ] } },
{ "type": "Feature", "properties": { "component": 0, "name": [ "Northwest 13th Street" ], "highway": [ "residential" ] }, "geometry": { "type": "LineString", "coordinates": [ [ -123.26712, 44.58368 ], [ -123.26716, 44.58578 ] ] } },
{ "type": "Feature", "properties": { "component": 0, "name": [ "Northwest Menlo Drive" ], "highway": [ "residential" ] }, "geometry": { "type": "LineString", "coordinates": [ [ -123.26712, 44.58368 ], [ -123.26826, 44.58366 ] ] } },
{ "type": "Feature", "properties": { "component": 0, "name": [ "Northwest 13th Street" ], "highway": [ "residential" ] }, "geometry": { "type": "LineString", "coordinates": [ [ -123.27124, 44.56698 ], [ -123.27074, 44.56802 ] ] } },
{ "type": "Feature", "properties": { "component": 0, "name": [ "Northwest 13th Street" ], "highway": [ "residential" ] }, "geometry": { "type": "LineString", "coordinates": [ [ -123.27074, 44.56802 ], [ -123.27028, 44.56896 ] ] } },
{ "type": "Feature", "properties": { "component": 0, "name": [ "Northwest 13th Street" ], "highway": [ "residential" ] }, "geometry": { "type": "LineString", "coordinates": [ [ -123.27074, 44.56802 ], [ -123.27124, 44.56698 ] ] } },
{ "type": "Feature", "properties": { "component": 0, "name": [ "Northwest Jackson Avenue" ], "highway": [ "residential" ] }, "geometry": { "type": "LineString", "coordinates": [ [ -123.27074, 44.56802 ], [ -123.27168, 44.56828 ] ] } },
{ "type": "Feature", "properties": { "component": 0, "name": [ "Northwest Jackson Avenue" ], "highway": [ "residential" ] }, "geometry": { "type": "LineString", "coordinates": [ [ -123.27074, 44.56802 ], [ -123.26982, 44.5678 ] ] } },
{ "type": "Feature", "properties": { "component": 0, "name": [ "Northwest 13th Street" ], "highway": [ "residential" ] }, "geometry": { "type": "LineString", "coordinates": [ [ -123.27028, 44.56896 ], [ -123.2698, 44.56994 ] ] } },
{ "type": "Feature", "properties": { "component": 0, "name": [ "Northwest 13th Street" ], "highway": [ "residential" ] }, "geometry": { "type": "LineString", "coordinates": [ [ -123.27028, 44.56896 ], [ -123.27074, 44.56802 ] ] } },
{ "type": "Feature", "properties": { "component": 0, "name": [ "Northwest 13th Street" ], "highway": [ "residential" ] }, "geometry": { "type": "LineString", "coordinates": [ [ -123.26932, 44.5709 ], [ -123.26888, 44.5718 ] ] } },
{ "type": "Feature", "properties": { "component": 0, "name": [ "Northwest 13th Street" ], "highway": [ "residential" ] }, "geometry": { "type": "LineString", "coordinates": [ [ -123.26932, 44.5709 ], [ -123.2698, 44.56994 ] ] } },
{ "type": "Feature", "properties": { "component": 0, "name": [ "Northwest Tyler Avenue" ], "highway": [ "residential" ] }, "geometry": { "type": "LineString", "coordinates": [ [ -123.26932, 44.5709 ], [ -123.27026, 44.57114 ] ] } },
{ "type": "Feature", "properties": { "component": 0, "name": [ "Northwest Tyler Avenue" ], "highway": [ "residential" ] }, "geometry": { "type": "LineString", "coordinates": [ [ -123.26932, 44.5709 ], [ -123.26842, 44.57068 ] ] } },
{ "type": "Feature", "properties": { "component": 0, "name": [ "Northwest 13th Street" ], "highway": [ "residential" ] }, "geometry": { "type": "LineString", "coordinates": [ [ -123.26888, 44.5718 ], [ -123.26932, 44.5709 ] ] } },
{ "type": "Feature", "properties": { "component": 0, "name": [ "Northwest Polk Avenue" ], "highway": [ "residential" ] }, "geometry": { "type": "LineString", "coordinates": [ [ -123.26888, 44.5718 ], [ -123.26982, 44.57204 ] ] } },
{ "type": "Feature", "properties": { "component": 0, "name": [ "Northwest Polk Avenue" ], "highway": [ "residential" ] }, "geometry": { "type": "LineString", "coordinates": [ [ -123.26888, 44.5718 ], [ -123.26796, 44.57158 ] ] } },
{ "type": "Feature", "properties": { "component": 0, "name": [ "Northwest 13th Street" ], "highway": [ "residential" ] }, "geometry": { "type": "LineString", "coordinates": [ [ -123.26888, 44.5718 ], [ -123.26844, 44.57268 ] ] } },
{ "type": "Feature", "properties": { "component": 0, "name": [ "Northwest Taylor Avenue" ], "highway": [ "residential" ] }, "geometry": { "type": "LineString", "coordinates": [ [ -123.26844, 44.57268 ], [ -123.26938, 44.57292 ] ] } },
{ "type": "Feature", "properties": { "component": 0, "name": [ "Northwest Taylor Avenue" ], "highway": [ "residential" ] }, "geometry": { "type": "LineString", "coordinates": [ [ -123.26844, 44.57268 ], [ -123.26752, 44.57246 ] ] } },
{ "type": "Feature", "properties": { "component": 0, "name": [ "Northwest 13th Street" ], "highway": [ "residential" ] }, "geometry": { "type": "LineString", "coordinates": [ [ -123.26844, 44.57268 ], [ -123.26802, 44.57356 ] ] } },
{ "type": "Feature", "properties": { "component": 0, "name": [ "Northwest 13th Street" ], "highway": [ "residential" ] }, "geometry": { "type": "LineString", "coordinates": [ [ -123.26844, 44.57268 ], [ -123.26888, 44.5718 ] ] } },
{ "type": "Feature", "properties": { "component": 2, "name": [ "Southwest Trellis Circle" ], "highway": [ "residential" ] }, "geometry": { "type": "LineString", "coordinates": [ [ -123.32228, 44.55752 ], [ -123.3218, 44.55786 ] ] } },
{ "type": "Feature", "properties": { "component": 2, "name": [ "Southwest Trellis Drive" ], "highway": [ "residential" ] }, "geometry": { "type": "LineString", "coordinates": [ [ -123.32228, 44.55752 ], [ -123.32172, 44.55752 ], [ -123.3218, 44.55786 ] ] } },
{ "type": "Feature", "properties": { "component": 2, "name": [ "Southwest Trellis Circle" ], "highway": [ "residential" ] }, "geometry": { "type": "LineString", "coordinates": [ [ -123.32228, 44.55752 ], [ -123.324, 44.55724 ] ] } },
{ "type": "Feature", "properties": { "component": 2, "name": [ "Southwest Trellis Circle" ], "highway": [ "residential" ] }, "geometry": { "type": "LineString", "coordinates": [ [ -123.3218, 44.55786 ], [ -123.3218, 44.55796 ] ] } },
{ "type": "Feature", "properties": { "component": 2, "name": [ "Southwest Trellis Circle" ], "highway": [ "residential" ] }, "geometry": { "type": "LineString", "coordinates": [ [ -123.3218, 44.55786 ], [ -123.32228, 44.55752 ] ] } },
{ "type": "Feature", "properties": { "component": 2, "name": [ "Southwest Trellis Drive" ], "highway": [ "residential" ] }, "geometry": { "type": "LineString", "coordinates": [ [ -123.3218, 44.55786 ], [ -123.32172, 44.55752 ], [ -123.32228, 44.55752 ] ] } },
{ "type": "Feature", "properties": { "component": 2, "name": [ "Southwest Trellis Circle" ], "highway": [ "residential" ] }, "geometry": { "type": "LineString", "coordinates": [ [ -123.3218, 44.55796 ], [ -123.32202, 44.55816 ] ] } },
{ "type": "Feature", "properties": { "component": 2, "name": [ "Southwest Trellis Drive" ], "highway": [ "residential" ] }, "geometry": { "type": "LineString", "coordinates": [ [ -123.3218, 44.55796 ], [ -123.3217, 44.5583 ], [ -123.32202, 44.55816 ] ] } },
{ "type": "Feature", "properties": { "component": 2, "name": [ "Southwest Trellis Circle" ], "highway": [ "residential" ] }, "geometry": { "type": "LineString", "coordinates": [ [ -123.3218, 44.55796 ], [ -123.3218, 44.55786 ] ] } },
{ "type": "Feature", "properties": { "component": 2, "name": [ "Southwest Trellis Circle" ], "highway": [ "residential" ] }, "geometry": { "type": "LineString", "coordinates": [ [ -123.32202, 44.55816 ], [ -123.3224, 44.55844 ] ] } },
{ "type": "Feature", "properties": { "component": 2, "name": [ "Southwest Trellis Circle" ], "highway": [ "residential" ] }, "geometry": { "type": "LineString", "coordinates": [ [ -123.32202, 44.55816 ], [ -123.3218, 44.55796 ] ] } },
{ "type": "Feature", "properties": { "component": 2, "name": [ "Southwest Trellis Drive" ], "highway": [ "residential" ] }, "geometry": { "type": "LineString", "coordinates": [ [ -123.32202, 44.55816 ], [ -123.3217, 44.5583 ], [ -123.3218, 44.55796 ] ] } },
{ "type": "Feature", "properties": { "component": 2, "name": [ "Southwest Trellis Circle" ], "highway": [ "residential" ] }, "geometry": { "type": "LineString", "coordinates": [ [ -123.32318, 44.559 ], [ -123.3225, 44.5585 ] ] } },
{ "type": "Feature", "properties": { "component": 2, "name": "['Southwest Chestnut Drive' 'Southwest Sandalwood Street']", "highway": [ "residential" ] }, "geometry": { "type": "LineString", "coordinates": [ [ -123.32318, 44.559 ], [ -123.32182, 44.55974 ], [ -123.32178, 44.56086 ] ] } },
{ "type": "Feature", "properties": { "component": 2, "name": [ "Southwest Chestnut Drive" ], "highway": [ "residential" ] }, "geometry": { "type": "LineString", "coordinates": [ [ -123.32318, 44.559 ], [ -123.324, 44.55876 ] ] } },
{ "type": "Feature", "properties": { "component": 0, "name": [ "Northwest Morgan Place" ], "highway": [ "residential" ] }, "geometry": { "type": "LineString", "coordinates": [ [ -123.29702, 44.58424 ], [ -123.29672, 44.5842 ] ] } },
{ "type": "Feature", "properties": { "component": 0, "name": [ "Northwest Morgan Place" ], "highway": [ "residential" ] }, "geometry": { "type": "LineString", "coordinates": [ [ -123.29672, 44.5842 ], [ -123.29636, 44.58424 ] ] } },
{ "type": "Feature", "properties": { "component": 0, "name": [ "Northwest Morgan Place" ], "highway": [ "residential" ] }, "geometry": { "type": "LineString", "coordinates": [ [ -123.29672, 44.5842 ], [ -123.29636, 44.58424 ] ] } },
{ "type": "Feature", "properties": { "component": 0, "name": [ "Northwest Morgan Place" ], "highway": [ "residential" ] }, "geometry": { "type": "LineString", "coordinates": [ [ -123.29672, 44.5842 ], [ -123.29702, 44.58424 ] ] } },
{ "type": "Feature", "properties": { "component": 0, "name": [ "Northwest Morgan Place" ], "highway": [ "residential" ] }, "geometry": { "type": "LineString", "coordinates": [ [ -123.29636, 44.58424 ], [ -123.2961, 44.5844 ] ] } },
{ "type": "Feature", "properties": { "component": 0, "name": [ "Northwest Morgan Place" ], "highway": [ "residential" ] }, "geometry": { "type": "LineString", "coordinates": [ [ -123.29636, 44.58424 ], [ -123.29672, 44.5842 ] ] } },
{ "type": "Feature", "properties": { "component": 0, "name": [ "Northwest Morgan Place" ], "highway": [ "residential" ] }, "geometry": { "type": "LineString", "coordinates": [ [ -123.29636, 44.58424 ], [ -123.29672, 44.5842 ] ] } },
{ "type": "Feature", "properties": { "component": 0, "name": [ "Northwest Lincoln Avenue" ], "highway": [ "residential" ] }, "geometry": { "type": "LineString", "coordinates": [ [ -123.29542, 44.57702 ], [ -123.29474, 44.57706 ] ] } },
{ "type": "Feature", "properties": { "component": 0, "name": [ "Northwest Lincoln Court" ], "highway": [ "residential" ] }, "geometry": { "type": "LineString", "coordinates": [ [ -123.29542, 44.57702 ], [ -123.29536, 44.57766 ], [ -123.29488, 44.57782 ] ] } },
{ "type": "Feature", "properties": { "component": 0, "name": "['Northwest Westwood Place' 'Northwest Lincoln Avenue']", "highway": [ "residential" ] }, "geometry": { "type": "LineString", "coordinates": [ [ -123.29542, 44.57702 ], [ -123.29614, 44.57648 ], [ -123.29584, 44.57616 ] ] } },
{ "type": "Feature", "properties": { "component": 0, "name": [ "Northwest Lincoln Court" ], "highway": [ "residential" ] }, "geometry": { "type": "LineString", "coordinates": [ [ -123.29488, 44.57782 ], [ -123.29536, 44.57766 ], [ -123.29542, 44.57702 ] ] } },
{ "type": "Feature", "properties": { "component": 0, "name": [ "Northwest Terracegreen Place" ], "highway": [ "residential" ] }, "geometry": { "type": "LineString", "coordinates": [ [ -123.2708, 44.59072 ], [ -123.26928, 44.59072 ] ] } },
{ "type": "Feature", "properties": { "component": 0, "name": [ "Northwest Terracegreen Place" ], "highway": [ "residential" ] }, "geometry": { "type": "LineString", "coordinates": [ [ -123.26928, 44.59072 ], [ -123.26828, 44.59076 ] ] } },
{ "type": "Feature", "properties": { "component": 0, "name": [ "Northwest Terracegreen Place" ], "highway": [ "residential" ] }, "geometry": { "type": "LineString", "coordinates": [ [ -123.26928, 44.59072 ], [ -123.2708, 44.59072 ] ] } },
{ "type": "Feature", "properties": { "component": 0, "name": [ "Northwest Garryanna Street" ], "highway": [ "residential" ] }, "geometry": { "type": "LineString", "coordinates": [ [ -123.26928, 44.59072 ], [ -123.26938, 44.59002 ] ] } },
{ "type": "Feature", "properties": { "component": 0, "name": [ "Northwest Garryanna Street" ], "highway": [ "residential" ] }, "geometry": { "type": "LineString", "coordinates": [ [ -123.26928, 44.59072 ], [ -123.26936, 44.59138 ] ] } },
{ "type": "Feature", "properties": { "component": 0, "name": [ "Northwest Terracegreen Place" ], "highway": [ "residential" ] }, "geometry": { "type": "LineString", "coordinates": [ [ -123.26828, 44.59076 ], [ -123.26928, 44.59072 ] ] } },
{ "type": "Feature", "properties": { "component": 0, "name": [ "Northwest Coolidge Way" ], "highway": [ "residential" ] }, "geometry": { "type": "LineString", "coordinates": [ [ -123.27906, 44.57624 ], [ -123.28012, 44.57688 ] ] } },
{ "type": "Feature", "properties": { "component": 0, "name": [ "Northwest Coolidge Way" ], "highway": [ "residential" ] }, "geometry": { "type": "LineString", "coordinates": [ [ -123.27906, 44.57624 ], [ -123.27778, 44.57548 ] ] } },
{ "type": "Feature", "properties": { "component": 0, "name": [ "Northwest 25th Street" ], "highway": [ "residential" ] }, "geometry": { "type": "LineString", "coordinates": [ [ -123.27906, 44.57624 ], [ -123.27904, 44.5755 ] ] } },
{ "type": "Feature", "properties": { "component": 0, "name": [ "Northwest 25th Street" ], "highway": [ "residential" ] }, "geometry": { "type": "LineString", "coordinates": [ [ -123.27906, 44.57624 ], [ -123.27908, 44.57706 ] ] } },
{ "type": "Feature", "properties": { "component": 0, "name": [ "Northwest 26th Street" ], "highway": [ "residential" ] }, "geometry": { "type": "LineString", "coordinates": [ [ -123.28012, 44.57688 ], [ -123.2801, 44.57708 ] ] } },
{ "type": "Feature", "properties": { "component": 0, "name": [ "Northwest 26th Street" ], "highway": [ "residential" ] }, "geometry": { "type": "LineString", "coordinates": [ [ -123.28012, 44.57688 ], [ -123.2801, 44.5755 ] ] } },
{ "type": "Feature", "properties": { "component": 0, "name": [ "Northwest Coolidge Way" ], "highway": [ "residential" ] }, "geometry": { "type": "LineString", "coordinates": [ [ -123.28012, 44.57688 ], [ -123.27906, 44.57624 ] ] } },
{ "type": "Feature", "properties": { "component": 0, "name": [ "Northwest Coolidge Way" ], "highway": [ "residential" ] }, "geometry": { "type": "LineString", "coordinates": [ [ -123.28012, 44.57688 ], [ -123.28042, 44.57708 ] ] } },
{ "type": "Feature", "properties": { "component": 0, "name": [ "Northwest Lincoln Avenue" ], "highway": [ "residential" ] }, "geometry": { "type": "LineString", "coordinates": [ [ -123.28042, 44.57708 ], [ -123.28116, 44.5771 ] ] } },
{ "type": "Feature", "properties": { "component": 0, "name": [ "Northwest Lincoln Avenue" ], "highway": [ "residential" ] }, "geometry": { "type": "LineString", "coordinates": [ [ -123.28042, 44.57708 ], [ -123.2801, 44.57708 ] ] } },
{ "type": "Feature", "properties": { "component": 0, "name": [ "Northwest Coolidge Way" ], "highway": [ "residential" ] }, "geometry": { "type": "LineString", "coordinates": [ [ -123.28042, 44.57708 ], [ -123.28012, 44.57688 ] ] } },
{ "type": "Feature", "properties": { "component": 0, "name": [ "Northwest Coolidge Way" ], "highway": [ "residential" ] }, "geometry": { "type": "LineString", "coordinates": [ [ -123.28042, 44.57708 ], [ -123.28118, 44.57754 ] ] } },
{ "type": "Feature", "properties": { "component": 0, "name": [ "Northwest Tyler Place" ], "highway": [ "residential" ] }, "geometry": { "type": "LineString", "coordinates": [ [ -123.29192, 44.5726 ], [ -123.29088, 44.5727 ] ] } },
{ "type": "Feature", "properties": { "component": 0, "name": [ "Northwest Tyler Place" ], "highway": [ "residential" ] }, "geometry": { "type": "LineString", "coordinates": [ [ -123.29192, 44.5726 ], [ -123.29194, 44.573 ] ] } },
{ "type": "Feature", "properties": { "component": 0, "name": [ "Northwest Tyler Place" ], "highway": [ "residential" ] }, "geometry": { "type": "LineString", "coordinates": [ [ -123.29192, 44.5726 ], [ -123.29188, 44.5722 ] ] } },
{ "type": "Feature", "properties": { "component": 0, "name": [ "Northwest Tyler Avenue" ], "highway": [ "residential" ] }, "geometry": { "type": "LineString", "coordinates": [ [ -123.29192, 44.5726 ], [ -123.2931, 44.5722 ] ] } },
{ "type": "Feature", "properties": { "component": 0, "name": [ "Northwest Tyler Place" ], "highway": [ "residential" ] }, "geometry": { "type": "LineString", "coordinates": [ [ -123.29188, 44.5722 ], [ -123.29192, 44.5726 ] ] } },
{ "type": "Feature", "properties": { "component": 0, "name": [ "Northwest Tyler Place" ], "highway": [ "residential" ] }, "geometry": { "type": "LineString", "coordinates": [ [ -123.29194, 44.573 ], [ -123.29192, 44.5726 ] ] } },
{ "type": "Feature", "properties": { "component": 0, "name": [ "Northwest Lynwood Circle" ], "highway": [ "residential" ] }, "geometry": { "type": "LineString", "coordinates": [ [ -123.28976, 44.58562 ], [ -123.28982, 44.58694 ], [ -123.28822, 44.58642 ] ] } },
{ "type": "Feature", "properties": { "component": 0, "name": [ "Northwest Norwood Drive" ], "highway": [ "residential" ] }, "geometry": { "type": "LineString", "coordinates": [ [ -123.28976, 44.58562 ], [ -123.28822, 44.58642 ] ] } },
{ "type": "Feature", "properties": { "component": 0, "name": [ "Northwest Norwood Drive" ], "highway": [ "residential" ] }, "geometry": { "type": "LineString", "coordinates": [ [ -123.28976, 44.58562 ], [ -123.29086, 44.58526 ] ] } },
{ "type": "Feature", "properties": { "component": 0, "name": [ "Northwest Norwood Drive" ], "highway": [ "residential" ] }, "geometry": { "type": "LineString", "coordinates": [ [ -123.28822, 44.58642 ], [ -123.28736, 44.58676 ] ] } },
{ "type": "Feature", "properties": { "component": 0, "name": [ "Northwest Lynwood Circle" ], "highway": [ "residential" ] }, "geometry": { "type": "LineString", "coordinates": [ [ -123.28822, 44.58642 ], [ -123.28982, 44.58694 ], [ -123.28976, 44.58562 ] ] } },
{ "type": "Feature", "properties": { "component": 0, "name": [ "Northwest Norwood Drive" ], "highway": [ "residential" ] }, "geometry": { "type": "LineString", "coordinates": [ [ -123.28822, 44.58642 ], [ -123.28976, 44.58562 ] ] } },
{ "type": "Feature", "properties": { "component": 0, "name": [ "Northwest Elmwood Place" ], "highway": [ "residential" ] }, "geometry": { "type": "LineString", "coordinates": [ [ -123.27704, 44.58716 ], [ -123.27732, 44.58776 ] ] } },
{ "type": "Feature", "properties": { "component": 5, "name": "['Northeast Conifer Boulevard' 'Northwest Conifer Boulevard']", "highway": [ "residential" ] }, "geometry": { "type": "LineString", "coordinates": [ [ -123.25082, 44.5968 ], [ -123.25198, 44.59678 ] ] } },
{ "type": "Feature", "properties": { "component": 0, "name": [ "Northwest Firwood Drive" ], "highway": [ "residential" ] }, "geometry": { "type": "LineString", "coordinates": [ [ -123.28676, 44.58854 ], [ -123.28718, 44.5886 ] ] } },
{ "type": "Feature", "properties": { "component": 0, "name": [ "Northwest Evergreen Street" ], "highway": [ "residential" ] }, "geometry": { "type": "LineString", "coordinates": [ [ -123.28676, 44.58854 ], [ -123.28678, 44.58946 ] ] } },
{ "type": "Feature", "properties": { "component": 0, "name": [ "Northwest Firwood Drive" ], "highway": [ "residential" ] }, "geometry": { "type": "LineString", "coordinates": [ [ -123.28676, 44.58854 ], [ -123.28586, 44.58828 ] ] } },
{ "type": "Feature", "properties": { "component": 0, "name": [ "Northwest Evergreen Street" ], "highway": [ "residential" ] }, "geometry": { "type": "LineString", "coordinates": [ [ -123.28678, 44.58946 ], [ -123.28678, 44.59028 ] ] } },
{ "type": "Feature", "properties": { "component": 0, "name": [ "Northwest Evergreen Street" ], "highway": [ "residential" ] }, "geometry": { "type": "LineString", "coordinates": [ [ -123.28678, 44.58946 ], [ -123.28676, 44.58854 ] ] } },
{ "type": "Feature", "properties": { "component": 0, "name": [ "Northwest Gumwood Avenue" ], "highway": [ "residential" ] }, "geometry": { "type": "LineString", "coordinates": [ [ -123.28678, 44.58946 ], [ -123.28976, 44.58946 ] ] } },
{ "type": "Feature", "properties": { "component": 0, "name": [ "Northwest Evergreen Street" ], "highway": [ "residential" ] }, "geometry": { "type": "LineString", "coordinates": [ [ -123.28678, 44.59028 ], [ -123.28678, 44.58946 ] ] } },
{ "type": "Feature", "properties": { "component": 0, "name": [ "Northwest McKinley Drive" ], "highway": [ "residential" ] }, "geometry": { "type": "LineString", "coordinates": [ [ -123.28678, 44.59028 ], [ -123.28976, 44.59028 ] ] } },
{ "type": "Feature", "properties": { "component": 0, "name": [ "Northwest McKinley Drive" ], "highway": [ "residential" ] }, "geometry": { "type": "LineString", "coordinates": [ [ -123.28678, 44.59028 ], [ -123.28562, 44.59024 ] ] } },
{ "type": "Feature", "properties": { "component": 9, "name": [ "Southeast Marion Avenue" ], "highway": [ "residential" ] }, "geometry": { "type": "LineString", "coordinates": [ [ -123.2569, 44.5417 ], [ -123.25862, 44.5417 ] ] } },
{ "type": "Feature", "properties": { "component": 9, "name": [ "Southeast Ryan Street" ], "highway": [ "residential" ] }, "geometry": { "type": "LineString", "coordinates": [ [ -123.25862, 44.5417 ], [ -123.25862, 44.54246 ] ] } },
{ "type": "Feature", "properties": { "component": 9, "name": [ "Southeast Ryan Street" ], "highway": [ "residential" ] }, "geometry": { "type": "LineString", "coordinates": [ [ -123.25862, 44.5417 ], [ -123.25862, 44.54108 ] ] } },
{ "type": "Feature", "properties": { "component": 9, "name": [ "Southeast Marion Avenue" ], "highway": [ "residential" ] }, "geometry": { "type": "LineString", "coordinates": [ [ -123.25862, 44.5417 ], [ -123.2569, 44.5417 ] ] } },
{ "type": "Feature", "properties": { "component": 9, "name": [ "Southeast Marion Avenue" ], "highway": [ "residential" ] }, "geometry": { "type": "LineString", "coordinates": [ [ -123.25862, 44.5417 ], [ -123.26044, 44.5417 ] ] } },
{ "type": "Feature", "properties": { "component": 0, "name": [ "Monroe Avenue" ], "highway": [ "residential" ] }, "geometry": { "type": "LineString", "coordinates": [ [ -123.25986, 44.5641 ], [ -123.25876, 44.56382 ] ] } },
{ "type": "Feature", "properties": { "component": 0, "name": [ "Northwest Jackson Avenue" ], "highway": [ "residential" ] }, "geometry": { "type": "LineString", "coordinates": [ [ -123.25936, 44.56508 ], [ -123.25826, 44.5648 ] ] } },
{ "type": "Feature", "properties": { "component": 0, "name": [ "Northwest Polk Avenue" ], "highway": [ "residential" ] }, "geometry": { "type": "LineString", "coordinates": [ [ -123.25736, 44.569 ], [ -123.25842, 44.56928 ] ] } },
{ "type": "Feature", "properties": { "component": 2, "name": [ "Southwest Quiet Creek Avenue" ], "highway": [ "residential" ] }, "geometry": { "type": "LineString", "coordinates": [ [ -123.32032, 44.56086 ], [ -123.31902, 44.56086 ] ] } },
{ "type": "Feature", "properties": { "component": 2, "name": "['Southwest Amberwood Avenue' 'Amberwood Avenue']", "highway": [ "residential" ] }, "geometry": { "type": "LineString", "coordinates": [ [ -123.32032, 44.56086 ], [ -123.32026, 44.56012 ], [ -123.31902, 44.5601 ] ] } },
{ "type": "Feature", "properties": { "component": 2, "name": [ "Southwest Quiet Creek Avenue" ], "highway": [ "residential" ] }, "geometry": { "type": "LineString", "coordinates": [ [ -123.32032, 44.56086 ], [ -123.32178, 44.56086 ] ] } },
{ "type": "Feature", "properties": { "component": 9, "name": [ "Southeast Park Place" ], "highway": [ "residential" ] }, "geometry": { "type": "LineString", "coordinates": [ [ -123.26076, 44.53772 ], [ -123.26042, 44.53868 ] ] } },
{ "type": "Feature", "properties": { "component": 0, "name": [ "Southwest 8th Street" ], "highway": [ "residential" ] }, "geometry": { "type": "LineString", "coordinates": [ [ -123.26822, 44.5618 ], [ -123.26774, 44.56276 ] ] } },
{ "type": "Feature", "properties": { "component": 0, "name": [ "Southwest 8th Street" ], "highway": [ "residential" ] }, "geometry": { "type": "LineString", "coordinates": [ [ -123.26724, 44.56376 ], [ -123.26672, 44.56472 ] ] } },
{ "type": "Feature", "properties": { "component": 0, "name": [ "Southwest 8th Street" ], "highway": [ "residential" ] }, "geometry": { "type": "LineString", "coordinates": [ [ -123.26724, 44.56376 ], [ -123.26774, 44.56276 ] ] } },
{ "type": "Feature", "properties": { "component": 0, "name": [ "Southwest 8th Street" ], "highway": [ "residential" ] }, "geometry": { "type": "LineString", "coordinates": [ [ -123.26622, 44.56572 ], [ -123.26672, 44.56472 ] ] } },
{ "type": "Feature", "properties": { "component": 0, "name": [ "Northwest 8th Street" ], "highway": [ "residential" ] }, "geometry": { "type": "LineString", "coordinates": [ [ -123.26622, 44.56572 ], [ -123.26572, 44.5667 ] ] } },
{ "type": "Feature", "properties": { "component": 0, "name": [ "Northwest Garryanna Street" ], "highway": [ "residential" ] }, "geometry": { "type": "LineString", "coordinates": [ [ -123.26936, 44.58786 ], [ -123.26932, 44.5863 ] ] } },
{ "type": "Feature", "properties": { "component": 0, "name": [ "Northwest Garryanna Street" ], "highway": [ "residential" ] }, "geometry": { "type": "LineString", "coordinates": [ [ -123.26936, 44.58786 ], [ -123.26938, 44.58864 ] ] } },
{ "type": "Feature", "properties": { "component": 0, "name": [ "Northwest Garryanna Place" ], "highway": [ "residential" ] }, "geometry": { "type": "LineString", "coordinates": [ [ -123.26936, 44.58786 ], [ -123.26982, 44.58786 ] ] } },
{ "type": "Feature", "properties": { "component": 0, "name": [ "Northwest Garryanna Place" ], "highway": [ "residential" ] }, "geometry": { "type": "LineString", "coordinates": [ [ -123.26982, 44.58786 ], [ -123.26936, 44.58786 ] ] } },
{ "type": "Feature", "properties": { "component": 9, "name": [ "Southeast Micah Place" ], "highway": [ "residential" ] }, "geometry": { "type": "LineString", "coordinates": [ [ -123.26242, 44.5408 ], [ -123.26276, 44.54166 ] ] } },
{ "type": "Feature", "properties": { "component": 9, "name": [ "Southeast Powell Avenue" ], "highway": [ "residential" ] }, "geometry": { "type": "LineString", "coordinates": [ [ -123.26242, 44.5408 ], [ -123.26312, 44.54046 ] ] } },
{ "type": "Feature", "properties": { "component": 9, "name": [ "Southeast Powell Avenue" ], "highway": [ "residential" ] }, "geometry": { "type": "LineString", "coordinates": [ [ -123.26242, 44.5408 ], [ -123.26132, 44.54086 ] ] } },
{ "type": "Feature", "properties": { "component": 9, "name": [ "Southeast Micah Place" ], "highway": [ "residential" ] }, "geometry": { "type": "LineString", "coordinates": [ [ -123.26276, 44.54166 ], [ -123.26242, 44.5408 ] ] } },
{ "type": "Feature", "properties": { "component": 0, "name": [ "Northwest Garryanna Street" ], "highway": [ "residential" ] }, "geometry": { "type": "LineString", "coordinates": [ [ -123.26938, 44.58864 ], [ -123.26936, 44.58786 ] ] } },
{ "type": "Feature", "properties": { "component": 0, "name": [ "Northwest Garryanna Street" ], "highway": [ "residential" ] }, "geometry": { "type": "LineString", "coordinates": [ [ -123.26938, 44.58864 ], [ -123.2694, 44.5894 ] ] } },
{ "type": "Feature", "properties": { "component": 0, "name": [ "Northwest Menlo Drive" ], "highway": [ "residential" ] }, "geometry": { "type": "LineString", "coordinates": [ [ -123.27152, 44.58812 ], [ -123.27048, 44.5872 ], [ -123.27038, 44.58628 ] ] } },
{ "type": "Feature", "properties": { "component": 0, "name": [ "Northwest 17th Street" ], "highway": [ "residential" ] }, "geometry": { "type": "LineString", "coordinates": [ [ -123.27234, 44.58764 ], [ -123.27142, 44.58628 ] ] } },
{ "type": "Feature", "properties": { "component": 0, "name": [ "Northwest 17th Street" ], "highway": [ "residential" ] }, "geometry": { "type": "LineString", "coordinates": [ [ -123.27234, 44.58764 ], [ -123.27282, 44.58862 ] ] } },
{ "type": "Feature", "properties": { "component": 0, "name": [ "Northwest 23rd Street" ], "highway": [ "residential" ] }, "geometry": { "type": "LineString", "coordinates": [ [ -123.27772, 44.58636 ], [ -123.27874, 44.58776 ] ] } },
{ "type": "Feature", "properties": { "component": 0, "name": [ "Northwest Firwood Drive" ], "highway": [ "residential" ] }, "geometry": { "type": "LineString", "coordinates": [ [ -123.28538, 44.58644 ], [ -123.28538, 44.58716 ] ] } },
{ "type": "Feature", "properties": { "component": 3, "name": [ "Northwest Viola Place" ], "highway": [ "residential" ] }, "geometry": { "type": "LineString", "coordinates": [ [ -123.30822, 44.59414 ], [ -123.3088, 44.59388 ] ] } },
{ "type": "Feature", "properties": { "component": 3, "name": [ "Lavender Circle" ], "highway": [ "residential" ] }, "geometry": { "type": "LineString", "coordinates": [ [ -123.30822, 44.59414 ], [ -123.30922, 44.59478 ] ] } },
{ "type": "Feature", "properties": { "component": 3, "name": [ "Lavender Circle" ], "highway": [ "residential" ] }, "geometry": { "type": "LineString", "coordinates": [ [ -123.30822, 44.59414 ], [ -123.30794, 44.59386 ] ] } },
{ "type": "Feature", "properties": { "component": 3, "name": [ "Northwest Viola Place" ], "highway": [ "residential" ] }, "geometry": { "type": "LineString", "coordinates": [ [ -123.3088, 44.59388 ], [ -123.30822, 44.59414 ] ] } },
{ "type": "Feature", "properties": { "component": 5, "name": [ "Northwest Stewart Place" ], "highway": [ "residential" ] }, "geometry": { "type": "LineString", "coordinates": [ [ -123.25488, 44.59708 ], [ -123.25636, 44.59714 ] ] } },
{ "type": "Feature", "properties": { "component": 5, "name": [ "Northwest Stewart Street" ], "highway": [ "residential" ] }, "geometry": { "type": "LineString", "coordinates": [ [ -123.25488, 44.59708 ], [ -123.2549, 44.59776 ] ] } },
{ "type": "Feature", "properties": { "component": 5, "name": "['Northwest Hemlock Avenue' 'Northwest Stewart Street']", "highway": [ "residential" ] }, "geometry": { "type": "LineString", "coordinates": [ [ -123.25488, 44.59708 ], [ -123.25486, 44.59494 ], [ -123.25374, 44.59496 ] ] } },
{ "type": "Feature", "properties": { "component": 5, "name": [ "Northwest Stewart Place" ], "highway": [ "residential" ] }, "geometry": { "type": "LineString", "coordinates": [ [ -123.25636, 44.59714 ], [ -123.25488, 44.59708 ] ] } },
{ "type": "Feature", "properties": { "component": 0, "name": [ "Southwest B Avenue" ], "highway": [ "residential" ] }, "geometry": { "type": "LineString", "coordinates": [ [ -123.265, 44.55872 ], [ -123.26608, 44.559 ] ] } },
{ "type": "Feature", "properties": { "component": 0, "name": [ "Southwest B Avenue" ], "highway": [ "residential" ] }, "geometry": { "type": "LineString", "coordinates": [ [ -123.265, 44.55872 ], [ -123.26394, 44.55844 ] ] } },
{ "type": "Feature", "properties": { "component": 0, "name": "['Southwest 6th Street' 'Southwest B Avenue']", "highway": [ "residential" ] }, "geometry": { "type": "LineString", "coordinates": [ [ -123.26608, 44.559 ], [ -123.26704, 44.55924 ], [ -123.26658, 44.56022 ] ] } },
{ "type": "Feature", "properties": { "component": 0, "name": [ "Southwest B Avenue" ], "highway": [ "residential" ] }, "geometry": { "type": "LineString", "coordinates": [ [ -123.26608, 44.559 ], [ -123.265, 44.55872 ] ] } },
{ "type": "Feature", "properties": { "component": 0, "name": [ "Southwest 5th Street" ], "highway": [ "residential" ] }, "geometry": { "type": "LineString", "coordinates": [ [ -123.26608, 44.559 ], [ -123.26558, 44.55998 ] ] } },
{ "type": "Feature", "properties": { "component": 0, "name": [ "Southwest 5th Street" ], "highway": [ "residential" ] }, "geometry": { "type": "LineString", "coordinates": [ [ -123.26608, 44.559 ], [ -123.26656, 44.558 ] ] } },
{ "type": "Feature", "properties": { "component": 0, "name": [ "Northwest Tyler Avenue" ], "highway": [ "residential" ] }, "geometry": { "type": "LineString", "coordinates": [ [ -123.25994, 44.56856 ], [ -123.261, 44.56882 ] ] } },
{ "type": "Feature", "properties": { "component": 0, "name": [ "Northwest Tyler Avenue" ], "highway": [ "residential" ] }, "geometry": { "type": "LineString", "coordinates": [ [ -123.25994, 44.56856 ], [ -123.25892, 44.5683 ] ] } },
{ "type": "Feature", "properties": { "component": 0, "name": [ "Northwest Polk Avenue" ], "highway": [ "residential" ] }, "geometry": { "type": "LineString", "coordinates": [ [ -123.25944, 44.56954 ], [ -123.2605, 44.56982 ] ] } },
{ "type": "Feature", "properties": { "component": 0, "name": [ "Northwest Polk Avenue" ], "highway": [ "residential" ] }, "geometry": { "type": "LineString", "coordinates": [ [ -123.25944, 44.56954 ], [ -123.25842, 44.56928 ] ] } },
{ "type": "Feature", "properties": { "component": 5, "name": [ "Northwest Bryant Street" ], "highway": [ "residential" ] }, "geometry": { "type": "LineString", "coordinates": [ [ -123.25384, 44.5959 ], [ -123.25386, 44.59676 ] ] } },
{ "type": "Feature", "properties": { "component": 5, "name": [ "Northwest Bryant Street" ], "highway": [ "residential" ] }, "geometry": { "type": "LineString", "coordinates": [ [ -123.25384, 44.5959 ], [ -123.25374, 44.59496 ] ] } },
{ "type": "Feature", "properties": { "component": 5, "name": [ "Northwest Ponderosa Avenue" ], "highway": [ "residential" ] }, "geometry": { "type": "LineString", "coordinates": [ [ -123.25384, 44.5959 ], [ -123.25098, 44.59586 ] ] } },
{ "type": "Feature", "properties": { "component": 7, "name": [ "Northwest Morning Glory Drive" ], "highway": [ "residential" ] }, "geometry": { "type": "LineString", "coordinates": [ [ -123.28502, 44.59822 ], [ -123.28452, 44.59874 ], [ -123.28544, 44.59972 ] ] } },
{ "type": "Feature", "properties": { "component": 7, "name": [ "Northwest Shooting Star Drive" ], "highway": [ "residential" ] }, "geometry": { "type": "LineString", "coordinates": [ [ -123.28502, 44.59822 ], [ -123.28554, 44.5987 ] ] } },
{ "type": "Feature", "properties": { "component": 7, "name": [ "Northwest Shooting Star Drive" ], "highway": [ "residential" ] }, "geometry": { "type": "LineString", "coordinates": [ [ -123.28502, 44.59822 ], [ -123.28424, 44.59742 ] ] } },
{ "type": "Feature", "properties": { "component": 7, "name": [ "Northwest Morning Glory Drive" ], "highway": [ "residential" ] }, "geometry": { "type": "LineString", "coordinates": [ [ -123.28544, 44.59972 ], [ -123.28452, 44.59874 ], [ -123.28502, 44.59822 ] ] } },
{ "type": "Feature", "properties": { "component": 7, "name": [ "Northwest Huckleberry Drive" ], "highway": [ "residential" ] }, "geometry": { "type": "LineString", "coordinates": [ [ -123.28544, 44.59972 ], [ -123.2862, 44.5994 ] ] } },
{ "type": "Feature", "properties": { "component": 7, "name": [ "Northwest Huckleberry Drive" ], "highway": [ "residential" ] }, "geometry": { "type": "LineString", "coordinates": [ [ -123.28544, 44.59972 ], [ -123.28414, 44.60032 ], [ -123.28458, 44.60102 ] ] } },
{ "type": "Feature", "properties": { "component": 0, "name": [ "Northwest Greeley Avenue" ], "highway": [ "residential" ] }, "geometry": { "type": "LineString", "coordinates": [ [ -123.26928, 44.5807 ], [ -123.26816, 44.5807 ] ] } },
{ "type": "Feature", "properties": { "component": 0, "name": [ "Northwest 15th Street" ], "highway": [ "residential" ] }, "geometry": { "type": "LineString", "coordinates": [ [ -123.26928, 44.5807 ], [ -123.26924, 44.57958 ] ] } },
{ "type": "Feature", "properties": { "component": 0, "name": [ "Northwest 15th Street" ], "highway": [ "residential" ] }, "geometry": { "type": "LineString", "coordinates": [ [ -123.26928, 44.5807 ], [ -123.26978, 44.5814 ], [ -123.26816, 44.5815 ] ] } },
{ "type": "Feature", "properties": { "component": 0, "name": "['Northwest 30th Street' 'Northwest Greeley Avenue']", "highway": [ "residential" ] }, "geometry": { "type": "LineString", "coordinates": [ [ -123.28306, 44.5796 ], [ -123.28466, 44.57962 ], [ -123.28472, 44.58052 ] ] } },
{ "type": "Feature", "properties": { "component": 0, "name": [ "Northwest Greeley Avenue" ], "highway": [ "residential" ] }, "geometry": { "type": "LineString", "coordinates": [ [ -123.28306, 44.5796 ], [ -123.28114, 44.57958 ] ] } },
{ "type": "Feature", "properties": { "component": 9, "name": "['Southeast Powell Avenue' 'Southeast Currier Street'\n 'Southeast Denman Avenue']", "highway": [ "residential" ] }, "geometry": { "type": "LineString", "coordinates": [ [ -123.25858, 44.5405 ], [ -123.25684, 44.54054 ], [ -123.25682, 44.54102 ], [ -123.25862, 44.54108 ] ] } },
{ "type": "Feature", "properties": { "component": 9, "name": [ "Southeast Ryan Street" ], "highway": [ "residential" ] }, "geometry": { "type": "LineString", "coordinates": [ [ -123.25858, 44.5405 ], [ -123.25862, 44.54108 ] ] } },
{ "type": "Feature", "properties": { "component": 9, "name": [ "Southeast Ryan Street" ], "highway": [ "residential" ] }, "geometry": { "type": "LineString", "coordinates": [ [ -123.25858, 44.5405 ], [ -123.25842, 44.53964 ] ] } },
{ "type": "Feature", "properties": { "component": 0, "name": [ "Southwest 1st Street" ], "highway": [ "residential" ] }, "geometry": { "type": "LineString", "coordinates": [ [ -123.25984, 44.56184 ], [ -123.25928, 44.56282 ] ] } },
{ "type": "Feature", "properties": { "component": 0, "name": [ "Southwest 1st Street" ], "highway": [ "residential" ] }, "geometry": { "type": "LineString", "coordinates": [ [ -123.25984, 44.56184 ], [ -123.26034, 44.56086 ] ] } },
{ "type": "Feature", "properties": { "component": 0, "name": [ "Southwest Jefferson Avenue" ], "highway": [ "residential" ] }, "geometry": { "type": "LineString", "coordinates": [ [ -123.25984, 44.56184 ], [ -123.26086, 44.56212 ] ] } },
{ "type": "Feature", "properties": { "component": 0, "name": "Unnamed street", "highway": [ "cycleway" ] }, "geometry": { "type": "LineString", "coordinates": [ [ -123.25984, 44.56184 ], [ -123.25978, 44.56182 ] ] } },
{ "type": "Feature", "properties": { "component": 0, "name": [ "Monroe Avenue" ], "highway": [ "residential" ] }, "geometry": { "type": "LineString", "coordinates": [ [ -123.25876, 44.56382 ], [ -123.25986, 44.5641 ] ] } },
{ "type": "Feature", "properties": { "component": 0, "name": [ "Southwest 1st Street" ], "highway": [ "residential" ] }, "geometry": { "type": "LineString", "coordinates": [ [ -123.25876, 44.56382 ], [ -123.25928, 44.56282 ] ] } },
{ "type": "Feature", "properties": { "component": 0, "name": [ "Northwest 1st Street" ], "highway": [ "residential" ] }, "geometry": { "type": "LineString", "coordinates": [ [ -123.25876, 44.56382 ], [ -123.25826, 44.5648 ] ] } },
{ "type": "Feature", "properties": { "component": 0, "name": "Unnamed street", "highway": [ "cycleway" ] }, "geometry": { "type": "LineString", "coordinates": [ [ -123.25876, 44.56382 ], [ -123.25868, 44.5638 ] ] } },
{ "type": "Feature", "properties": { "component": 0, "name": [ "Northwest Norwood Drive" ], "highway": [ "residential" ] }, "geometry": { "type": "LineString", "coordinates": [ [ -123.29086, 44.58526 ], [ -123.28976, 44.58562 ] ] } },
{ "type": "Feature", "properties": { "component": 0, "name": [ "Northwest Lantana Drive" ], "highway": [ "residential" ] }, "geometry": { "type": "LineString", "coordinates": [ [ -123.29086, 44.58526 ], [ -123.29086, 44.5857 ] ] } },
{ "type": "Feature", "properties": { "component": 0, "name": [ "Northwest Lantana Drive" ], "highway": [ "residential" ] }, "geometry": { "type": "LineString", "coordinates": [ [ -123.29086, 44.58526 ], [ -123.29036, 44.5844 ] ] } },
{ "type": "Feature", "properties": { "component": 0, "name": [ "Northwest Norwood Drive" ], "highway": [ "residential" ] }, "geometry": { "type": "LineString", "coordinates": [ [ -123.28634, 44.58708 ], [ -123.28538, 44.58716 ] ] } },
{ "type": "Feature", "properties": { "component": 0, "name": [ "Northwest Norwood Drive" ], "highway": [ "residential" ] }, "geometry": { "type": "LineString", "coordinates": [ [ -123.28634, 44.58708 ], [ -123.28736, 44.58676 ] ] } },
{ "type": "Feature", "properties": { "component": 0, "name": [ "Northwest Norwood Place" ], "highway": [ "residential" ] }, "geometry": { "type": "LineString", "coordinates": [ [ -123.28634, 44.58708 ], [ -123.28652, 44.58762 ] ] } },
{ "type": "Feature", "properties": { "component": 0, "name": [ "Northwest Norwood Drive" ], "highway": [ "residential" ] }, "geometry": { "type": "LineString", "coordinates": [ [ -123.28538, 44.58716 ], [ -123.28634, 44.58708 ] ] } },
{ "type": "Feature", "properties": { "component": 0, "name": [ "Northwest Firwood Drive" ], "highway": [ "residential" ] }, "geometry": { "type": "LineString", "coordinates": [ [ -123.28538, 44.58716 ], [ -123.28542, 44.58776 ] ] } },
{ "type": "Feature", "properties": { "component": 0, "name": [ "Northwest Firwood Drive" ], "highway": [ "residential" ] }, "geometry": { "type": "LineString", "coordinates": [ [ -123.28538, 44.58716 ], [ -123.28538, 44.58644 ] ] } },
{ "type": "Feature", "properties": { "component": 0, "name": [ "Southwest 17th Street" ], "highway": [ "residential" ] }, "geometry": { "type": "LineString", "coordinates": [ [ -123.27636, 44.56172 ], [ -123.27638, 44.56196 ] ] } },
{ "type": "Feature", "properties": { "component": 0, "name": "['Southwest A Avenue' 'Southwest 17th Street']", "highway": [ "residential" ] }, "geometry": { "type": "LineString", "coordinates": [ [ -123.27636, 44.56172 ], [ -123.27614, 44.56072 ], [ -123.27518, 44.56076 ] ] } },
{ "type": "Feature", "properties": { "component": 1, "name": [ "Southeast Winterfield Place" ], "highway": [ "residential" ] }, "geometry": { "type": "LineString", "coordinates": [ [ -123.25938, 44.53448 ], [ -123.26042, 44.53466 ] ] } },
{ "type": "Feature", "properties": { "component": 1, "name": [ "Southeast Summerfield Drive" ], "highway": [ "residential" ] }, "geometry": { "type": "LineString", "coordinates": [ [ -123.25938, 44.53448 ], [ -123.25884, 44.53508 ], [ -123.2593, 44.53558 ] ] } },
{ "type": "Feature", "properties": { "component": 1, "name": [ "Southeast Summerfield Drive" ], "highway": [ "residential" ] }, "geometry": { "type": "LineString", "coordinates": [ [ -123.25938, 44.53448 ], [ -123.26022, 44.53384 ] ] } },
{ "type": "Feature", "properties": { "component": 1, "name": [ "Southeast Winterfield Place" ], "highway": [ "residential" ] }, "geometry": { "type": "LineString", "coordinates": [ [ -123.26042, 44.53466 ], [ -123.25938, 44.53448 ] ] } },
{ "type": "Feature", "properties": { "component": 6, "name": [ "Northwest Tillicum Place" ], "highway": [ "residential" ] }, "geometry": { "type": "LineString", "coordinates": [ [ -123.29384, 44.59472 ], [ -123.29462, 44.59494 ], [ -123.29452, 44.5954 ] ] } },
{ "type": "Feature", "properties": { "component": 6, "name": [ "Northwest Aspen Street" ], "highway": [ "residential" ] }, "geometry": { "type": "LineString", "coordinates": [ [ -123.29384, 44.59472 ], [ -123.29366, 44.5951 ] ] } },
{ "type": "Feature", "properties": { "component": 6, "name": [ "Northwest Aspen Street" ], "highway": [ "residential" ] }, "geometry": { "type": "LineString", "coordinates": [ [ -123.29384, 44.59472 ], [ -123.29396, 44.59438 ] ] } },
{ "type": "Feature", "properties": { "component": 6, "name": [ "Northwest Tillicum Place" ], "highway": [ "residential" ] }, "geometry": { "type": "LineString", "coordinates": [ [ -123.29452, 44.5954 ], [ -123.29462, 44.59494 ], [ -123.29384, 44.59472 ] ] } },
{ "type": "Feature", "properties": { "component": 6, "name": [ "Northwest Arrowood Circle" ], "highway": [ "residential" ] }, "geometry": { "type": "LineString", "coordinates": [ [ -123.28784, 44.59662 ], [ -123.2885, 44.59646 ] ] } },
{ "type": "Feature", "properties": { "component": 6, "name": [ "Northwest Arrowood Circle" ], "highway": [ "residential" ] }, "geometry": { "type": "LineString", "coordinates": [ [ -123.2885, 44.59646 ], [ -123.28996, 44.59614 ] ] } },
{ "type": "Feature", "properties": { "component": 6, "name": [ "Northwest Arrowood Circle" ], "highway": [ "residential" ] }, "geometry": { "type": "LineString", "coordinates": [ [ -123.2885, 44.59646 ], [ -123.28784, 44.59662 ] ] } },
{ "type": "Feature", "properties": { "component": 6, "name": [ "Northwest Manzanita Place" ], "highway": [ "residential" ] }, "geometry": { "type": "LineString", "coordinates": [ [ -123.2885, 44.59646 ], [ -123.28834, 44.5958 ], [ -123.28948, 44.59542 ] ] } },
{ "type": "Feature", "properties": { "component": 6, "name": [ "Northwest Arrowood Circle" ], "highway": [ "residential" ] }, "geometry": { "type": "LineString", "coordinates": [ [ -123.28996, 44.59614 ], [ -123.2911, 44.59594 ] ] } },
{ "type": "Feature", "properties": { "component": 6, "name": [ "Northwest Arrowood Circle" ], "highway": [ "residential" ] }, "geometry": { "type": "LineString", "coordinates": [ [ -123.28996, 44.59614 ], [ -123.2885, 44.59646 ] ] } },
{ "type": "Feature", "properties": { "component": 6, "name": [ "Northwest Greenbriar Place" ], "highway": [ "residential" ] }, "geometry": { "type": "LineString", "coordinates": [ [ -123.28996, 44.59614 ], [ -123.2903, 44.59694 ] ] } },
{ "type": "Feature", "properties": { "component": 6, "name": [ "Northwest Arrowood Circle" ], "highway": [ "residential" ] }, "geometry": { "type": "LineString", "coordinates": [ [ -123.29182, 44.59586 ], [ -123.29348, 44.5958 ] ] } },
{ "type": "Feature", "properties": { "component": 6, "name": [ "Northwest Arrowood Circle" ], "highway": [ "residential" ] }, "geometry": { "type": "LineString", "coordinates": [ [ -123.29182, 44.59586 ], [ -123.2911, 44.59594 ] ] } },
{ "type": "Feature", "properties": { "component": 6, "name": [ "Northwest Seneca Place" ], "highway": [ "residential" ] }, "geometry": { "type": "LineString", "coordinates": [ [ -123.29182, 44.59586 ], [ -123.29228, 44.59702 ] ] } },
{ "type": "Feature", "properties": { "component": 6, "name": [ "Northwest Arrowood Circle" ], "highway": [ "residential" ] }, "geometry": { "type": "LineString", "coordinates": [ [ -123.29348, 44.5958 ], [ -123.29182, 44.59586 ] ] } },
{ "type": "Feature", "properties": { "component": 6, "name": [ "Northwest Aspen Street" ], "highway": [ "residential" ] }, "geometry": { "type": "LineString", "coordinates": [ [ -123.29348, 44.5958 ], [ -123.29366, 44.5951 ] ] } },
{ "type": "Feature", "properties": { "component": 6, "name": [ "Northwest Tamarack Drive" ], "highway": [ "residential" ] }, "geometry": { "type": "LineString", "coordinates": [ [ -123.29606, 44.59694 ], [ -123.29658, 44.59664 ] ] } },
{ "type": "Feature", "properties": { "component": 3, "name": [ "Northwest Zinnia Place" ], "highway": [ "residential" ] }, "geometry": { "type": "LineString", "coordinates": [ [ -123.30922, 44.59478 ], [ -123.3091, 44.59504 ] ] } },
{ "type": "Feature", "properties": { "component": 3, "name": [ "Lavender Circle" ], "highway": [ "residential" ] }, "geometry": { "type": "LineString", "coordinates": [ [ -123.30922, 44.59478 ], [ -123.30964, 44.59392 ] ] } },
{ "type": "Feature", "properties": { "component": 3, "name": [ "Lavender Circle" ], "highway": [ "residential" ] }, "geometry": { "type": "LineString", "coordinates": [ [ -123.30922, 44.59478 ], [ -123.30822, 44.59414 ] ] } },
{ "type": "Feature", "properties": { "component": 3, "name": [ "Northwest Zinnia Place" ], "highway": [ "residential" ] }, "geometry": { "type": "LineString", "coordinates": [ [ -123.3091, 44.59504 ], [ -123.30922, 44.59478 ] ] } },
{ "type": "Feature", "properties": { "component": 0, "name": [ "Northwest 14th Place" ], "highway": [ "residential" ] }, "geometry": { "type": "LineString", "coordinates": [ [ -123.27032, 44.58228 ], [ -123.26818, 44.5823 ] ] } },
{ "type": "Feature", "properties": { "component": 0, "name": [ "Northwest Myrtlewood Way" ], "highway": [ "residential" ] }, "geometry": { "type": "LineString", "coordinates": [ [ -123.29686, 44.58838 ], [ -123.29598, 44.5882 ] ] } },
{ "type": "Feature", "properties": { "component": 0, "name": [ "Northwest Myrtlewood Way" ], "highway": [ "residential" ] }, "geometry": { "type": "LineString", "coordinates": [ [ -123.29686, 44.58838 ], [ -123.29708, 44.58948 ] ] } },
{ "type": "Feature", "properties": { "component": 0, "name": [ "Northwest Myrtlewood Way" ], "highway": [ "residential" ] }, "geometry": { "type": "LineString", "coordinates": [ [ -123.29686, 44.58838 ], [ -123.29708, 44.58826 ] ] } },
{ "type": "Feature", "properties": { "component": 0, "name": [ "Northwest Myrtlewood Way" ], "highway": [ "residential" ] }, "geometry": { "type": "LineString", "coordinates": [ [ -123.29708, 44.58826 ], [ -123.29686, 44.58838 ] ] } },
{ "type": "Feature", "properties": { "component": 0, "name": "['Northwest Westwood Place' 'Northwest Lincoln Avenue']", "highway": [ "residential" ] }, "geometry": { "type": "LineString", "coordinates": [ [ -123.29584, 44.57616 ], [ -123.29614, 44.57648 ], [ -123.29542, 44.57702 ] ] } },
{ "type": "Feature", "properties": { "component": 0, "name": [ "Northwest Robin Hood Street" ], "highway": [ "residential" ] }, "geometry": { "type": "LineString", "coordinates": [ [ -123.28974, 44.58864 ], [ -123.28974, 44.58782 ] ] } },
{ "type": "Feature", "properties": { "component": 0, "name": [ "Northwest Robin Hood Street" ], "highway": [ "residential" ] }, "geometry": { "type": "LineString", "coordinates": [ [ -123.28974, 44.58864 ], [ -123.28976, 44.58946 ] ] } },
{ "type": "Feature", "properties": { "component": 0, "name": [ "Northwest Firwood Drive" ], "highway": [ "residential" ] }, "geometry": { "type": "LineString", "coordinates": [ [ -123.28974, 44.58864 ], [ -123.28718, 44.5886 ] ] } },
{ "type": "Feature", "properties": { "component": 0, "name": [ "Northwest Robin Hood Street" ], "highway": [ "residential" ] }, "geometry": { "type": "LineString", "coordinates": [ [ -123.28976, 44.58946 ], [ -123.28976, 44.59028 ] ] } },
{ "type": "Feature", "properties": { "component": 0, "name": [ "Northwest Robin Hood Street" ], "highway": [ "residential" ] }, "geometry": { "type": "LineString", "coordinates": [ [ -123.28976, 44.58946 ], [ -123.28974, 44.58864 ] ] } },
{ "type": "Feature", "properties": { "component": 0, "name": [ "Northwest Gumwood Avenue" ], "highway": [ "residential" ] }, "geometry": { "type": "LineString", "coordinates": [ [ -123.28976, 44.58946 ], [ -123.28678, 44.58946 ] ] } },
{ "type": "Feature", "properties": { "component": 0, "name": [ "Northwest Robin Hood Street" ], "highway": [ "residential" ] }, "geometry": { "type": "LineString", "coordinates": [ [ -123.28976, 44.59028 ], [ -123.28976, 44.58946 ] ] } },
{ "type": "Feature", "properties": { "component": 0, "name": [ "Northwest McKinley Drive" ], "highway": [ "residential" ] }, "geometry": { "type": "LineString", "coordinates": [ [ -123.28976, 44.59028 ], [ -123.29094, 44.5903 ] ] } },
{ "type": "Feature", "properties": { "component": 0, "name": [ "Northwest McKinley Drive" ], "highway": [ "residential" ] }, "geometry": { "type": "LineString", "coordinates": [ [ -123.28976, 44.59028 ], [ -123.28678, 44.59028 ] ] } },
{ "type": "Feature", "properties": { "component": 0, "name": "['Northwest Lincoln Avenue' 'Northwest 12th Street']", "highway": [ "residential" ] }, "geometry": { "type": "LineString", "coordinates": [ [ -123.2658, 44.57744 ], [ -123.26476, 44.57748 ], [ -123.26474, 44.57822 ] ] } },
{ "type": "Feature", "properties": { "component": 0, "name": [ "Northwest Dixon Street" ], "highway": [ "residential" ] }, "geometry": { "type": "LineString", "coordinates": [ [ -123.2658, 44.57744 ], [ -123.2659, 44.57822 ] ] } },
{ "type": "Feature", "properties": { "component": 0, "name": [ "Northwest Dixon Street" ], "highway": [ "residential" ] }, "geometry": { "type": "LineString", "coordinates": [ [ -123.2658, 44.57744 ], [ -123.26572, 44.57612 ] ] } },
{ "type": "Feature", "properties": { "component": 0, "name": [ "Northwest Lincoln Avenue" ], "highway": [ "residential" ] }, "geometry": { "type": "LineString", "coordinates": [ [ -123.27528, 44.57704 ], [ -123.27782, 44.57706 ] ] } },
{ "type": "Feature", "properties": { "component": 0, "name": [ "Northwest Lincoln Avenue" ], "highway": [ "residential" ] }, "geometry": { "type": "LineString", "coordinates": [ [ -123.27782, 44.57706 ], [ -123.27908, 44.57706 ] ] } },
{ "type": "Feature", "properties": { "component": 0, "name": [ "Northwest Lincoln Avenue" ], "highway": [ "residential" ] }, "geometry": { "type": "LineString", "coordinates": [ [ -123.27782, 44.57706 ], [ -123.27528, 44.57704 ] ] } },
{ "type": "Feature", "properties": { "component": 0, "name": [ "Northwest 23rd Street" ], "highway": [ "residential" ] }, "geometry": { "type": "LineString", "coordinates": [ [ -123.27782, 44.57706 ], [ -123.27784, 44.57862 ] ] } },
{ "type": "Feature", "properties": { "component": 0, "name": [ "Northwest 23rd Street" ], "highway": [ "residential" ] }, "geometry": { "type": "LineString", "coordinates": [ [ -123.27782, 44.57706 ], [ -123.27778, 44.57548 ] ] } },
{ "type": "Feature", "properties": { "component": 0, "name": [ "Northwest Lincoln Avenue" ], "highway": [ "residential" ] }, "geometry": { "type": "LineString", "coordinates": [ [ -123.27908, 44.57706 ], [ -123.2801, 44.57708 ] ] } },
{ "type": "Feature", "properties": { "component": 0, "name": [ "Northwest Lincoln Avenue" ], "highway": [ "residential" ] }, "geometry": { "type": "LineString", "coordinates": [ [ -123.27908, 44.57706 ], [ -123.27782, 44.57706 ] ] } },
{ "type": "Feature", "properties": { "component": 0, "name": [ "Northwest 25th Street" ], "highway": [ "residential" ] }, "geometry": { "type": "LineString", "coordinates": [ [ -123.27908, 44.57706 ], [ -123.2791, 44.57864 ] ] } },
{ "type": "Feature", "properties": { "component": 0, "name": [ "Northwest 25th Street" ], "highway": [ "residential" ] }, "geometry": { "type": "LineString", "coordinates": [ [ -123.27908, 44.57706 ], [ -123.27906, 44.57624 ] ] } },
{ "type": "Feature", "properties": { "component": 0, "name": [ "Northwest Lincoln Avenue" ], "highway": [ "residential" ] }, "geometry": { "type": "LineString", "coordinates": [ [ -123.2801, 44.57708 ], [ -123.28042, 44.57708 ] ] } },
{ "type": "Feature", "properties": { "component": 0, "name": [ "Northwest Lincoln Avenue" ], "highway": [ "residential" ] }, "geometry": { "type": "LineString", "coordinates": [ [ -123.2801, 44.57708 ], [ -123.27908, 44.57706 ] ] } },
{ "type": "Feature", "properties": { "component": 0, "name": [ "Northwest 26th Street" ], "highway": [ "residential" ] }, "geometry": { "type": "LineString", "coordinates": [ [ -123.2801, 44.57708 ], [ -123.2801, 44.57864 ] ] } },
{ "type": "Feature", "properties": { "component": 0, "name": [ "Northwest 26th Street" ], "highway": [ "residential" ] }, "geometry": { "type": "LineString", "coordinates": [ [ -123.2801, 44.57708 ], [ -123.28012, 44.57688 ] ] } },
{ "type": "Feature", "properties": { "component": 0, "name": [ "Northwest Lincoln Avenue" ], "highway": [ "residential" ] }, "geometry": { "type": "LineString", "coordinates": [ [ -123.28316, 44.5771 ], [ -123.28216, 44.5771 ] ] } },
{ "type": "Feature", "properties": { "component": 0, "name": [ "Northwest Lincoln Avenue" ], "highway": [ "residential" ] }, "geometry": { "type": "LineString", "coordinates": [ [ -123.28316, 44.5771 ], [ -123.28454, 44.57712 ] ] } },
{ "type": "Feature", "properties": { "component": 0, "name": [ "Northwest Lincoln Avenue" ], "highway": [ "residential" ] }, "geometry": { "type": "LineString", "coordinates": [ [ -123.28454, 44.57712 ], [ -123.28588, 44.57712 ] ] } },
{ "type": "Feature", "properties": { "component": 0, "name": [ "Northwest 30th Street" ], "highway": [ "residential" ] }, "geometry": { "type": "LineString", "coordinates": [ [ -123.28454, 44.57712 ], [ -123.2846, 44.57554 ] ] } },
{ "type": "Feature", "properties": { "component": 0, "name": [ "Northwest Lincoln Avenue" ], "highway": [ "residential" ] }, "geometry": { "type": "LineString", "coordinates": [ [ -123.28454, 44.57712 ], [ -123.28316, 44.5771 ] ] } },
{ "type": "Feature", "properties": { "component": 0, "name": [ "Northwest 30th Street" ], "highway": [ "residential" ] }, "geometry": { "type": "LineString", "coordinates": [ [ -123.28454, 44.57712 ], [ -123.2845, 44.5787 ] ] } },
{ "type": "Feature", "properties": { "component": 0, "name": [ "Northwest Lincoln Avenue" ], "highway": [ "residential" ] }, "geometry": { "type": "LineString", "coordinates": [ [ -123.28688, 44.57714 ], [ -123.2879, 44.57714 ] ] } },
{ "type": "Feature", "properties": { "component": 0, "name": [ "Northwest Lincoln Avenue" ], "highway": [ "residential" ] }, "geometry": { "type": "LineString", "coordinates": [ [ -123.28688, 44.57714 ], [ -123.28588, 44.57712 ] ] } },
{ "type": "Feature", "properties": { "component": 0, "name": [ "Northwest 32nd Street" ], "highway": [ "residential" ] }, "geometry": { "type": "LineString", "coordinates": [ [ -123.28688, 44.57714 ], [ -123.28692, 44.57872 ] ] } },
{ "type": "Feature", "properties": { "component": 0, "name": [ "Northwest 32nd Street" ], "highway": [ "residential" ] }, "geometry": { "type": "LineString", "coordinates": [ [ -123.28688, 44.57714 ], [ -123.28684, 44.57554 ] ] } },
{ "type": "Feature", "properties": { "component": 0, "name": [ "Northwest Lincoln Avenue" ], "highway": [ "residential" ] }, "geometry": { "type": "LineString", "coordinates": [ [ -123.2879, 44.57714 ], [ -123.28892, 44.57714 ] ] } },
{ "type": "Feature", "properties": { "component": 0, "name": [ "Northwest Lincoln Avenue" ], "highway": [ "residential" ] }, "geometry": { "type": "LineString", "coordinates": [ [ -123.2879, 44.57714 ], [ -123.28688, 44.57714 ] ] } },
{ "type": "Feature", "properties": { "component": 0, "name": [ "Northwest 33rd Street" ], "highway": [ "residential" ] }, "geometry": { "type": "LineString", "coordinates": [ [ -123.2879, 44.57714 ], [ -123.2879, 44.57874 ] ] } },
{ "type": "Feature", "properties": { "component": 0, "name": [ "Northwest 33rd Street" ], "highway": [ "residential" ] }, "geometry": { "type": "LineString", "coordinates": [ [ -123.2879, 44.57714 ], [ -123.28786, 44.57554 ] ] } },
{ "type": "Feature", "properties": { "component": 0, "name": [ "Northwest Lincoln Avenue" ], "highway": [ "residential" ] }, "geometry": { "type": "LineString", "coordinates": [ [ -123.28992, 44.57716 ], [ -123.29096, 44.57716 ] ] } },
{ "type": "Feature", "properties": { "component": 0, "name": [ "Northwest Lincoln Avenue" ], "highway": [ "residential" ] }, "geometry": { "type": "LineString", "coordinates": [ [ -123.28992, 44.57716 ], [ -123.28892, 44.57714 ] ] } },
{ "type": "Feature", "properties": { "component": 0, "name": [ "Northwest 35th Street" ], "highway": [ "residential" ] }, "geometry": { "type": "LineString", "coordinates": [ [ -123.28992, 44.57716 ], [ -123.2899, 44.57556 ] ] } },
{ "type": "Feature", "properties": { "component": 0, "name": [ "Northwest 35th Street" ], "highway": [ "residential" ] }, "geometry": { "type": "LineString", "coordinates": [ [ -123.28992, 44.57716 ], [ -123.29, 44.57806 ] ] } },
{ "type": "Feature", "properties": { "component": 0, "name": [ "Northwest Lincoln Avenue" ], "highway": [ "residential" ] }, "geometry": { "type": "LineString", "coordinates": [ [ -123.29096, 44.57716 ], [ -123.29216, 44.57712 ] ] } },
{ "type": "Feature", "properties": { "component": 0, "name": [ "Northwest Lincoln Avenue" ], "highway": [ "residential" ] }, "geometry": { "type": "LineString", "coordinates": [ [ -123.29096, 44.57716 ], [ -123.28992, 44.57716 ] ] } },
{ "type": "Feature", "properties": { "component": 0, "name": [ "Northwest Lincoln Avenue" ], "highway": [ "residential" ] }, "geometry": { "type": "LineString", "coordinates": [ [ -123.29268, 44.5771 ], [ -123.29328, 44.5771 ] ] } },
{ "type": "Feature", "properties": { "component": 0, "name": [ "Northwest Lincoln Avenue" ], "highway": [ "residential" ] }, "geometry": { "type": "LineString", "coordinates": [ [ -123.29268, 44.5771 ], [ -123.29216, 44.57712 ] ] } },
{ "type": "Feature", "properties": { "component": 0, "name": [ "Northwest Fernwood Place" ], "highway": [ "residential" ] }, "geometry": { "type": "LineString", "coordinates": [ [ -123.29268, 44.5771 ], [ -123.29268, 44.57782 ] ] } },
{ "type": "Feature", "properties": { "component": 0, "name": [ "Northwest Lincoln Avenue" ], "highway": [ "residential" ] }, "geometry": { "type": "LineString", "coordinates": [ [ -123.29474, 44.57706 ], [ -123.29542, 44.57702 ] ] } },
{ "type": "Feature", "properties": { "component": 0, "name": [ "Northwest Lincoln Avenue" ], "highway": [ "residential" ] }, "geometry": { "type": "LineString", "coordinates": [ [ -123.29474, 44.57706 ], [ -123.29328, 44.5771 ] ] } },
{ "type": "Feature", "properties": { "component": 0, "name": [ "Northwest Oakdell Place" ], "highway": [ "residential" ] }, "geometry": { "type": "LineString", "coordinates": [ [ -123.29474, 44.57706 ], [ -123.29518, 44.57636 ] ] } },
{ "type": "Feature", "properties": { "component": 0, "name": [ "Northwest 17th Street" ], "highway": [ "residential" ] }, "geometry": { "type": "LineString", "coordinates": [ [ -123.2745, 44.569 ], [ -123.27404, 44.56994 ] ] } },
{ "type": "Feature", "properties": { "component": 0, "name": [ "Northwest Jackson Avenue" ], "highway": [ "residential" ] }, "geometry": { "type": "LineString", "coordinates": [ [ -123.2745, 44.569 ], [ -123.27508, 44.56914 ] ] } },
{ "type": "Feature", "properties": { "component": 0, "name": [ "Northwest Jackson Avenue" ], "highway": [ "residential" ] }, "geometry": { "type": "LineString", "coordinates": [ [ -123.2745, 44.569 ], [ -123.27356, 44.56876 ] ] } },
{ "type": "Feature", "properties": { "component": 0, "name": [ "Northwest 17th Street" ], "highway": [ "residential" ] }, "geometry": { "type": "LineString", "coordinates": [ [ -123.27404, 44.56994 ], [ -123.27356, 44.57092 ] ] } },
{ "type": "Feature", "properties": { "component": 0, "name": [ "Northwest 17th Street" ], "highway": [ "residential" ] }, "geometry": { "type": "LineString", "coordinates": [ [ -123.27404, 44.56994 ], [ -123.2745, 44.569 ] ] } },
{ "type": "Feature", "properties": { "component": 0, "name": [ "Northwest 17th Street" ], "highway": [ "residential" ] }, "geometry": { "type": "LineString", "coordinates": [ [ -123.27308, 44.57186 ], [ -123.27264, 44.57276 ] ] } },
{ "type": "Feature", "properties": { "component": 0, "name": [ "Northwest 17th Street" ], "highway": [ "residential" ] }, "geometry": { "type": "LineString", "coordinates": [ [ -123.27308, 44.57186 ], [ -123.27356, 44.57092 ] ] } },
{ "type": "Feature", "properties": { "component": 0, "name": [ "Northwest Tyler Avenue" ], "highway": [ "residential" ] }, "geometry": { "type": "LineString", "coordinates": [ [ -123.27308, 44.57186 ], [ -123.274, 44.5721 ] ] } },
{ "type": "Feature", "properties": { "component": 0, "name": [ "Northwest Tyler Avenue" ], "highway": [ "residential" ] }, "geometry": { "type": "LineString", "coordinates": [ [ -123.27308, 44.57186 ], [ -123.27212, 44.57162 ] ] } },
{ "type": "Feature", "properties": { "component": 0, "name": [ "Northwest 17th Street" ], "highway": [ "residential" ] }, "geometry": { "type": "LineString", "coordinates": [ [ -123.27264, 44.57276 ], [ -123.2722, 44.57362 ] ] } },
{ "type": "Feature", "properties": { "component": 0, "name": [ "Northwest 17th Street" ], "highway": [ "residential" ] }, "geometry": { "type": "LineString", "coordinates": [ [ -123.27264, 44.57276 ], [ -123.27308, 44.57186 ] ] } },
{ "type": "Feature", "properties": { "component": 0, "name": [ "Northwest Polk Avenue" ], "highway": [ "residential" ] }, "geometry": { "type": "LineString", "coordinates": [ [ -123.27264, 44.57276 ], [ -123.27356, 44.57298 ] ] } },
{ "type": "Feature", "properties": { "component": 0, "name": [ "Northwest Polk Avenue" ], "highway": [ "residential" ] }, "geometry": { "type": "LineString", "coordinates": [ [ -123.27264, 44.57276 ], [ -123.27168, 44.57252 ] ] } },
{ "type": "Feature", "properties": { "component": 0, "name": [ "Northwest 17th Street" ], "highway": [ "residential" ] }, "geometry": { "type": "LineString", "coordinates": [ [ -123.2722, 44.57362 ], [ -123.2718, 44.57442 ] ] } },
{ "type": "Feature", "properties": { "component": 0, "name": [ "Northwest 17th Street" ], "highway": [ "residential" ] }, "geometry": { "type": "LineString", "coordinates": [ [ -123.2722, 44.57362 ], [ -123.27264, 44.57276 ] ] } },
{ "type": "Feature", "properties": { "component": 0, "name": [ "Northwest Taylor Avenue" ], "highway": [ "residential" ] }, "geometry": { "type": "LineString", "coordinates": [ [ -123.2722, 44.57362 ], [ -123.27314, 44.57386 ] ] } },
{ "type": "Feature", "properties": { "component": 0, "name": [ "Northwest Taylor Avenue" ], "highway": [ "residential" ] }, "geometry": { "type": "LineString", "coordinates": [ [ -123.2722, 44.57362 ], [ -123.27126, 44.5734 ] ] } },
{ "type": "Feature", "properties": { "component": 0, "name": [ "Northwest 17th Street" ], "highway": [ "residential" ] }, "geometry": { "type": "LineString", "coordinates": [ [ -123.2714, 44.58264 ], [ -123.2714, 44.58302 ] ] } },
{ "type": "Feature", "properties": { "component": 0, "name": [ "Northwest 17th Street" ], "highway": [ "residential" ] }, "geometry": { "type": "LineString", "coordinates": [ [ -123.2714, 44.58302 ], [ -123.27142, 44.58432 ] ] } },
{ "type": "Feature", "properties": { "component": 0, "name": [ "Northwest 17th Street" ], "highway": [ "residential" ] }, "geometry": { "type": "LineString", "coordinates": [ [ -123.2714, 44.58302 ], [ -123.2714, 44.58264 ] ] } },
{ "type": "Feature", "properties": { "component": 0, "name": [ "Northwest 17th Street" ], "highway": [ "residential" ] }, "geometry": { "type": "LineString", "coordinates": [ [ -123.27282, 44.58862 ], [ -123.27282, 44.58924 ] ] } },
{ "type": "Feature", "properties": { "component": 0, "name": [ "Northwest Maple Avenue" ], "highway": [ "residential" ] }, "geometry": { "type": "LineString", "coordinates": [ [ -123.27282, 44.58862 ], [ -123.27156, 44.589 ] ] } },
{ "type": "Feature", "properties": { "component": 0, "name": [ "Northwest 17th Street" ], "highway": [ "residential" ] }, "geometry": { "type": "LineString", "coordinates": [ [ -123.27282, 44.58862 ], [ -123.27234, 44.58764 ] ] } },
{ "type": "Feature", "properties": { "component": 0, "name": [ "Northwest Forestgreen Avenue" ], "highway": [ "residential" ] }, "geometry": { "type": "LineString", "coordinates": [ [ -123.2726, 44.59004 ], [ -123.27298, 44.5903 ] ] } },
{ "type": "Feature", "properties": { "component": 0, "name": [ "Northwest Forestgreen Avenue" ], "highway": [ "residential" ] }, "geometry": { "type": "LineString", "coordinates": [ [ -123.2726, 44.59004 ], [ -123.26938, 44.59002 ] ] } },
{ "type": "Feature", "properties": { "component": 0, "name": [ "Northwest 17th Street" ], "highway": [ "residential" ] }, "geometry": { "type": "LineString", "coordinates": [ [ -123.2726, 44.59004 ], [ -123.27282, 44.58924 ] ] } },
{ "type": "Feature", "properties": { "component": 0, "name": [ "Northwest 17th Street" ], "highway": [ "residential" ] }, "geometry": { "type": "LineString", "coordinates": [ [ -123.27082, 44.57956 ], [ -123.2709, 44.58052 ] ] } },
{ "type": "Feature", "properties": { "component": 0, "name": [ "Northwest 17th Street" ], "highway": [ "residential" ] }, "geometry": { "type": "LineString", "coordinates": [ [ -123.27082, 44.57956 ], [ -123.2708, 44.57818 ] ] } },
{ "type": "Feature", "properties": { "component": 0, "name": [ "Northwest 17th Street" ], "highway": [ "residential" ] }, "geometry": { "type": "LineString", "coordinates": [ [ -123.2709, 44.58052 ], [ -123.27138, 44.58114 ] ] } },
{ "type": "Feature", "properties": { "component": 0, "name": [ "Northwest 17th Street" ], "highway": [ "residential" ] }, "geometry": { "type": "LineString", "coordinates": [ [ -123.2709, 44.58052 ], [ -123.27082, 44.57956 ] ] } },
{ "type": "Feature", "properties": { "component": 0, "name": [ "Northwest Grant Circle" ], "highway": [ "residential" ] }, "geometry": { "type": "LineString", "coordinates": [ [ -123.2709, 44.58052 ], [ -123.27292, 44.5804 ], [ -123.2732, 44.57954 ] ] } },
{ "type": "Feature", "properties": { "component": 0, "name": [ "Northwest 17th Street" ], "highway": [ "residential" ] }, "geometry": { "type": "LineString", "coordinates": [ [ -123.27138, 44.58114 ], [ -123.27148, 44.58166 ] ] } },
{ "type": "Feature", "properties": { "component": 0, "name": [ "Northwest 17th Street" ], "highway": [ "residential" ] }, "geometry": { "type": "LineString", "coordinates": [ [ -123.27138, 44.58114 ], [ -123.2709, 44.58052 ] ] } },
{ "type": "Feature", "properties": { "component": 0, "name": [ "Northwest 17th Place" ], "highway": [ "residential" ] }, "geometry": { "type": "LineString", "coordinates": [ [ -123.27138, 44.58114 ], [ -123.27182, 44.58114 ] ] } },
{ "type": "Feature", "properties": { "component": 0, "name": [ "Northwest 17th Street" ], "highway": [ "residential" ] }, "geometry": { "type": "LineString", "coordinates": [ [ -123.27148, 44.58166 ], [ -123.27138, 44.58114 ] ] } },
{ "type": "Feature", "properties": { "component": 4, "name": [ "Southwest Agate Avenue" ], "highway": [ "residential" ] }, "geometry": { "type": "LineString", "coordinates": [ [ -123.3005, 44.53784 ], [ -123.30026, 44.5385 ], [ -123.29874, 44.5385 ] ] } },
{ "type": "Feature", "properties": { "component": 4, "name": [ "Southwest Chintimini Avenue" ], "highway": [ "residential" ] }, "geometry": { "type": "LineString", "coordinates": [ [ -123.28246, 44.54582 ], [ -123.2835, 44.54576 ] ] } },
{ "type": "Feature", "properties": { "component": 0, "name": [ "Northwest McKinley Drive" ], "highway": [ "residential" ] }, "geometry": { "type": "LineString", "coordinates": [ [ -123.28562, 44.59024 ], [ -123.2855, 44.58962 ], [ -123.28432, 44.5896 ] ] } },
{ "type": "Feature", "properties": { "component": 0, "name": [ "Northwest McKinley Drive" ], "highway": [ "residential" ] }, "geometry": { "type": "LineString", "coordinates": [ [ -123.28562, 44.59024 ], [ -123.28678, 44.59028 ] ] } },
{ "type": "Feature", "properties": { "component": 0, "name": [ "Northwest McKinley Place" ], "highway": [ "residential" ] }, "geometry": { "type": "LineString", "coordinates": [ [ -123.28562, 44.59024 ], [ -123.28562, 44.59062 ] ] } },
{ "type": "Feature", "properties": { "component": 0, "name": [ "Northwest McKinley Drive" ], "highway": [ "residential" ] }, "geometry": { "type": "LineString", "coordinates": [ [ -123.29094, 44.5903 ], [ -123.28976, 44.59028 ] ] } },
{ "type": "Feature", "properties": { "component": 0, "name": [ "Northwest Roosevelt Drive" ], "highway": [ "residential" ] }, "geometry": { "type": "LineString", "coordinates": [ [ -123.29094, 44.5903 ], [ -123.29084, 44.59116 ], [ -123.28444, 44.59132 ] ] } },
{ "type": "Feature", "properties": { "component": 0, "name": [ "Northwest Roosevelt Drive" ], "highway": [ "residential" ] }, "geometry": { "type": "LineString", "coordinates": [ [ -123.29094, 44.5903 ], [ -123.29094, 44.5899 ] ] } },
{ "type": "Feature", "properties": { "component": 6, "name": [ "Northwest Aspen Street" ], "highway": [ "residential" ] }, "geometry": { "type": "LineString", "coordinates": [ [ -123.29402, 44.59368 ], [ -123.294, 44.59406 ] ] } },
{ "type": "Feature", "properties": { "component": 6, "name": [ "Northwest Chinquapin Place" ], "highway": [ "residential" ] }, "geometry": { "type": "LineString", "coordinates": [ [ -123.29402, 44.59368 ], [ -123.29192, 44.59368 ] ] } },
{ "type": "Feature", "properties": { "component": 6, "name": [ "Northwest Aspen Street" ], "highway": [ "residential" ] }, "geometry": { "type": "LineString", "coordinates": [ [ -123.29402, 44.59368 ], [ -123.29402, 44.59318 ] ] } },
{ "type": "Feature", "properties": { "component": 6, "name": [ "Northwest Aspen Street" ], "highway": [ "residential" ] }, "geometry": { "type": "LineString", "coordinates": [ [ -123.294, 44.59406 ], [ -123.29402, 44.59368 ] ] } },
{ "type": "Feature", "properties": { "component": 6, "name": [ "Northwest Aspen Street" ], "highway": [ "residential" ] }, "geometry": { "type": "LineString", "coordinates": [ [ -123.294, 44.59406 ], [ -123.29396, 44.59438 ] ] } },
{ "type": "Feature", "properties": { "component": 6, "name": [ "Northwest Tamarack Drive" ], "highway": [ "residential" ] }, "geometry": { "type": "LineString", "coordinates": [ [ -123.294, 44.59406 ], [ -123.29484, 44.59416 ] ] } },
{ "type": "Feature", "properties": { "component": 6, "name": [ "Northwest Aspen Street" ], "highway": [ "residential" ] }, "geometry": { "type": "LineString", "coordinates": [ [ -123.29396, 44.59438 ], [ -123.29384, 44.59472 ] ] } },
{ "type": "Feature", "properties": { "component": 6, "name": [ "Northwest Aspen Street" ], "highway": [ "residential" ] }, "geometry": { "type": "LineString", "coordinates": [ [ -123.29396, 44.59438 ], [ -123.294, 44.59406 ] ] } },
{ "type": "Feature", "properties": { "component": 6, "name": [ "Northwest Camas Place" ], "highway": [ "residential" ] }, "geometry": { "type": "LineString", "coordinates": [ [ -123.29396, 44.59438 ], [ -123.2924, 44.59436 ] ] } },
{ "type": "Feature", "properties": { "component": 9, "name": [ "Southeast Viewmont Avenue" ], "highway": [ "residential" ] }, "geometry": { "type": "LineString", "coordinates": [ [ -123.2569, 44.54358 ], [ -123.25862, 44.54358 ] ] } },
{ "type": "Feature", "properties": { "component": 9, "name": [ "Southeast Viewmont Avenue" ], "highway": [ "residential" ] }, "geometry": { "type": "LineString", "coordinates": [ [ -123.25862, 44.54358 ], [ -123.2569, 44.54358 ] ] } },
{ "type": "Feature", "properties": { "component": 9, "name": [ "Southeast Ryan Street" ], "highway": [ "residential" ] }, "geometry": { "type": "LineString", "coordinates": [ [ -123.25862, 44.54358 ], [ -123.25862, 44.54418 ] ] } },
{ "type": "Feature", "properties": { "component": 9, "name": [ "Southeast Ryan Street" ], "highway": [ "residential" ] }, "geometry": { "type": "LineString", "coordinates": [ [ -123.25862, 44.54358 ], [ -123.25862, 44.5432 ] ] } },
{ "type": "Feature", "properties": { "component": 3, "name": [ "Northwest Romancier Drive" ], "highway": [ "residential" ] }, "geometry": { "type": "LineString", "coordinates": [ [ -123.30794, 44.59386 ], [ -123.3078, 44.59394 ] ] } },
{ "type": "Feature", "properties": { "component": 3, "name": [ "Lavender Circle" ], "highway": [ "residential" ] }, "geometry": { "type": "LineString", "coordinates": [ [ -123.30794, 44.59386 ], [ -123.30822, 44.59414 ] ] } },
{ "type": "Feature", "properties": { "component": 3, "name": [ "Northwest Romancier Drive" ], "highway": [ "residential" ] }, "geometry": { "type": "LineString", "coordinates": [ [ -123.30794, 44.59386 ], [ -123.30834, 44.59362 ] ] } },
{ "type": "Feature", "properties": { "component": 3, "name": [ "Lavender Circle" ], "highway": [ "residential" ] }, "geometry": { "type": "LineString", "coordinates": [ [ -123.30962, 44.5935 ], [ -123.30964, 44.59392 ] ] } },
{ "type": "Feature", "properties": { "component": 3, "name": [ "Northwest Lavender Circle" ], "highway": [ "residential" ] }, "geometry": { "type": "LineString", "coordinates": [ [ -123.30962, 44.5935 ], [ -123.30998, 44.59282 ] ] } },
{ "type": "Feature", "properties": { "component": 3, "name": [ "Northwest Romancier Drive" ], "highway": [ "residential" ] }, "geometry": { "type": "LineString", "coordinates": [ [ -123.30962, 44.5935 ], [ -123.30834, 44.59362 ] ] } },
{ "type": "Feature", "properties": { "component": 6, "name": [ "Northwest Camas Place" ], "highway": [ "residential" ] }, "geometry": { "type": "LineString", "coordinates": [ [ -123.2924, 44.59436 ], [ -123.29396, 44.59438 ] ] } },
{ "type": "Feature", "properties": { "component": 7, "name": [ "Northwest Huckleberry Drive" ], "highway": [ "residential" ] }, "geometry": { "type": "LineString", "coordinates": [ [ -123.2862, 44.5994 ], [ -123.287, 44.59904 ] ] } },
{ "type": "Feature", "properties": { "component": 7, "name": [ "Northwest Huckleberry Drive" ], "highway": [ "residential" ] }, "geometry": { "type": "LineString", "coordinates": [ [ -123.2862, 44.5994 ], [ -123.28544, 44.59972 ] ] } },
{ "type": "Feature", "properties": { "component": 7, "name": [ "Northwest Shooting Star Drive" ], "highway": [ "residential" ] }, "geometry": { "type": "LineString", "coordinates": [ [ -123.2862, 44.5994 ], [ -123.28554, 44.5987 ] ] } },
{ "type": "Feature", "properties": { "component": 7, "name": [ "Northwest Huckleberry Drive" ], "highway": [ "residential" ] }, "geometry": { "type": "LineString", "coordinates": [ [ -123.28804, 44.59872 ], [ -123.287, 44.59904 ] ] } },
{ "type": "Feature", "properties": { "component": 0, "name": [ "Northwest Roosevelt Drive" ], "highway": [ "residential" ] }, "geometry": { "type": "LineString", "coordinates": [ [ -123.291, 44.58872 ], [ -123.29136, 44.58894 ] ] } },
{ "type": "Feature", "properties": { "component": 0, "name": [ "Northwest Roosevelt Drive" ], "highway": [ "residential" ] }, "geometry": { "type": "LineString", "coordinates": [ [ -123.29136, 44.58894 ], [ -123.29176, 44.58918 ] ] } },
{ "type": "Feature", "properties": { "component": 0, "name": [ "Northwest Roosevelt Drive" ], "highway": [ "residential" ] }, "geometry": { "type": "LineString", "coordinates": [ [ -123.29136, 44.58894 ], [ -123.291, 44.58872 ] ] } },
{ "type": "Feature", "properties": { "component": 0, "name": [ "Northwest Roosevelt Drive" ], "highway": [ "residential" ] }, "geometry": { "type": "LineString", "coordinates": [ [ -123.29136, 44.58894 ], [ -123.29094, 44.5899 ] ] } },
{ "type": "Feature", "properties": { "component": 0, "name": [ "Northwest Roosevelt Drive" ], "highway": [ "residential" ] }, "geometry": { "type": "LineString", "coordinates": [ [ -123.29136, 44.58894 ], [ -123.29212, 44.58844 ] ] } },
{ "type": "Feature", "properties": { "component": 0, "name": [ "Northwest Roosevelt Drive" ], "highway": [ "residential" ] }, "geometry": { "type": "LineString", "coordinates": [ [ -123.29176, 44.58918 ], [ -123.29136, 44.58894 ] ] } },
{ "type": "Feature", "properties": { "component": 0, "name": [ "Northwest Roosevelt Drive" ], "highway": [ "residential" ] }, "geometry": { "type": "LineString", "coordinates": [ [ -123.29144, 44.5899 ], [ -123.29094, 44.5899 ] ] } },
{ "type": "Feature", "properties": { "component": 0, "name": [ "Northwest Roosevelt Drive" ], "highway": [ "residential" ] }, "geometry": { "type": "LineString", "coordinates": [ [ -123.29094, 44.5899 ], [ -123.29144, 44.5899 ] ] } },
{ "type": "Feature", "properties": { "component": 0, "name": [ "Northwest Roosevelt Drive" ], "highway": [ "residential" ] }, "geometry": { "type": "LineString", "coordinates": [ [ -123.29094, 44.5899 ], [ -123.29094, 44.5903 ] ] } },
{ "type": "Feature", "properties": { "component": 0, "name": [ "Northwest Roosevelt Drive" ], "highway": [ "residential" ] }, "geometry": { "type": "LineString", "coordinates": [ [ -123.29094, 44.5899 ], [ -123.29136, 44.58894 ] ] } },
{ "type": "Feature", "properties": { "component": 0, "name": [ "Northwest Roosevelt Drive" ], "highway": [ "residential" ] }, "geometry": { "type": "LineString", "coordinates": [ [ -123.28336, 44.59132 ], [ -123.28444, 44.59132 ] ] } },
{ "type": "Feature", "properties": { "component": 0, "name": [ "Northwest 25th Street" ], "highway": [ "residential" ] }, "geometry": { "type": "LineString", "coordinates": [ [ -123.28006, 44.59134 ], [ -123.28004, 44.59128 ] ] } },
{ "type": "Feature", "properties": { "component": 0, "name": [ "Northwest Roosevelt Drive" ], "highway": [ "residential" ] }, "geometry": { "type": "LineString", "coordinates": [ [ -123.28006, 44.59134 ], [ -123.28112, 44.59132 ] ] } },
{ "type": "Feature", "properties": { "component": 0, "name": [ "Northwest 25th Street" ], "highway": [ "residential" ] }, "geometry": { "type": "LineString", "coordinates": [ [ -123.28006, 44.59134 ], [ -123.28022, 44.59258 ] ] } },
{ "type": "Feature", "properties": { "component": 0, "name": [ "Northwest Roosevelt Drive" ], "highway": [ "residential" ] }, "geometry": { "type": "LineString", "coordinates": [ [ -123.28112, 44.59132 ], [ -123.2822, 44.59132 ] ] } },
{ "type": "Feature", "properties": { "component": 0, "name": [ "Northwest Roosevelt Drive" ], "highway": [ "residential" ] }, "geometry": { "type": "LineString", "coordinates": [ [ -123.28112, 44.59132 ], [ -123.28006, 44.59134 ] ] } },
{ "type": "Feature", "properties": { "component": 0, "name": [ "Northwest Roosevelt Place" ], "highway": [ "residential" ] }, "geometry": { "type": "LineString", "coordinates": [ [ -123.28112, 44.59132 ], [ -123.28112, 44.5918 ] ] } },
{ "type": "Feature", "properties": { "component": 0, "name": [ "Northwest 25th Street" ], "highway": [ "residential" ] }, "geometry": { "type": "LineString", "coordinates": [ [ -123.28004, 44.59128 ], [ -123.28006, 44.59134 ] ] } },
{ "type": "Feature", "properties": { "component": 0, "name": [ "Northwest 25th Street" ], "highway": [ "residential" ] }, "geometry": { "type": "LineString", "coordinates": [ [ -123.28004, 44.59128 ], [ -123.27996, 44.59064 ] ] } },
{ "type": "Feature", "properties": { "component": 0, "name": "['Northwest 23rd Street' 'Northwest Roosevelt Drive']", "highway": [ "residential" ] }, "geometry": { "type": "LineString", "coordinates": [ [ -123.28004, 44.59128 ], [ -123.27872, 44.59122 ], [ -123.27872, 44.58952 ] ] } },
{ "type": "Feature", "properties": { "component": 0, "name": [ "Northwest Douglas Avenue" ], "highway": [ "residential" ] }, "geometry": { "type": "LineString", "coordinates": [ [ -123.2992, 44.58616 ], [ -123.2999, 44.58568 ] ] } },
{ "type": "Feature", "properties": { "component": 0, "name": [ "Northwest Douglas Avenue" ], "highway": [ "residential" ] }, "geometry": { "type": "LineString", "coordinates": [ [ -123.2992, 44.58616 ], [ -123.29716, 44.58606 ] ] } },
{ "type": "Feature", "properties": { "component": 0, "name": [ "Northwest Douglas Avenue" ], "highway": [ "residential" ] }, "geometry": { "type": "LineString", "coordinates": [ [ -123.2999, 44.58568 ], [ -123.2992, 44.58616 ] ] } },
{ "type": "Feature", "properties": { "component": 0, "name": [ "Northwest Douglas Avenue" ], "highway": [ "residential" ] }, "geometry": { "type": "LineString", "coordinates": [ [ -123.29716, 44.58606 ], [ -123.29624, 44.5859 ] ] } },
{ "type": "Feature", "properties": { "component": 0, "name": [ "Northwest Douglas Avenue" ], "highway": [ "residential" ] }, "geometry": { "type": "LineString", "coordinates": [ [ -123.29716, 44.58606 ], [ -123.2992, 44.58616 ] ] } },
{ "type": "Feature", "properties": { "component": 0, "name": [ "Northwest Douglas Place" ], "highway": [ "residential" ] }, "geometry": { "type": "LineString", "coordinates": [ [ -123.29716, 44.58606 ], [ -123.29712, 44.58676 ] ] } },
{ "type": "Feature", "properties": { "component": 0, "name": [ "Northwest 26th Street" ], "highway": [ "residential" ] }, "geometry": { "type": "LineString", "coordinates": [ [ -123.28012, 44.5746 ], [ -123.2801, 44.5755 ] ] } },
{ "type": "Feature", "properties": { "component": 0, "name": [ "Northwest Taylor Avenue" ], "highway": [ "residential" ] }, "geometry": { "type": "LineString", "coordinates": [ [ -123.28012, 44.5746 ], [ -123.28118, 44.5746 ] ] } },
{ "type": "Feature", "properties": { "component": 0, "name": [ "Northwest Taylor Avenue" ], "highway": [ "residential" ] }, "geometry": { "type": "LineString", "coordinates": [ [ -123.28012, 44.5746 ], [ -123.279, 44.57458 ] ] } },
{ "type": "Feature", "properties": { "component": 0, "name": [ "Northwest 26th Street" ], "highway": [ "residential" ] }, "geometry": { "type": "LineString", "coordinates": [ [ -123.2801, 44.57864 ], [ -123.2801, 44.57708 ] ] } },
{ "type": "Feature", "properties": { "component": 0, "name": [ "Northwest 26th Street" ], "highway": [ "residential" ] }, "geometry": { "type": "LineString", "coordinates": [ [ -123.2801, 44.57864 ], [ -123.2801, 44.5796 ] ] } },
{ "type": "Feature", "properties": { "component": 0, "name": [ "Northwest 26th Street" ], "highway": [ "residential" ] }, "geometry": { "type": "LineString", "coordinates": [ [ -123.2801, 44.5796 ], [ -123.2801, 44.57864 ] ] } },
{ "type": "Feature", "properties": { "component": 4, "name": [ "Southwest Knollbrook Avenue" ], "highway": [ "residential" ] }, "geometry": { "type": "LineString", "coordinates": [ [ -123.28962, 44.5485 ], [ -123.28638, 44.5485 ] ] } },
{ "type": "Feature", "properties": { "component": 0, "name": [ "Northwest Orchard Avenue" ], "highway": [ "residential" ] }, "geometry": { "type": "LineString", "coordinates": [ [ -123.28972, 44.56788 ], [ -123.28896, 44.56788 ] ] } },
{ "type": "Feature", "properties": { "component": 0, "name": [ "Southwest 11th Street" ], "highway": [ "residential" ] }, "geometry": { "type": "LineString", "coordinates": [ [ -123.27106, 44.56016 ], [ -123.27122, 44.56114 ] ] } },
{ "type": "Feature", "properties": { "component": 0, "name": [ "Southwest 11th Street" ], "highway": [ "residential" ] }, "geometry": { "type": "LineString", "coordinates": [ [ -123.27106, 44.56016 ], [ -123.27086, 44.55922 ] ] } },
{ "type": "Feature", "properties": { "component": 0, "name": [ "Southwest 11th Street" ], "highway": [ "residential" ] }, "geometry": { "type": "LineString", "coordinates": [ [ -123.27122, 44.56114 ], [ -123.27134, 44.56258 ] ] } },
{ "type": "Feature", "properties": { "component": 0, "name": [ "Southwest 11th Street" ], "highway": [ "residential" ] }, "geometry": { "type": "LineString", "coordinates": [ [ -123.27122, 44.56114 ], [ -123.27106, 44.56016 ] ] } },
{ "type": "Feature", "properties": { "component": 0, "name": [ "Southwest A Avenue" ], "highway": [ "residential" ] }, "geometry": { "type": "LineString", "coordinates": [ [ -123.27122, 44.56114 ], [ -123.27066, 44.56118 ] ] } },
{ "type": "Feature", "properties": { "component": 0, "name": [ "Southwest A Avenue" ], "highway": [ "residential" ] }, "geometry": { "type": "LineString", "coordinates": [ [ -123.27122, 44.56114 ], [ -123.2722, 44.56104 ] ] } },
{ "type": "Feature", "properties": { "component": 0, "name": [ "Southwest 11th Street" ], "highway": [ "residential" ] }, "geometry": { "type": "LineString", "coordinates": [ [ -123.27134, 44.56258 ], [ -123.27086, 44.56356 ] ] } },
{ "type": "Feature", "properties": { "component": 0, "name": [ "Southwest 11th Street" ], "highway": [ "residential" ] }, "geometry": { "type": "LineString", "coordinates": [ [ -123.27134, 44.56258 ], [ -123.27122, 44.56114 ] ] } },
{ "type": "Feature", "properties": { "component": 0, "name": [ "Northwest Jameson Drive" ], "highway": [ "residential" ] }, "geometry": { "type": "LineString", "coordinates": [ [ -123.29294, 44.58574 ], [ -123.2919, 44.58572 ] ] } },
{ "type": "Feature", "properties": { "component": 0, "name": [ "Northwest Jameson Drive" ], "highway": [ "residential" ] }, "geometry": { "type": "LineString", "coordinates": [ [ -123.29294, 44.58574 ], [ -123.2949, 44.5858 ], [ -123.29526, 44.58518 ], [ -123.29488, 44.58458 ], [ -123.29542, 44.5841 ] ] } },
{ "type": "Feature", "properties": { "component": 0, "name": [ "Northwest Estaview Drive" ], "highway": [ "residential" ] }, "geometry": { "type": "LineString", "coordinates": [ [ -123.29294, 44.58574 ], [ -123.2931, 44.58698 ] ] } },
{ "type": "Feature", "properties": { "component": 0, "name": [ "Northwest Jameson Drive" ], "highway": [ "residential" ] }, "geometry": { "type": "LineString", "coordinates": [ [ -123.2919, 44.58572 ], [ -123.29086, 44.5857 ] ] } },
{ "type": "Feature", "properties": { "component": 0, "name": [ "Northwest Jameson Drive" ], "highway": [ "residential" ] }, "geometry": { "type": "LineString", "coordinates": [ [ -123.2919, 44.58572 ], [ -123.29294, 44.58574 ] ] } },
{ "type": "Feature", "properties": { "component": 0, "name": [ "Northwest Jameson Place" ], "highway": [ "residential" ] }, "geometry": { "type": "LineString", "coordinates": [ [ -123.2919, 44.58572 ], [ -123.2919, 44.58636 ] ] } },
{ "type": "Feature", "properties": { "component": 0, "name": [ "Northwest Jameson Drive" ], "highway": [ "residential" ] }, "geometry": { "type": "LineString", "coordinates": [ [ -123.29086, 44.5857 ], [ -123.2919, 44.58572 ] ] } },
{ "type": "Feature", "properties": { "component": 0, "name": [ "Northwest Lantana Drive" ], "highway": [ "residential" ] }, "geometry": { "type": "LineString", "coordinates": [ [ -123.29086, 44.5857 ], [ -123.29096, 44.58708 ], [ -123.2931, 44.58698 ] ] } },
{ "type": "Feature", "properties": { "component": 0, "name": [ "Northwest Lantana Drive" ], "highway": [ "residential" ] }, "geometry": { "type": "LineString", "coordinates": [ [ -123.29086, 44.5857 ], [ -123.29086, 44.58526 ] ] } },
{ "type": "Feature", "properties": { "component": 9, "name": [ "Southeast Dorothy Avenue" ], "highway": [ "residential" ] }, "geometry": { "type": "LineString", "coordinates": [ [ -123.25862, 44.54418 ], [ -123.2569, 44.5442 ] ] } },
{ "type": "Feature", "properties": { "component": 9, "name": [ "Southeast Ryan Street" ], "highway": [ "residential" ] }, "geometry": { "type": "LineString", "coordinates": [ [ -123.25862, 44.54418 ], [ -123.25862, 44.54524 ] ] } },
{ "type": "Feature", "properties": { "component": 9, "name": [ "Southeast Ryan Street" ], "highway": [ "residential" ] }, "geometry": { "type": "LineString", "coordinates": [ [ -123.25862, 44.54418 ], [ -123.25862, 44.54358 ] ] } },
{ "type": "Feature", "properties": { "component": 9, "name": [ "Southeast Dorothy Avenue" ], "highway": [ "residential" ] }, "geometry": { "type": "LineString", "coordinates": [ [ -123.2569, 44.5442 ], [ -123.25862, 44.54418 ] ] } },
{ "type": "Feature", "properties": { "component": 0, "name": [ "Northwest Hillcrest Drive" ], "highway": [ "residential" ] }, "geometry": { "type": "LineString", "coordinates": [ [ -123.28608, 44.57872 ], [ -123.2861, 44.57932 ] ] } },
{ "type": "Feature", "properties": { "component": 0, "name": [ "Northwest Garfield Avenue" ], "highway": [ "residential" ] }, "geometry": { "type": "LineString", "coordinates": [ [ -123.28494, 44.58308 ], [ -123.28308, 44.58306 ] ] } },
{ "type": "Feature", "properties": { "component": 0, "name": [ "Northwest Hillcrest Drive" ], "highway": [ "residential" ] }, "geometry": { "type": "LineString", "coordinates": [ [ -123.28494, 44.58308 ], [ -123.28528, 44.58488 ], [ -123.28734, 44.58486 ] ] } },
{ "type": "Feature", "properties": { "component": 0, "name": [ "Northwest Hillcrest Drive" ], "highway": [ "residential" ] }, "geometry": { "type": "LineString", "coordinates": [ [ -123.28494, 44.58308 ], [ -123.2858, 44.58196 ] ] } },
{ "type": "Feature", "properties": { "component": 0, "name": [ "Northwest Garfield Avenue" ], "highway": [ "residential" ] }, "geometry": { "type": "LineString", "coordinates": [ [ -123.28494, 44.58308 ], [ -123.2885, 44.58236 ] ] } },
{ "type": "Feature", "properties": { "component": 0, "name": [ "Southwest 5th Street" ], "highway": [ "residential" ] }, "geometry": { "type": "LineString", "coordinates": [ [ -123.26724, 44.55668 ], [ -123.26706, 44.55706 ] ] } },
{ "type": "Feature", "properties": { "component": 0, "name": [ "Southwest 5th Street" ], "highway": [ "residential" ] }, "geometry": { "type": "LineString", "coordinates": [ [ -123.26656, 44.558 ], [ -123.26608, 44.559 ] ] } },
{ "type": "Feature", "properties": { "component": 0, "name": [ "Southwest 5th Street" ], "highway": [ "residential" ] }, "geometry": { "type": "LineString", "coordinates": [ [ -123.26656, 44.558 ], [ -123.26706, 44.55706 ] ] } },
{ "type": "Feature", "properties": { "component": 0, "name": [ "Southwest C Avenue" ], "highway": [ "residential" ] }, "geometry": { "type": "LineString", "coordinates": [ [ -123.26656, 44.558 ], [ -123.26552, 44.55774 ] ] } },
{ "type": "Feature", "properties": { "component": 0, "name": [ "Southwest 5th Street" ], "highway": [ "residential" ] }, "geometry": { "type": "LineString", "coordinates": [ [ -123.26558, 44.55998 ], [ -123.26608, 44.559 ] ] } },
{ "type": "Feature", "properties": { "component": 4, "name": [ "Southwest Whiteside Drive" ], "highway": [ "residential" ] }, "geometry": { "type": "LineString", "coordinates": [ [ -123.29042, 44.54542 ], [ -123.28982, 44.54462 ] ] } },
{ "type": "Feature", "properties": { "component": 4, "name": [ "Southwest Chintimini Avenue" ], "highway": [ "residential" ] }, "geometry": { "type": "LineString", "coordinates": [ [ -123.29042, 44.54542 ], [ -123.29144, 44.54498 ] ] } },
{ "type": "Feature", "properties": { "component": 4, "name": [ "Southwest Chintimini Avenue" ], "highway": [ "residential" ] }, "geometry": { "type": "LineString", "coordinates": [ [ -123.29042, 44.54542 ], [ -123.28782, 44.54574 ] ] } },
{ "type": "Feature", "properties": { "component": 4, "name": [ "Southwest Whiteside Drive" ], "highway": [ "residential" ] }, "geometry": { "type": "LineString", "coordinates": [ [ -123.29042, 44.54542 ], [ -123.29102, 44.5462 ] ] } },
{ "type": "Feature", "properties": { "component": 4, "name": [ "Southwest Chintimini Avenue" ], "highway": [ "residential" ] }, "geometry": { "type": "LineString", "coordinates": [ [ -123.29144, 44.54498 ], [ -123.29042, 44.54542 ] ] } },
{ "type": "Feature", "properties": { "component": 0, "name": [ "Northwest Rolf Place" ], "highway": [ "residential" ] }, "geometry": { "type": "LineString", "coordinates": [ [ -123.29824, 44.58682 ], [ -123.2991, 44.5871 ] ] } },
{ "type": "Feature", "properties": { "component": 0, "name": [ "Northwest Norwood Place" ], "highway": [ "residential" ] }, "geometry": { "type": "LineString", "coordinates": [ [ -123.28652, 44.58762 ], [ -123.28634, 44.58708 ] ] } },
{ "type": "Feature", "properties": { "component": 0, "name": [ "Northwest 25th Street" ], "highway": [ "residential" ] }, "geometry": { "type": "LineString", "coordinates": [ [ -123.27982, 44.58952 ], [ -123.27988, 44.58988 ] ] } },
{ "type": "Feature", "properties": { "component": 0, "name": [ "Northwest Hazel Avenue" ], "highway": [ "residential" ] }, "geometry": { "type": "LineString", "coordinates": [ [ -123.27982, 44.58952 ], [ -123.27872, 44.58952 ] ] } },
{ "type": "Feature", "properties": { "component": 0, "name": [ "Northwest 25th Street" ], "highway": [ "residential" ] }, "geometry": { "type": "LineString", "coordinates": [ [ -123.27982, 44.58952 ], [ -123.2798, 44.58918 ] ] } },
{ "type": "Feature", "properties": { "component": 0, "name": [ "Northwest Hazel Avenue" ], "highway": [ "residential" ] }, "geometry": { "type": "LineString", "coordinates": [ [ -123.27872, 44.58952 ], [ -123.27982, 44.58952 ] ] } },
{ "type": "Feature", "properties": { "component": 0, "name": "['Northwest 23rd Street' 'Northwest Roosevelt Drive']", "highway": [ "residential" ] }, "geometry": { "type": "LineString", "coordinates": [ [ -123.27872, 44.58952 ], [ -123.27872, 44.59122 ], [ -123.28004, 44.59128 ] ] } },
{ "type": "Feature", "properties": { "component": 0, "name": [ "Northwest 23rd Street" ], "highway": [ "residential" ] }, "geometry": { "type": "LineString", "coordinates": [ [ -123.27872, 44.58952 ], [ -123.27872, 44.58918 ] ] } },
{ "type": "Feature", "properties": { "component": 0, "name": [ "Northwest Hazel Avenue" ], "highway": [ "residential" ] }, "geometry": { "type": "LineString", "coordinates": [ [ -123.27872, 44.58918 ], [ -123.27698, 44.58918 ] ] } },
{ "type": "Feature", "properties": { "component": 0, "name": [ "Northwest 23rd Street" ], "highway": [ "residential" ] }, "geometry": { "type": "LineString", "coordinates": [ [ -123.27872, 44.58918 ], [ -123.27872, 44.58952 ] ] } },
{ "type": "Feature", "properties": { "component": 0, "name": [ "Northwest 23rd Street" ], "highway": [ "residential" ] }, "geometry": { "type": "LineString", "coordinates": [ [ -123.27872, 44.58918 ], [ -123.27874, 44.58848 ] ] } },
{ "type": "Feature", "properties": { "component": 0, "name": [ "Northwest Tyler Avenue" ], "highway": [ "residential" ] }, "geometry": { "type": "LineString", "coordinates": [ [ -123.262, 44.56908 ], [ -123.26212, 44.56912 ] ] } },
{ "type": "Feature", "properties": { "component": 0, "name": [ "Northwest Tyler Avenue" ], "highway": [ "residential" ] }, "geometry": { "type": "LineString", "coordinates": [ [ -123.262, 44.56908 ], [ -123.261, 44.56882 ] ] } },
{ "type": "Feature", "properties": { "component": 0, "name": "['Northwest Polk Avenue' 'Northwest 6th Street']", "highway": [ "residential" ] }, "geometry": { "type": "LineString", "coordinates": [ [ -123.262, 44.56908 ], [ -123.26146, 44.57006 ], [ -123.2605, 44.56982 ] ] } },
{ "type": "Feature", "properties": { "component": 0, "name": [ "Northwest Tyler Avenue" ], "highway": [ "residential" ] }, "geometry": { "type": "LineString", "coordinates": [ [ -123.26422, 44.56964 ], [ -123.26532, 44.5699 ] ] } },
{ "type": "Feature", "properties": { "component": 0, "name": [ "Northwest Tyler Avenue" ], "highway": [ "residential" ] }, "geometry": { "type": "LineString", "coordinates": [ [ -123.26422, 44.56964 ], [ -123.26312, 44.56936 ] ] } },
{ "type": "Feature", "properties": { "component": 0, "name": [ "Northwest 8th Street" ], "highway": [ "residential" ] }, "geometry": { "type": "LineString", "coordinates": [ [ -123.26422, 44.56964 ], [ -123.2639, 44.57022 ] ] } },
{ "type": "Feature", "properties": { "component": 0, "name": [ "Northwest 8th Street" ], "highway": [ "residential" ] }, "geometry": { "type": "LineString", "coordinates": [ [ -123.26422, 44.56964 ], [ -123.26472, 44.56864 ] ] } },
{ "type": "Feature", "properties": { "component": 0, "name": [ "Northwest Tyler Avenue" ], "highway": [ "residential" ] }, "geometry": { "type": "LineString", "coordinates": [ [ -123.26532, 44.5699 ], [ -123.26642, 44.57018 ] ] } },
{ "type": "Feature", "properties": { "component": 0, "name": [ "Northwest Tyler Avenue" ], "highway": [ "residential" ] }, "geometry": { "type": "LineString", "coordinates": [ [ -123.26532, 44.5699 ], [ -123.26422, 44.56964 ] ] } },
{ "type": "Feature", "properties": { "component": 0, "name": [ "Northwest 12th Street" ], "highway": [ "residential" ] }, "geometry": { "type": "LineString", "coordinates": [ [ -123.26842, 44.57068 ], [ -123.26796, 44.57158 ] ] } },
{ "type": "Feature", "properties": { "component": 0, "name": [ "Northwest 12th Street" ], "highway": [ "residential" ] }, "geometry": { "type": "LineString", "coordinates": [ [ -123.26842, 44.57068 ], [ -123.26888, 44.5697 ] ] } },
{ "type": "Feature", "properties": { "component": 0, "name": [ "Northwest Tyler Avenue" ], "highway": [ "residential" ] }, "geometry": { "type": "LineString", "coordinates": [ [ -123.26842, 44.57068 ], [ -123.26932, 44.5709 ] ] } },
{ "type": "Feature", "properties": { "component": 0, "name": [ "Northwest Tyler Avenue" ], "highway": [ "residential" ] }, "geometry": { "type": "LineString", "coordinates": [ [ -123.26842, 44.57068 ], [ -123.26748, 44.57044 ] ] } },
{ "type": "Feature", "properties": { "component": 0, "name": [ "Northwest 15th Street" ], "highway": [ "residential" ] }, "geometry": { "type": "LineString", "coordinates": [ [ -123.2712, 44.57138 ], [ -123.27076, 44.57228 ] ] } },
{ "type": "Feature", "properties": { "component": 0, "name": [ "Northwest 15th Street" ], "highway": [ "residential" ] }, "geometry": { "type": "LineString", "coordinates": [ [ -123.2712, 44.57138 ], [ -123.27168, 44.57042 ] ] } },
{ "type": "Feature", "properties": { "component": 0, "name": [ "Northwest Tyler Avenue" ], "highway": [ "residential" ] }, "geometry": { "type": "LineString", "coordinates": [ [ -123.2712, 44.57138 ], [ -123.27212, 44.57162 ] ] } },
{ "type": "Feature", "properties": { "component": 0, "name": [ "Northwest Tyler Avenue" ], "highway": [ "residential" ] }, "geometry": { "type": "LineString", "coordinates": [ [ -123.2712, 44.57138 ], [ -123.27026, 44.57114 ] ] } },
{ "type": "Feature", "properties": { "component": 0, "name": [ "Northwest 16th Street" ], "highway": [ "residential" ] }, "geometry": { "type": "LineString", "coordinates": [ [ -123.27212, 44.57162 ], [ -123.27168, 44.57252 ] ] } },
{ "type": "Feature", "properties": { "component": 0, "name": [ "Northwest 16th Street" ], "highway": [ "residential" ] }, "geometry": { "type": "LineString", "coordinates": [ [ -123.27212, 44.57162 ], [ -123.2726, 44.57066 ] ] } },
{ "type": "Feature", "properties": { "component": 0, "name": [ "Northwest Tyler Avenue" ], "highway": [ "residential" ] }, "geometry": { "type": "LineString", "coordinates": [ [ -123.27212, 44.57162 ], [ -123.27308, 44.57186 ] ] } },
{ "type": "Feature", "properties": { "component": 0, "name": [ "Northwest Tyler Avenue" ], "highway": [ "residential" ] }, "geometry": { "type": "LineString", "coordinates": [ [ -123.27212, 44.57162 ], [ -123.2712, 44.57138 ] ] } },
{ "type": "Feature", "properties": { "component": 0, "name": [ "Northwest 19th Street" ], "highway": [ "residential" ] }, "geometry": { "type": "LineString", "coordinates": [ [ -123.27494, 44.57236 ], [ -123.2745, 44.57322 ] ] } },
{ "type": "Feature", "properties": { "component": 0, "name": [ "Northwest Tyler Avenue" ], "highway": [ "residential" ] }, "geometry": { "type": "LineString", "coordinates": [ [ -123.27518, 44.5724 ], [ -123.27646, 44.57252 ] ] } },
{ "type": "Feature", "properties": { "component": 0, "name": [ "Northwest Tyler Avenue" ], "highway": [ "residential" ] }, "geometry": { "type": "LineString", "coordinates": [ [ -123.27518, 44.5724 ], [ -123.27506, 44.57238 ] ] } },
{ "type": "Feature", "properties": { "component": 0, "name": [ "Northwest Tyler Avenue" ], "highway": [ "residential" ] }, "geometry": { "type": "LineString", "coordinates": [ [ -123.27646, 44.57252 ], [ -123.2777, 44.57262 ] ] } },
{ "type": "Feature", "properties": { "component": 0, "name": [ "Northwest Tyler Avenue" ], "highway": [ "residential" ] }, "geometry": { "type": "LineString", "coordinates": [ [ -123.27646, 44.57252 ], [ -123.27518, 44.5724 ] ] } },
{ "type": "Feature", "properties": { "component": 0, "name": [ "Northwest 23rd Street" ], "highway": [ "residential" ] }, "geometry": { "type": "LineString", "coordinates": [ [ -123.2777, 44.57262 ], [ -123.27772, 44.57356 ] ] } },
{ "type": "Feature", "properties": { "component": 0, "name": [ "Northwest 23rd Street" ], "highway": [ "residential" ] }, "geometry": { "type": "LineString", "coordinates": [ [ -123.2777, 44.57262 ], [ -123.27768, 44.57164 ] ] } },
{ "type": "Feature", "properties": { "component": 0, "name": [ "Northwest Tyler Avenue" ], "highway": [ "residential" ] }, "geometry": { "type": "LineString", "coordinates": [ [ -123.2777, 44.57262 ], [ -123.27894, 44.57272 ] ] } },
{ "type": "Feature", "properties": { "component": 0, "name": [ "Northwest Tyler Avenue" ], "highway": [ "residential" ] }, "geometry": { "type": "LineString", "coordinates": [ [ -123.2777, 44.57262 ], [ -123.27646, 44.57252 ] ] } },
{ "type": "Feature", "properties": { "component": 0, "name": [ "Northwest Tyler Avenue" ], "highway": [ "residential" ] }, "geometry": { "type": "LineString", "coordinates": [ [ -123.2834, 44.57274 ], [ -123.28468, 44.57274 ] ] } },
{ "type": "Feature", "properties": { "component": 0, "name": [ "Northwest Tyler Avenue" ], "highway": [ "residential" ] }, "geometry": { "type": "LineString", "coordinates": [ [ -123.2834, 44.57274 ], [ -123.28116, 44.57272 ] ] } },
{ "type": "Feature", "properties": { "component": 0, "name": [ "Northwest 30th Street" ], "highway": [ "residential" ] }, "geometry": { "type": "LineString", "coordinates": [ [ -123.28468, 44.57274 ], [ -123.28464, 44.5737 ] ] } },
{ "type": "Feature", "properties": { "component": 0, "name": [ "Northwest 30th Street" ], "highway": [ "residential" ] }, "geometry": { "type": "LineString", "coordinates": [ [ -123.28468, 44.57274 ], [ -123.2847, 44.57176 ] ] } },
{ "type": "Feature", "properties": { "component": 0, "name": [ "Northwest Tyler Avenue" ], "highway": [ "residential" ] }, "geometry": { "type": "LineString", "coordinates": [ [ -123.28468, 44.57274 ], [ -123.2858, 44.57272 ] ] } },
{ "type": "Feature", "properties": { "component": 0, "name": [ "Northwest Tyler Avenue" ], "highway": [ "residential" ] }, "geometry": { "type": "LineString", "coordinates": [ [ -123.28468, 44.57274 ], [ -123.2834, 44.57274 ] ] } },
{ "type": "Feature", "properties": { "component": 0, "name": [ "Northwest Tyler Avenue" ], "highway": [ "residential" ] }, "geometry": { "type": "LineString", "coordinates": [ [ -123.2931, 44.5722 ], [ -123.29192, 44.5726 ] ] } },
{ "type": "Feature", "properties": { "component": 0, "name": [ "Northwest Tyler Avenue" ], "highway": [ "residential" ] }, "geometry": { "type": "LineString", "coordinates": [ [ -123.28782, 44.57272 ], [ -123.28884, 44.57272 ] ] } },
{ "type": "Feature", "properties": { "component": 0, "name": [ "Northwest 33rd Street" ], "highway": [ "residential" ] }, "geometry": { "type": "LineString", "coordinates": [ [ -123.28782, 44.57272 ], [ -123.2878, 44.57174 ] ] } },
{ "type": "Feature", "properties": { "component": 0, "name": [ "Northwest 33rd Street" ], "highway": [ "residential" ] }, "geometry": { "type": "LineString", "coordinates": [ [ -123.28782, 44.57272 ], [ -123.28784, 44.57318 ] ] } },
{ "type": "Feature", "properties": { "component": 0, "name": [ "Northwest 35th Street" ], "highway": [ "residential" ] }, "geometry": { "type": "LineString", "coordinates": [ [ -123.28982, 44.57184 ], [ -123.28984, 44.5727 ] ] } },
{ "type": "Feature", "properties": { "component": 0, "name": [ "Northwest Van Buren Avenue" ], "highway": [ "residential" ] }, "geometry": { "type": "LineString", "coordinates": [ [ -123.28366, 44.5708 ], [ -123.28468, 44.57078 ] ] } },
{ "type": "Feature", "properties": { "component": 0, "name": [ "Northwest Van Buren Avenue" ], "highway": [ "residential" ] }, "geometry": { "type": "LineString", "coordinates": [ [ -123.28366, 44.5708 ], [ -123.28264, 44.5708 ] ] } },
{ "type": "Feature", "properties": { "component": 0, "name": [ "Northwest 29th Street" ], "highway": [ "residential" ] }, "geometry": { "type": "LineString", "coordinates": [ [ -123.28366, 44.5708 ], [ -123.28368, 44.57166 ] ] } },
{ "type": "Feature", "properties": { "component": 0, "name": [ "Northwest 29th Street" ], "highway": [ "residential" ] }, "geometry": { "type": "LineString", "coordinates": [ [ -123.28366, 44.5708 ], [ -123.28362, 44.56974 ] ] } },
{ "type": "Feature", "properties": { "component": 0, "name": [ "Northwest Van Buren Avenue" ], "highway": [ "residential" ] }, "geometry": { "type": "LineString", "coordinates": [ [ -123.28468, 44.57078 ], [ -123.28574, 44.57078 ] ] } },
{ "type": "Feature", "properties": { "component": 0, "name": [ "Northwest Van Buren Avenue" ], "highway": [ "residential" ] }, "geometry": { "type": "LineString", "coordinates": [ [ -123.28468, 44.57078 ], [ -123.28366, 44.5708 ] ] } },
{ "type": "Feature", "properties": { "component": 0, "name": [ "Northwest Van Buren Avenue" ], "highway": [ "residential" ] }, "geometry": { "type": "LineString", "coordinates": [ [ -123.28678, 44.57078 ], [ -123.28778, 44.57076 ] ] } },
{ "type": "Feature", "properties": { "component": 0, "name": [ "Northwest Van Buren Avenue" ], "highway": [ "residential" ] }, "geometry": { "type": "LineString", "coordinates": [ [ -123.28678, 44.57078 ], [ -123.28574, 44.57078 ] ] } },
{ "type": "Feature", "properties": { "component": 0, "name": [ "Northwest 32nd Street" ], "highway": [ "residential" ] }, "geometry": { "type": "LineString", "coordinates": [ [ -123.28678, 44.57078 ], [ -123.28678, 44.57174 ] ] } },
{ "type": "Feature", "properties": { "component": 0, "name": [ "Northwest 32nd Street" ], "highway": [ "residential" ] }, "geometry": { "type": "LineString", "coordinates": [ [ -123.28678, 44.57078 ], [ -123.28676, 44.56972 ] ] } },
{ "type": "Feature", "properties": { "component": 0, "name": [ "Northwest Van Buren Avenue" ], "highway": [ "residential" ] }, "geometry": { "type": "LineString", "coordinates": [ [ -123.28974, 44.57074 ], [ -123.29428, 44.57074 ] ] } },
{ "type": "Feature", "properties": { "component": 0, "name": [ "Northwest Van Buren Avenue" ], "highway": [ "residential" ] }, "geometry": { "type": "LineString", "coordinates": [ [ -123.28974, 44.57074 ], [ -123.28778, 44.57076 ] ] } },
{ "type": "Feature", "properties": { "component": 0, "name": [ "Northwest Van Buren Avenue" ], "highway": [ "residential" ] }, "geometry": { "type": "LineString", "coordinates": [ [ -123.29428, 44.57074 ], [ -123.28974, 44.57074 ] ] } },
{ "type": "Feature", "properties": { "component": 0, "name": [ "Northwest 8th Street" ], "highway": [ "residential" ] }, "geometry": { "type": "LineString", "coordinates": [ [ -123.26522, 44.56766 ], [ -123.26472, 44.56864 ] ] } },
{ "type": "Feature", "properties": { "component": 0, "name": [ "Northwest 8th Street" ], "highway": [ "residential" ] }, "geometry": { "type": "LineString", "coordinates": [ [ -123.26522, 44.56766 ], [ -123.26572, 44.5667 ] ] } },
{ "type": "Feature", "properties": { "component": 0, "name": [ "Northwest 11th Street" ], "highway": [ "residential" ] }, "geometry": { "type": "LineString", "coordinates": [ [ -123.2684, 44.56848 ], [ -123.26792, 44.56946 ] ] } },
{ "type": "Feature", "properties": { "component": 0, "name": [ "Northwest 11th Street" ], "highway": [ "residential" ] }, "geometry": { "type": "LineString", "coordinates": [ [ -123.2684, 44.56848 ], [ -123.2689, 44.5675 ] ] } },
{ "type": "Feature", "properties": { "component": 0, "name": [ "Northwest 12th Street" ], "highway": [ "residential" ] }, "geometry": { "type": "LineString", "coordinates": [ [ -123.26938, 44.56872 ], [ -123.26888, 44.5697 ] ] } },
{ "type": "Feature", "properties": { "component": 0, "name": [ "Northwest 12th Street" ], "highway": [ "residential" ] }, "geometry": { "type": "LineString", "coordinates": [ [ -123.26938, 44.56872 ], [ -123.26982, 44.5678 ] ] } },
{ "type": "Feature", "properties": { "component": 0, "name": [ "Northwest 15th Street" ], "highway": [ "residential" ] }, "geometry": { "type": "LineString", "coordinates": [ [ -123.27218, 44.56946 ], [ -123.27168, 44.57042 ] ] } },
{ "type": "Feature", "properties": { "component": 0, "name": [ "Northwest 15th Street" ], "highway": [ "residential" ] }, "geometry": { "type": "LineString", "coordinates": [ [ -123.27218, 44.56946 ], [ -123.27264, 44.56852 ] ] } },
{ "type": "Feature", "properties": { "component": 0, "name": [ "Northwest 16th Street" ], "highway": [ "residential" ] }, "geometry": { "type": "LineString", "coordinates": [ [ -123.2731, 44.56968 ], [ -123.2726, 44.57066 ] ] } },
{ "type": "Feature", "properties": { "component": 0, "name": [ "Northwest 16th Street" ], "highway": [ "residential" ] }, "geometry": { "type": "LineString", "coordinates": [ [ -123.2731, 44.56968 ], [ -123.27356, 44.56876 ] ] } },
{ "type": "Feature", "properties": { "component": 0, "name": [ "Northwest Van Buren Avenue" ], "highway": [ "residential" ] }, "geometry": { "type": "LineString", "coordinates": [ [ -123.2764, 44.57016 ], [ -123.2751, 44.5702 ] ] } },
{ "type": "Feature", "properties": { "component": 0, "name": [ "Northwest Van Buren Avenue" ], "highway": [ "residential" ] }, "geometry": { "type": "LineString", "coordinates": [ [ -123.2764, 44.57016 ], [ -123.27766, 44.5703 ] ] } },
{ "type": "Feature", "properties": { "component": 0, "name": [ "Northwest 23rd Street" ], "highway": [ "residential" ] }, "geometry": { "type": "LineString", "coordinates": [ [ -123.27766, 44.5703 ], [ -123.27768, 44.57164 ] ] } },
{ "type": "Feature", "properties": { "component": 0, "name": [ "Northwest 23rd Street" ], "highway": [ "residential" ] }, "geometry": { "type": "LineString", "coordinates": [ [ -123.27766, 44.5703 ], [ -123.27764, 44.56942 ] ] } },
{ "type": "Feature", "properties": { "component": 0, "name": [ "Northwest Van Buren Avenue" ], "highway": [ "residential" ] }, "geometry": { "type": "LineString", "coordinates": [ [ -123.27766, 44.5703 ], [ -123.2764, 44.57016 ] ] } },
{ "type": "Feature", "properties": { "component": 0, "name": [ "Northwest Van Buren Avenue" ], "highway": [ "residential" ] }, "geometry": { "type": "LineString", "coordinates": [ [ -123.27766, 44.5703 ], [ -123.27892, 44.57044 ] ] } },
{ "type": "Feature", "properties": { "component": 3, "name": [ "Northwest Romancier Drive" ], "highway": [ "residential" ] }, "geometry": { "type": "LineString", "coordinates": [ [ -123.30744, 44.59416 ], [ -123.3078, 44.59394 ] ] } },
{ "type": "Feature", "properties": { "component": 3, "name": [ "Magnolia Place" ], "highway": [ "residential" ] }, "geometry": { "type": "LineString", "coordinates": [ [ -123.30744, 44.59416 ], [ -123.30788, 44.5944 ] ] } },
{ "type": "Feature", "properties": { "component": 3, "name": [ "Northwest Romancier Drive" ], "highway": [ "residential" ] }, "geometry": { "type": "LineString", "coordinates": [ [ -123.30744, 44.59416 ], [ -123.30634, 44.59368 ] ] } },
{ "type": "Feature", "properties": { "component": 3, "name": [ "Magnolia Place" ], "highway": [ "residential" ] }, "geometry": { "type": "LineString", "coordinates": [ [ -123.30788, 44.5944 ], [ -123.30744, 44.59416 ] ] } },
{ "type": "Feature", "properties": { "component": 0, "name": [ "Northwest 23rd Street" ], "highway": [ "residential" ] }, "geometry": { "type": "LineString", "coordinates": [ [ -123.27764, 44.5685 ], [ -123.27764, 44.56942 ] ] } },
{ "type": "Feature", "properties": { "component": 0, "name": [ "Monroe Avenue" ], "highway": [ "tertiary" ] }, "geometry": { "type": "LineString", "coordinates": [ [ -123.27764, 44.5685 ], [ -123.27782, 44.56854 ] ] } },
{ "type": "Feature", "properties": { "component": 0, "name": [ "Monroe Avenue" ], "highway": [ "tertiary" ] }, "geometry": { "type": "LineString", "coordinates": [ [ -123.27764, 44.5685 ], [ -123.27636, 44.56822 ] ] } },
{ "type": "Feature", "properties": { "component": 0, "name": [ "Northwest 23rd Street" ], "highway": [ "residential" ] }, "geometry": { "type": "LineString", "coordinates": [ [ -123.27764, 44.56942 ], [ -123.27766, 44.5703 ] ] } },
{ "type": "Feature", "properties": { "component": 0, "name": [ "Northwest 23rd Street" ], "highway": [ "residential" ] }, "geometry": { "type": "LineString", "coordinates": [ [ -123.27764, 44.56942 ], [ -123.27764, 44.5685 ] ] } },
{ "type": "Feature", "properties": { "component": 0, "name": [ "Northwest Jackson Avenue" ], "highway": [ "residential" ] }, "geometry": { "type": "LineString", "coordinates": [ [ -123.27764, 44.56942 ], [ -123.27892, 44.5696 ] ] } },
{ "type": "Feature", "properties": { "component": 0, "name": [ "Northwest Jackson Avenue" ], "highway": [ "residential" ] }, "geometry": { "type": "LineString", "coordinates": [ [ -123.27764, 44.56942 ], [ -123.27638, 44.5692 ] ] } },
{ "type": "Feature", "properties": { "component": 0, "name": [ "Northwest 23rd Street" ], "highway": [ "residential" ] }, "geometry": { "type": "LineString", "coordinates": [ [ -123.27772, 44.57356 ], [ -123.27776, 44.5745 ] ] } },
{ "type": "Feature", "properties": { "component": 0, "name": [ "Northwest 23rd Street" ], "highway": [ "residential" ] }, "geometry": { "type": "LineString", "coordinates": [ [ -123.27772, 44.57356 ], [ -123.2777, 44.57262 ] ] } },
{ "type": "Feature", "properties": { "component": 0, "name": [ "Northwest Polk Avenue" ], "highway": [ "residential" ] }, "geometry": { "type": "LineString", "coordinates": [ [ -123.27772, 44.57356 ], [ -123.27646, 44.57348 ] ] } },
{ "type": "Feature", "properties": { "component": 0, "name": [ "Northwest 23rd Street" ], "highway": [ "residential" ] }, "geometry": { "type": "LineString", "coordinates": [ [ -123.27776, 44.5745 ], [ -123.27778, 44.57548 ] ] } },
{ "type": "Feature", "properties": { "component": 0, "name": [ "Northwest 23rd Street" ], "highway": [ "residential" ] }, "geometry": { "type": "LineString", "coordinates": [ [ -123.27776, 44.5745 ], [ -123.27772, 44.57356 ] ] } },
{ "type": "Feature", "properties": { "component": 0, "name": [ "Northwest Taylor Avenue" ], "highway": [ "residential" ] }, "geometry": { "type": "LineString", "coordinates": [ [ -123.27776, 44.5745 ], [ -123.27648, 44.5744 ] ] } },
{ "type": "Feature", "properties": { "component": 0, "name": [ "Northwest 23rd Street" ], "highway": [ "residential" ] }, "geometry": { "type": "LineString", "coordinates": [ [ -123.27784, 44.57862 ], [ -123.27782, 44.57706 ] ] } },
{ "type": "Feature", "properties": { "component": 0, "name": [ "Northwest 23rd Street" ], "highway": [ "residential" ] }, "geometry": { "type": "LineString", "coordinates": [ [ -123.27766, 44.57862 ], [ -123.27766, 44.5805 ] ] } },
{ "type": "Feature", "properties": { "component": 0, "name": [ "Northwest 23rd Street" ], "highway": [ "residential" ] }, "geometry": { "type": "LineString", "coordinates": [ [ -123.27766, 44.5805 ], [ -123.27768, 44.5816 ] ] } },
{ "type": "Feature", "properties": { "component": 0, "name": [ "Northwest 23rd Street" ], "highway": [ "residential" ] }, "geometry": { "type": "LineString", "coordinates": [ [ -123.27766, 44.5805 ], [ -123.27766, 44.57862 ] ] } },
{ "type": "Feature", "properties": { "component": 0, "name": [ "Northwest Mulkey Avenue" ], "highway": [ "residential" ] }, "geometry": { "type": "LineString", "coordinates": [ [ -123.27766, 44.5805 ], [ -123.28112, 44.58048 ] ] } },
{ "type": "Feature", "properties": { "component": 0, "name": [ "Northwest Mulkey Avenue" ], "highway": [ "residential" ] }, "geometry": { "type": "LineString", "coordinates": [ [ -123.27766, 44.5805 ], [ -123.27596, 44.58048 ] ] } },
{ "type": "Feature", "properties": { "component": 0, "name": [ "Northwest 23rd Street" ], "highway": [ "residential" ] }, "geometry": { "type": "LineString", "coordinates": [ [ -123.2777, 44.583 ], [ -123.27772, 44.58442 ] ] } },
{ "type": "Feature", "properties": { "component": 0, "name": [ "Northwest 23rd Street" ], "highway": [ "residential" ] }, "geometry": { "type": "LineString", "coordinates": [ [ -123.2777, 44.583 ], [ -123.27768, 44.5816 ] ] } },
{ "type": "Feature", "properties": { "component": 0, "name": [ "Northwest 23rd Street" ], "highway": [ "residential" ] }, "geometry": { "type": "LineString", "coordinates": [ [ -123.27772, 44.58506 ], [ -123.27772, 44.58442 ] ] } },
{ "type": "Feature", "properties": { "component": 0, "name": [ "Northwest Pierce Way" ], "highway": [ "residential" ] }, "geometry": { "type": "LineString", "coordinates": [ [ -123.26672, 44.57412 ], [ -123.26558, 44.57418 ] ] } },
{ "type": "Feature", "properties": { "component": 0, "name": "['Northwest 13th Street' 'Northwest Pierce Way']", "highway": [ "residential" ] }, "geometry": { "type": "LineString", "coordinates": [ [ -123.26672, 44.57412 ], [ -123.26776, 44.57406 ], [ -123.26802, 44.57356 ] ] } },
{ "type": "Feature", "properties": { "component": 0, "name": [ "Northwest 12th Street" ], "highway": [ "residential" ] }, "geometry": { "type": "LineString", "coordinates": [ [ -123.26672, 44.57412 ], [ -123.26708, 44.57334 ] ] } },
{ "type": "Feature", "properties": { "component": 0, "name": [ "Northwest Pierce Way" ], "highway": [ "residential" ] }, "geometry": { "type": "LineString", "coordinates": [ [ -123.26558, 44.57418 ], [ -123.26672, 44.57412 ] ] } },
{ "type": "Feature", "properties": { "component": 0, "name": [ "Northwest 11th Street" ], "highway": [ "residential" ] }, "geometry": { "type": "LineString", "coordinates": [ [ -123.26558, 44.57418 ], [ -123.26464, 44.5761 ] ] } },
{ "type": "Feature", "properties": { "component": 0, "name": [ "Northwest 11th Street" ], "highway": [ "residential" ] }, "geometry": { "type": "LineString", "coordinates": [ [ -123.26558, 44.57418 ], [ -123.26612, 44.57308 ] ] } },
{ "type": "Feature", "properties": { "component": 0, "name": [ "Northwest Mulkey Avenue" ], "highway": [ "residential" ] }, "geometry": { "type": "LineString", "coordinates": [ [ -123.27596, 44.58048 ], [ -123.27766, 44.5805 ] ] } },
{ "type": "Feature", "properties": { "component": 0, "name": [ "Northwest Mulkey Avenue" ], "highway": [ "residential" ] }, "geometry": { "type": "LineString", "coordinates": [ [ -123.28306, 44.5805 ], [ -123.28472, 44.58052 ] ] } },
{ "type": "Feature", "properties": { "component": 0, "name": [ "Northwest Mulkey Avenue" ], "highway": [ "residential" ] }, "geometry": { "type": "LineString", "coordinates": [ [ -123.28306, 44.5805 ], [ -123.28112, 44.58048 ] ] } },
{ "type": "Feature", "properties": { "component": 0, "name": [ "Northwest Mulkey Avenue" ], "highway": [ "residential" ] }, "geometry": { "type": "LineString", "coordinates": [ [ -123.28472, 44.58052 ], [ -123.28534, 44.58056 ] ] } },
{ "type": "Feature", "properties": { "component": 0, "name": [ "Northwest Mulkey Avenue" ], "highway": [ "residential" ] }, "geometry": { "type": "LineString", "coordinates": [ [ -123.28472, 44.58052 ], [ -123.28306, 44.5805 ] ] } },
{ "type": "Feature", "properties": { "component": 0, "name": "['Northwest 30th Street' 'Northwest Greeley Avenue']", "highway": [ "residential" ] }, "geometry": { "type": "LineString", "coordinates": [ [ -123.28472, 44.58052 ], [ -123.28466, 44.57962 ], [ -123.28306, 44.5796 ] ] } },
{ "type": "Feature", "properties": { "component": 0, "name": [ "Northwest Mulkey Avenue" ], "highway": [ "residential" ] }, "geometry": { "type": "LineString", "coordinates": [ [ -123.28534, 44.58056 ], [ -123.28472, 44.58052 ] ] } },
{ "type": "Feature", "properties": { "component": 0, "name": [ "Northwest 1st Street" ], "highway": [ "residential" ] }, "geometry": { "type": "LineString", "coordinates": [ [ -123.25826, 44.5648 ], [ -123.25784, 44.56566 ] ] } },
{ "type": "Feature", "properties": { "component": 0, "name": [ "Northwest 1st Street" ], "highway": [ "residential" ] }, "geometry": { "type": "LineString", "coordinates": [ [ -123.25826, 44.5648 ], [ -123.25876, 44.56382 ] ] } },
{ "type": "Feature", "properties": { "component": 0, "name": [ "Northwest Jackson Avenue" ], "highway": [ "residential" ] }, "geometry": { "type": "LineString", "coordinates": [ [ -123.25826, 44.5648 ], [ -123.25936, 44.56508 ] ] } },
{ "type": "Feature", "properties": { "component": 0, "name": [ "Northwest Estaview Circle" ], "highway": [ "residential" ] }, "geometry": { "type": "LineString", "coordinates": [ [ -123.29274, 44.59066 ], [ -123.29224, 44.59066 ] ] } },
{ "type": "Feature", "properties": { "component": 0, "name": [ "Northwest Estaview Circle" ], "highway": [ "residential" ] }, "geometry": { "type": "LineString", "coordinates": [ [ -123.29274, 44.59066 ], [ -123.29366, 44.59124 ] ] } },
{ "type": "Feature", "properties": { "component": 0, "name": [ "Northwest Estaview Circle" ], "highway": [ "residential" ] }, "geometry": { "type": "LineString", "coordinates": [ [ -123.29274, 44.59066 ], [ -123.2935, 44.5894 ] ] } },
{ "type": "Feature", "properties": { "component": 0, "name": [ "Northwest Estaview Circle" ], "highway": [ "residential" ] }, "geometry": { "type": "LineString", "coordinates": [ [ -123.29366, 44.59124 ], [ -123.2957, 44.59038 ] ] } },
{ "type": "Feature", "properties": { "component": 0, "name": [ "Northwest Estaview Circle" ], "highway": [ "residential" ] }, "geometry": { "type": "LineString", "coordinates": [ [ -123.29366, 44.59124 ], [ -123.29274, 44.59066 ] ] } },
{ "type": "Feature", "properties": { "component": 0, "name": [ "Northwest Estaview Circle" ], "highway": [ "residential" ] }, "geometry": { "type": "LineString", "coordinates": [ [ -123.29366, 44.59124 ], [ -123.29362, 44.59084 ] ] } },
{ "type": "Feature", "properties": { "component": 0, "name": [ "Northwest Estaview Circle" ], "highway": [ "residential" ] }, "geometry": { "type": "LineString", "coordinates": [ [ -123.29224, 44.59066 ], [ -123.29274, 44.59066 ] ] } },
{ "type": "Feature", "properties": { "component": 0, "name": [ "Northwest Estaview Circle" ], "highway": [ "residential" ] }, "geometry": { "type": "LineString", "coordinates": [ [ -123.29362, 44.59084 ], [ -123.29366, 44.59124 ] ] } },
{ "type": "Feature", "properties": { "component": 0, "name": [ "Southwest 14th Street" ], "highway": [ "residential" ] }, "geometry": { "type": "LineString", "coordinates": [ [ -123.27302, 44.55996 ], [ -123.2732, 44.56096 ] ] } },
{ "type": "Feature", "properties": { "component": 0, "name": [ "Southwest 14th Street" ], "highway": [ "residential" ] }, "geometry": { "type": "LineString", "coordinates": [ [ -123.2732, 44.56096 ], [ -123.27302, 44.55996 ] ] } },
{ "type": "Feature", "properties": { "component": 0, "name": [ "Southwest A Avenue" ], "highway": [ "residential" ] }, "geometry": { "type": "LineString", "coordinates": [ [ -123.2732, 44.56096 ], [ -123.2722, 44.56104 ] ] } },
{ "type": "Feature", "properties": { "component": 0, "name": [ "Southwest A Avenue" ], "highway": [ "residential" ] }, "geometry": { "type": "LineString", "coordinates": [ [ -123.2732, 44.56096 ], [ -123.27418, 44.56086 ] ] } },
{ "type": "Feature", "properties": { "component": 0, "name": [ "Northwest 20th Street" ], "highway": [ "residential" ] }, "geometry": { "type": "LineString", "coordinates": [ [ -123.27404, 44.57672 ], [ -123.27418, 44.57814 ] ] } },
{ "type": "Feature", "properties": { "component": 0, "name": [ "Northwest McKinley Place" ], "highway": [ "residential" ] }, "geometry": { "type": "LineString", "coordinates": [ [ -123.28562, 44.59062 ], [ -123.28562, 44.59024 ] ] } },
{ "type": "Feature", "properties": { "component": 3, "name": [ "Northwest Veronica Place" ], "highway": [ "residential" ] }, "geometry": { "type": "LineString", "coordinates": [ [ -123.30634, 44.59368 ], [ -123.30796, 44.5929 ] ] } },
{ "type": "Feature", "properties": { "component": 3, "name": [ "Northwest Romancier Drive" ], "highway": [ "residential" ] }, "geometry": { "type": "LineString", "coordinates": [ [ -123.30634, 44.59368 ], [ -123.30744, 44.59416 ] ] } },
{ "type": "Feature", "properties": { "component": 3, "name": [ "Northwest Romancier Drive" ], "highway": [ "residential" ] }, "geometry": { "type": "LineString", "coordinates": [ [ -123.30634, 44.59368 ], [ -123.30564, 44.59336 ] ] } },
{ "type": "Feature", "properties": { "component": 3, "name": [ "Northwest Veronica Place" ], "highway": [ "residential" ] }, "geometry": { "type": "LineString", "coordinates": [ [ -123.30796, 44.5929 ], [ -123.30634, 44.59368 ] ] } },
{ "type": "Feature", "properties": { "component": 0, "name": [ "Northwest Elizabeth Drive" ], "highway": [ "residential" ] }, "geometry": { "type": "LineString", "coordinates": [ [ -123.29618, 44.57322 ], [ -123.29534, 44.57388 ] ] } },
{ "type": "Feature", "properties": { "component": 0, "name": [ "Northwest Elizabeth Place" ], "highway": [ "residential" ] }, "geometry": { "type": "LineString", "coordinates": [ [ -123.29618, 44.57322 ], [ -123.29664, 44.57344 ] ] } },
{ "type": "Feature", "properties": { "component": 0, "name": [ "Northwest Elizabeth Place" ], "highway": [ "residential" ] }, "geometry": { "type": "LineString", "coordinates": [ [ -123.29618, 44.57322 ], [ -123.29524, 44.57278 ] ] } },
{ "type": "Feature", "properties": { "component": 0, "name": [ "Northwest Elizabeth Drive" ], "highway": [ "residential" ] }, "geometry": { "type": "LineString", "coordinates": [ [ -123.29534, 44.57388 ], [ -123.29618, 44.57322 ] ] } },
{ "type": "Feature", "properties": { "component": 0, "name": [ "Northwest Clarence Circle" ], "highway": [ "residential" ] }, "geometry": { "type": "LineString", "coordinates": [ [ -123.29534, 44.57388 ], [ -123.29574, 44.57416 ] ] } },
{ "type": "Feature", "properties": { "component": 0, "name": [ "Northwest Elizabeth Drive" ], "highway": [ "residential" ] }, "geometry": { "type": "LineString", "coordinates": [ [ -123.29534, 44.57388 ], [ -123.29442, 44.57458 ] ] } },
{ "type": "Feature", "properties": { "component": 0, "name": [ "Northwest Polk Avenue" ], "highway": [ "residential" ] }, "geometry": { "type": "LineString", "coordinates": [ [ -123.29442, 44.57458 ], [ -123.29342, 44.57424 ] ] } },
{ "type": "Feature", "properties": { "component": 0, "name": [ "Northwest Elizabeth Drive" ], "highway": [ "residential" ] }, "geometry": { "type": "LineString", "coordinates": [ [ -123.29442, 44.57458 ], [ -123.29406, 44.5763 ], [ -123.29326, 44.57636 ] ] } },
{ "type": "Feature", "properties": { "component": 0, "name": [ "Northwest Elizabeth Drive" ], "highway": [ "residential" ] }, "geometry": { "type": "LineString", "coordinates": [ [ -123.29442, 44.57458 ], [ -123.29534, 44.57388 ] ] } },
{ "type": "Feature", "properties": { "component": 0, "name": [ "Northwest Jonquil Place" ], "highway": [ "residential" ] }, "geometry": { "type": "LineString", "coordinates": [ [ -123.2701, 44.59522 ], [ -123.26886, 44.5951 ] ] } },
{ "type": "Feature", "properties": { "component": 3, "name": [ "Northwest Romancier Drive" ], "highway": [ "residential" ] }, "geometry": { "type": "LineString", "coordinates": [ [ -123.3078, 44.59394 ], [ -123.30794, 44.59386 ] ] } },
{ "type": "Feature", "properties": { "component": 3, "name": [ "Northwest Romancier Drive" ], "highway": [ "residential" ] }, "geometry": { "type": "LineString", "coordinates": [ [ -123.3078, 44.59394 ], [ -123.30744, 44.59416 ] ] } },
{ "type": "Feature", "properties": { "component": 3, "name": [ "Margarita Place" ], "highway": [ "residential" ] }, "geometry": { "type": "LineString", "coordinates": [ [ -123.3078, 44.59394 ], [ -123.30744, 44.5936 ] ] } },
{ "type": "Feature", "properties": { "component": 3, "name": [ "Margarita Place" ], "highway": [ "residential" ] }, "geometry": { "type": "LineString", "coordinates": [ [ -123.30744, 44.5936 ], [ -123.3078, 44.59394 ] ] } },
{ "type": "Feature", "properties": { "component": 1, "name": [ "Southeast Summerfield Drive" ], "highway": [ "residential" ] }, "geometry": { "type": "LineString", "coordinates": [ [ -123.26012, 44.53678 ], [ -123.2593, 44.53558 ] ] } },
{ "type": "Feature", "properties": { "component": 6, "name": [ "Northwest Chinaberry Place" ], "highway": [ "residential" ] }, "geometry": { "type": "LineString", "coordinates": [ [ -123.29484, 44.59416 ], [ -123.2951, 44.59368 ] ] } },
{ "type": "Feature", "properties": { "component": 6, "name": [ "Northwest Tamarack Drive" ], "highway": [ "residential" ] }, "geometry": { "type": "LineString", "coordinates": [ [ -123.29484, 44.59416 ], [ -123.294, 44.59406 ] ] } },
{ "type": "Feature", "properties": { "component": 6, "name": [ "Northwest Tamarack Drive" ], "highway": [ "residential" ] }, "geometry": { "type": "LineString", "coordinates": [ [ -123.29484, 44.59416 ], [ -123.29576, 44.59432 ] ] } },
{ "type": "Feature", "properties": { "component": 6, "name": [ "Northwest Chinaberry Place" ], "highway": [ "residential" ] }, "geometry": { "type": "LineString", "coordinates": [ [ -123.2951, 44.59368 ], [ -123.29484, 44.59416 ] ] } },
{ "type": "Feature", "properties": { "component": 0, "name": [ "Northwest Jackson Avenue" ], "highway": [ "residential" ] }, "geometry": { "type": "LineString", "coordinates": [ [ -123.2668, 44.56696 ], [ -123.26788, 44.56724 ] ] } },
{ "type": "Feature", "properties": { "component": 0, "name": [ "Northwest Jackson Avenue" ], "highway": [ "residential" ] }, "geometry": { "type": "LineString", "coordinates": [ [ -123.2668, 44.56696 ], [ -123.26572, 44.5667 ] ] } },
{ "type": "Feature", "properties": { "component": 0, "name": [ "Northwest Polk Avenue" ], "highway": [ "residential" ] }, "geometry": { "type": "LineString", "coordinates": [ [ -123.26488, 44.5708 ], [ -123.26598, 44.57108 ] ] } },
{ "type": "Feature", "properties": { "component": 5, "name": [ "Northwest Ponderosa Avenue" ], "highway": [ "residential" ] }, "geometry": { "type": "LineString", "coordinates": [ [ -123.25098, 44.59586 ], [ -123.25384, 44.5959 ] ] } },
{ "type": "Feature", "properties": { "component": 7, "name": [ "Northwest Huckleberry Place" ], "highway": [ "residential" ] }, "geometry": { "type": "LineString", "coordinates": [ [ -123.28802, 44.5987 ], [ -123.2888, 44.59868 ] ] } },
{ "type": "Feature", "properties": { "component": 7, "name": [ "Northwest Huckleberry Place" ], "highway": [ "residential" ] }, "geometry": { "type": "LineString", "coordinates": [ [ -123.2888, 44.59868 ], [ -123.29066, 44.5987 ] ] } },
{ "type": "Feature", "properties": { "component": 7, "name": [ "Northwest Huckleberry Place" ], "highway": [ "residential" ] }, "geometry": { "type": "LineString", "coordinates": [ [ -123.2888, 44.59868 ], [ -123.28802, 44.5987 ] ] } },
{ "type": "Feature", "properties": { "component": 7, "name": [ "Northwest Firefern Street" ], "highway": [ "residential" ] }, "geometry": { "type": "LineString", "coordinates": [ [ -123.2888, 44.59868 ], [ -123.28896, 44.59944 ] ] } },
{ "type": "Feature", "properties": { "component": 7, "name": [ "Northwest Huckleberry Place" ], "highway": [ "residential" ] }, "geometry": { "type": "LineString", "coordinates": [ [ -123.29066, 44.5987 ], [ -123.2888, 44.59868 ] ] } },
{ "type": "Feature", "properties": { "component": 0, "name": [ "Northwest Roosevelt Place" ], "highway": [ "residential" ] }, "geometry": { "type": "LineString", "coordinates": [ [ -123.28112, 44.5918 ], [ -123.28112, 44.59132 ] ] } },
{ "type": "Feature", "properties": { "component": 5, "name": [ "Northwest Survista Avenue" ], "highway": [ "residential" ] }, "geometry": { "type": "LineString", "coordinates": [ [ -123.25744, 44.59854 ], [ -123.25324, 44.59862 ], [ -123.253, 44.59796 ] ] } },
{ "type": "Feature", "properties": { "component": 6, "name": [ "Northwest Chinquapin Place" ], "highway": [ "residential" ] }, "geometry": { "type": "LineString", "coordinates": [ [ -123.29192, 44.59368 ], [ -123.29402, 44.59368 ] ] } },
{ "type": "Feature", "properties": { "component": 0, "name": [ "Northwest Wintergreen Place" ], "highway": [ "residential" ] }, "geometry": { "type": "LineString", "coordinates": [ [ -123.2685, 44.59698 ], [ -123.26924, 44.59734 ] ] } },
{ "type": "Feature", "properties": { "component": 0, "name": [ "Northwest Taylor Avenue" ], "highway": [ "residential" ] }, "geometry": { "type": "LineString", "coordinates": [ [ -123.29092, 44.57462 ], [ -123.28988, 44.57462 ] ] } },
{ "type": "Feature", "properties": { "component": 0, "name": [ "Northwest 12th Street" ], "highway": [ "residential" ] }, "geometry": { "type": "LineString", "coordinates": [ [ -123.26986, 44.56774 ], [ -123.26982, 44.5678 ] ] } },
{ "type": "Feature", "properties": { "component": 0, "name": [ "Northwest 12th Street" ], "highway": [ "residential" ] }, "geometry": { "type": "LineString", "coordinates": [ [ -123.26986, 44.56774 ], [ -123.27034, 44.56676 ] ] } },
{ "type": "Feature", "properties": { "component": 0, "name": [ "Northwest Jackson Avenue" ], "highway": [ "residential" ] }, "geometry": { "type": "LineString", "coordinates": [ [ -123.26986, 44.56774 ], [ -123.2689, 44.5675 ] ] } },
{ "type": "Feature", "properties": { "component": 0, "name": [ "Northwest 12th Street" ], "highway": [ "residential" ] }, "geometry": { "type": "LineString", "coordinates": [ [ -123.26982, 44.5678 ], [ -123.26938, 44.56872 ] ] } },
{ "type": "Feature", "properties": { "component": 0, "name": [ "Northwest 12th Street" ], "highway": [ "residential" ] }, "geometry": { "type": "LineString", "coordinates": [ [ -123.26982, 44.5678 ], [ -123.26986, 44.56774 ] ] } },
{ "type": "Feature", "properties": { "component": 0, "name": [ "Northwest Jackson Avenue" ], "highway": [ "residential" ] }, "geometry": { "type": "LineString", "coordinates": [ [ -123.26982, 44.5678 ], [ -123.27074, 44.56802 ] ] } },
{ "type": "Feature", "properties": { "component": 0, "name": [ "Northwest 12th Street" ], "highway": [ "residential" ] }, "geometry": { "type": "LineString", "coordinates": [ [ -123.26796, 44.57158 ], [ -123.26842, 44.57068 ] ] } },
{ "type": "Feature", "properties": { "component": 0, "name": [ "Northwest Polk Avenue" ], "highway": [ "residential" ] }, "geometry": { "type": "LineString", "coordinates": [ [ -123.26796, 44.57158 ], [ -123.26888, 44.5718 ] ] } },
{ "type": "Feature", "properties": { "component": 0, "name": [ "Northwest Polk Avenue" ], "highway": [ "residential" ] }, "geometry": { "type": "LineString", "coordinates": [ [ -123.26796, 44.57158 ], [ -123.267, 44.57134 ] ] } },
{ "type": "Feature", "properties": { "component": 0, "name": [ "Northwest 12th Street" ], "highway": [ "residential" ] }, "geometry": { "type": "LineString", "coordinates": [ [ -123.26796, 44.57158 ], [ -123.26752, 44.57246 ] ] } },
{ "type": "Feature", "properties": { "component": 0, "name": [ "Northwest Taylor Avenue" ], "highway": [ "residential" ] }, "geometry": { "type": "LineString", "coordinates": [ [ -123.26752, 44.57246 ], [ -123.26844, 44.57268 ] ] } },
{ "type": "Feature", "properties": { "component": 0, "name": [ "Northwest Taylor Avenue" ], "highway": [ "residential" ] }, "geometry": { "type": "LineString", "coordinates": [ [ -123.26752, 44.57246 ], [ -123.26656, 44.5722 ] ] } },
{ "type": "Feature", "properties": { "component": 0, "name": [ "Northwest 12th Street" ], "highway": [ "residential" ] }, "geometry": { "type": "LineString", "coordinates": [ [ -123.26752, 44.57246 ], [ -123.26708, 44.57334 ] ] } },
{ "type": "Feature", "properties": { "component": 0, "name": [ "Northwest 12th Street" ], "highway": [ "residential" ] }, "geometry": { "type": "LineString", "coordinates": [ [ -123.26752, 44.57246 ], [ -123.26796, 44.57158 ] ] } },
{ "type": "Feature", "properties": { "component": 0, "name": [ "Northwest 12th Street" ], "highway": [ "residential" ] }, "geometry": { "type": "LineString", "coordinates": [ [ -123.26474, 44.57962 ], [ -123.26476, 44.58308 ] ] } },
{ "type": "Feature", "properties": { "component": 0, "name": [ "Northwest 12th Street" ], "highway": [ "residential" ] }, "geometry": { "type": "LineString", "coordinates": [ [ -123.26474, 44.57962 ], [ -123.26474, 44.57822 ] ] } },
{ "type": "Feature", "properties": { "component": 0, "name": [ "Northwest 12th Street" ], "highway": [ "residential" ] }, "geometry": { "type": "LineString", "coordinates": [ [ -123.26476, 44.58308 ], [ -123.26474, 44.57962 ] ] } },
{ "type": "Feature", "properties": { "component": 7, "name": [ "Northwest Shooting Star Drive" ], "highway": [ "residential" ] }, "geometry": { "type": "LineString", "coordinates": [ [ -123.28554, 44.5987 ], [ -123.2862, 44.5994 ] ] } },
{ "type": "Feature", "properties": { "component": 7, "name": [ "Northwest Shooting Star Drive" ], "highway": [ "residential" ] }, "geometry": { "type": "LineString", "coordinates": [ [ -123.28554, 44.5987 ], [ -123.28502, 44.59822 ] ] } },
{ "type": "Feature", "properties": { "component": 7, "name": [ "Northwest Daylily Avenue" ], "highway": [ "residential" ] }, "geometry": { "type": "LineString", "coordinates": [ [ -123.28554, 44.5987 ], [ -123.28794, 44.59784 ] ] } },
{ "type": "Feature", "properties": { "component": 9, "name": [ "Southeast Ryan Street" ], "highway": [ "residential" ] }, "geometry": { "type": "LineString", "coordinates": [ [ -123.25842, 44.53964 ], [ -123.25858, 44.5405 ] ] } },
{ "type": "Feature", "properties": { "component": 9, "name": [ "Southeast Bell Avenue" ], "highway": [ "residential" ] }, "geometry": { "type": "LineString", "coordinates": [ [ -123.25842, 44.53964 ], [ -123.25618, 44.53968 ] ] } },
{ "type": "Feature", "properties": { "component": 9, "name": [ "Southeast Bell Avenue" ], "highway": [ "residential" ] }, "geometry": { "type": "LineString", "coordinates": [ [ -123.25842, 44.53964 ], [ -123.26042, 44.53962 ] ] } },
{ "type": "Feature", "properties": { "component": 9, "name": [ "Southeast Ryan Street" ], "highway": [ "residential" ] }, "geometry": { "type": "LineString", "coordinates": [ [ -123.25862, 44.54108 ], [ -123.25862, 44.5417 ] ] } },
{ "type": "Feature", "properties": { "component": 9, "name": [ "Southeast Ryan Street" ], "highway": [ "residential" ] }, "geometry": { "type": "LineString", "coordinates": [ [ -123.25862, 44.54108 ], [ -123.25858, 44.5405 ] ] } },
{ "type": "Feature", "properties": { "component": 9, "name": "['Southeast Powell Avenue' 'Southeast Currier Street'\n 'Southeast Denman Avenue']", "highway": [ "residential" ] }, "geometry": { "type": "LineString", "coordinates": [ [ -123.25862, 44.54108 ], [ -123.25682, 44.54102 ], [ -123.25684, 44.54054 ], [ -123.25858, 44.5405 ] ] } },
{ "type": "Feature", "properties": { "component": 9, "name": [ "Southeast Ryan Street" ], "highway": [ "residential" ] }, "geometry": { "type": "LineString", "coordinates": [ [ -123.25862, 44.54246 ], [ -123.25862, 44.5417 ] ] } },
{ "type": "Feature", "properties": { "component": 9, "name": [ "Southeast Ryan Street" ], "highway": [ "residential" ] }, "geometry": { "type": "LineString", "coordinates": [ [ -123.25862, 44.54246 ], [ -123.25862, 44.5432 ] ] } },
{ "type": "Feature", "properties": { "component": 9, "name": [ "Southeast Richland Avenue" ], "highway": [ "residential" ] }, "geometry": { "type": "LineString", "coordinates": [ [ -123.25862, 44.54246 ], [ -123.2569, 44.54246 ] ] } },
{ "type": "Feature", "properties": { "component": 9, "name": [ "Southeast Ryan Street" ], "highway": [ "residential" ] }, "geometry": { "type": "LineString", "coordinates": [ [ -123.25862, 44.5432 ], [ -123.25862, 44.54358 ] ] } },
{ "type": "Feature", "properties": { "component": 9, "name": [ "Southeast Ryan Street" ], "highway": [ "residential" ] }, "geometry": { "type": "LineString", "coordinates": [ [ -123.25862, 44.5432 ], [ -123.25862, 44.54246 ] ] } },
{ "type": "Feature", "properties": { "component": 9, "name": [ "Southeast Mason Place" ], "highway": [ "residential" ] }, "geometry": { "type": "LineString", "coordinates": [ [ -123.25862, 44.5432 ], [ -123.25754, 44.54314 ] ] } },
{ "type": "Feature", "properties": { "component": 9, "name": [ "Southeast Ryan Street" ], "highway": [ "residential" ] }, "geometry": { "type": "LineString", "coordinates": [ [ -123.25862, 44.54524 ], [ -123.25862, 44.54418 ] ] } },
{ "type": "Feature", "properties": { "component": 0, "name": [ "Northwest Douglas Place" ], "highway": [ "residential" ] }, "geometry": { "type": "LineString", "coordinates": [ [ -123.29712, 44.58676 ], [ -123.29716, 44.58606 ] ] } },
{ "type": "Feature", "properties": { "component": 0, "name": [ "Northwest Douglas Place" ], "highway": [ "residential" ] }, "geometry": { "type": "LineString", "coordinates": [ [ -123.29712, 44.58676 ], [ -123.29708, 44.58696 ], [ -123.29688, 44.58698 ], [ -123.29688, 44.5869 ], [ -123.29712, 44.58676 ] ] } },
{ "type": "Feature", "properties": { "component": 0, "name": [ "Northwest Douglas Place" ], "highway": [ "residential" ] }, "geometry": { "type": "LineString", "coordinates": [ [ -123.29712, 44.58676 ], [ -123.29688, 44.5869 ], [ -123.29688, 44.58698 ], [ -123.29708, 44.58696 ], [ -123.29712, 44.58676 ] ] } },
{ "type": "Feature", "properties": { "component": 6, "name": [ "Northwest Ginseng Place" ], "highway": [ "residential" ] }, "geometry": { "type": "LineString", "coordinates": [ [ -123.29668, 44.59456 ], [ -123.29772, 44.59374 ] ] } },
{ "type": "Feature", "properties": { "component": 6, "name": [ "Northwest Tamarack Drive" ], "highway": [ "residential" ] }, "geometry": { "type": "LineString", "coordinates": [ [ -123.29668, 44.59456 ], [ -123.29576, 44.59432 ] ] } },
{ "type": "Feature", "properties": { "component": 6, "name": [ "Northwest Tamarack Drive" ], "highway": [ "residential" ] }, "geometry": { "type": "LineString", "coordinates": [ [ -123.29668, 44.59456 ], [ -123.29746, 44.59532 ], [ -123.29726, 44.59618 ] ] } },
{ "type": "Feature", "properties": { "component": 6, "name": [ "Northwest Ginseng Place" ], "highway": [ "residential" ] }, "geometry": { "type": "LineString", "coordinates": [ [ -123.29772, 44.59374 ], [ -123.29668, 44.59456 ] ] } },
{ "type": "Feature", "properties": { "component": 0, "name": [ "Northwest 27th Place" ], "highway": [ "residential" ] }, "geometry": { "type": "LineString", "coordinates": [ [ -123.2823, 44.5891 ], [ -123.28174, 44.5892 ] ] } },
{ "type": "Feature", "properties": { "component": 0, "name": [ "Northwest Jameson Place" ], "highway": [ "residential" ] }, "geometry": { "type": "LineString", "coordinates": [ [ -123.2919, 44.58636 ], [ -123.2919, 44.58572 ] ] } },
{ "type": "Feature", "properties": { "component": 0, "name": [ "Northwest Division Place" ], "highway": [ "residential" ] }, "geometry": { "type": "LineString", "coordinates": [ [ -123.26048, 44.58664 ], [ -123.26128, 44.58664 ] ] } },
{ "type": "Feature", "properties": { "component": 0, "name": [ "Southwest C Avenue" ], "highway": [ "residential" ] }, "geometry": { "type": "LineString", "coordinates": [ [ -123.26496, 44.5576 ], [ -123.26552, 44.55774 ] ] } },
{ "type": "Feature", "properties": { "component": 0, "name": "Unnamed street", "highway": [ "cycleway" ] }, "geometry": { "type": "LineString", "coordinates": [ [ -123.26496, 44.5576 ], [ -123.26468, 44.55762 ] ] } },
{ "type": "Feature", "properties": { "component": 0, "name": [ "Southwest C Avenue" ], "highway": [ "residential" ] }, "geometry": { "type": "LineString", "coordinates": [ [ -123.26552, 44.55774 ], [ -123.26656, 44.558 ] ] } },
{ "type": "Feature", "properties": { "component": 0, "name": [ "Southwest C Avenue" ], "highway": [ "residential" ] }, "geometry": { "type": "LineString", "coordinates": [ [ -123.26552, 44.55774 ], [ -123.26496, 44.5576 ] ] } },
{ "type": "Feature", "properties": { "component": 0, "name": [ "Northwest 17th Place" ], "highway": [ "residential" ] }, "geometry": { "type": "LineString", "coordinates": [ [ -123.27182, 44.58114 ], [ -123.27138, 44.58114 ] ] } },
{ "type": "Feature", "properties": { "component": 3, "name": [ "Northwest Acey Way" ], "highway": [ "residential" ] }, "geometry": { "type": "LineString", "coordinates": [ [ -123.30376, 44.59294 ], [ -123.3045, 44.59256 ] ] } },
{ "type": "Feature", "properties": { "component": 3, "name": [ "Northwest Kinderman Drive" ], "highway": [ "residential" ] }, "geometry": { "type": "LineString", "coordinates": [ [ -123.30376, 44.59294 ], [ -123.30342, 44.5926 ] ] } },
{ "type": "Feature", "properties": { "component": 3, "name": [ "Northwest Acey Place" ], "highway": [ "residential" ] }, "geometry": { "type": "LineString", "coordinates": [ [ -123.30376, 44.59294 ], [ -123.30286, 44.59332 ] ] } },
{ "type": "Feature", "properties": { "component": 3, "name": [ "Northwest Acey Way" ], "highway": [ "residential" ] }, "geometry": { "type": "LineString", "coordinates": [ [ -123.3045, 44.59256 ], [ -123.30376, 44.59294 ] ] } },
{ "type": "Feature", "properties": { "component": 3, "name": [ "Northwest Acey Way" ], "highway": [ "residential" ] }, "geometry": { "type": "LineString", "coordinates": [ [ -123.3045, 44.59256 ], [ -123.30612, 44.59138 ] ] } },
{ "type": "Feature", "properties": { "component": 3, "name": [ "Northwest Romancier Drive" ], "highway": [ "residential" ] }, "geometry": { "type": "LineString", "coordinates": [ [ -123.3045, 44.59256 ], [ -123.30492, 44.59294 ] ] } },
{ "type": "Feature", "properties": { "component": 3, "name": [ "Northwest Kinderman Drive" ], "highway": [ "residential" ] }, "geometry": { "type": "LineString", "coordinates": [ [ -123.30342, 44.5926 ], [ -123.30376, 44.59294 ] ] } },
{ "type": "Feature", "properties": { "component": 3, "name": [ "Northwest Kinderman Drive" ], "highway": [ "residential" ] }, "geometry": { "type": "LineString", "coordinates": [ [ -123.30342, 44.5926 ], [ -123.30386, 44.59208 ] ] } },
{ "type": "Feature", "properties": { "component": 3, "name": [ "Northwest Jean Place" ], "highway": [ "residential" ] }, "geometry": { "type": "LineString", "coordinates": [ [ -123.30342, 44.5926 ], [ -123.3029, 44.59256 ] ] } },
{ "type": "Feature", "properties": { "component": 0, "name": [ "Northwest 33rd Street" ], "highway": [ "residential" ] }, "geometry": { "type": "LineString", "coordinates": [ [ -123.28794, 44.5679 ], [ -123.28794, 44.56858 ] ] } },
{ "type": "Feature", "properties": { "component": 0, "name": [ "Northwest Orchard Avenue" ], "highway": [ "residential" ] }, "geometry": { "type": "LineString", "coordinates": [ [ -123.28794, 44.5679 ], [ -123.28896, 44.56788 ] ] } },
{ "type": "Feature", "properties": { "component": 0, "name": [ "Northwest Orchard Avenue" ], "highway": [ "residential" ] }, "geometry": { "type": "LineString", "coordinates": [ [ -123.28794, 44.5679 ], [ -123.28456, 44.5679 ] ] } },
{ "type": "Feature", "properties": { "component": 0, "name": [ "Northwest 33rd Street" ], "highway": [ "residential" ] }, "geometry": { "type": "LineString", "coordinates": [ [ -123.28786, 44.57464 ], [ -123.28786, 44.57554 ] ] } },
{ "type": "Feature", "properties": { "component": 0, "name": [ "Northwest 33rd Street" ], "highway": [ "residential" ] }, "geometry": { "type": "LineString", "coordinates": [ [ -123.28786, 44.57464 ], [ -123.28784, 44.57368 ] ] } },
{ "type": "Feature", "properties": { "component": 0, "name": [ "Northwest Taylor Avenue" ], "highway": [ "residential" ] }, "geometry": { "type": "LineString", "coordinates": [ [ -123.28786, 44.57464 ], [ -123.28684, 44.57464 ] ] } },
{ "type": "Feature", "properties": { "component": 0, "name": [ "Northwest Taylor Avenue" ], "highway": [ "residential" ] }, "geometry": { "type": "LineString", "coordinates": [ [ -123.28786, 44.57464 ], [ -123.28886, 44.57462 ] ] } },
{ "type": "Feature", "properties": { "component": 0, "name": [ "Northwest 33rd Street" ], "highway": [ "residential" ] }, "geometry": { "type": "LineString", "coordinates": [ [ -123.2879, 44.57874 ], [ -123.2879, 44.57714 ] ] } },
{ "type": "Feature", "properties": { "component": 3, "name": [ "Northwest Acey Place" ], "highway": [ "residential" ] }, "geometry": { "type": "LineString", "coordinates": [ [ -123.30286, 44.59332 ], [ -123.30376, 44.59294 ] ] } },
{ "type": "Feature", "properties": { "component": 0, "name": [ "Monroe Avenue" ], "highway": [ "tertiary" ] }, "geometry": { "type": "LineString", "coordinates": [ [ -123.27782, 44.56854 ], [ -123.27894, 44.5688 ] ] } },
{ "type": "Feature", "properties": { "component": 0, "name": [ "Monroe Avenue" ], "highway": [ "tertiary" ] }, "geometry": { "type": "LineString", "coordinates": [ [ -123.27782, 44.56854 ], [ -123.27764, 44.5685 ] ] } },
{ "type": "Feature", "properties": { "component": 0, "name": [ "Southwest 7th Street" ], "highway": [ "residential" ] }, "geometry": { "type": "LineString", "coordinates": [ [ -123.2672, 44.56152 ], [ -123.26668, 44.5625 ] ] } },
{ "type": "Feature", "properties": { "component": 0, "name": [ "Southwest 7th Street" ], "highway": [ "residential" ] }, "geometry": { "type": "LineString", "coordinates": [ [ -123.2672, 44.56152 ], [ -123.2675, 44.5609 ] ] } },
{ "type": "Feature", "properties": { "component": 0, "name": [ "Southwest 7th Street" ], "highway": [ "residential" ] }, "geometry": { "type": "LineString", "coordinates": [ [ -123.26616, 44.56348 ], [ -123.26668, 44.5625 ] ] } },
{ "type": "Feature", "properties": { "component": 0, "name": [ "Northwest 15th Street" ], "highway": [ "residential" ] }, "geometry": { "type": "LineString", "coordinates": [ [ -123.27264, 44.56852 ], [ -123.27218, 44.56946 ] ] } },
{ "type": "Feature", "properties": { "component": 0, "name": [ "Northwest 15th Street" ], "highway": [ "residential" ] }, "geometry": { "type": "LineString", "coordinates": [ [ -123.27264, 44.56852 ], [ -123.27316, 44.56744 ] ] } },
{ "type": "Feature", "properties": { "component": 0, "name": [ "Northwest Jackson Avenue" ], "highway": [ "residential" ] }, "geometry": { "type": "LineString", "coordinates": [ [ -123.27264, 44.56852 ], [ -123.27168, 44.56828 ] ] } },
{ "type": "Feature", "properties": { "component": 0, "name": [ "Northwest Jackson Avenue" ], "highway": [ "residential" ] }, "geometry": { "type": "LineString", "coordinates": [ [ -123.27264, 44.56852 ], [ -123.27356, 44.56876 ] ] } },
{ "type": "Feature", "properties": { "component": 0, "name": [ "Northwest 15th Street" ], "highway": [ "residential" ] }, "geometry": { "type": "LineString", "coordinates": [ [ -123.27076, 44.57228 ], [ -123.27032, 44.57316 ] ] } },
{ "type": "Feature", "properties": { "component": 0, "name": [ "Northwest 15th Street" ], "highway": [ "residential" ] }, "geometry": { "type": "LineString", "coordinates": [ [ -123.27076, 44.57228 ], [ -123.2712, 44.57138 ] ] } },
{ "type": "Feature", "properties": { "component": 0, "name": [ "Northwest Polk Avenue" ], "highway": [ "residential" ] }, "geometry": { "type": "LineString", "coordinates": [ [ -123.27076, 44.57228 ], [ -123.27168, 44.57252 ] ] } },
{ "type": "Feature", "properties": { "component": 0, "name": [ "Northwest Polk Avenue" ], "highway": [ "residential" ] }, "geometry": { "type": "LineString", "coordinates": [ [ -123.27076, 44.57228 ], [ -123.26982, 44.57204 ] ] } },
{ "type": "Feature", "properties": { "component": 0, "name": "['Northwest Fillmore Avenue' 'Northwest 15th Street']", "highway": [ "residential" ] }, "geometry": { "type": "LineString", "coordinates": [ [ -123.27032, 44.57316 ], [ -123.2699, 44.574 ], [ -123.26896, 44.5738 ] ] } },
{ "type": "Feature", "properties": { "component": 0, "name": [ "Northwest 15th Street" ], "highway": [ "residential" ] }, "geometry": { "type": "LineString", "coordinates": [ [ -123.27032, 44.57316 ], [ -123.27076, 44.57228 ] ] } },
{ "type": "Feature", "properties": { "component": 0, "name": [ "Northwest Taylor Avenue" ], "highway": [ "residential" ] }, "geometry": { "type": "LineString", "coordinates": [ [ -123.27032, 44.57316 ], [ -123.27126, 44.5734 ] ] } },
{ "type": "Feature", "properties": { "component": 0, "name": [ "Northwest Taylor Avenue" ], "highway": [ "residential" ] }, "geometry": { "type": "LineString", "coordinates": [ [ -123.27032, 44.57316 ], [ -123.26938, 44.57292 ] ] } },
{ "type": "Feature", "properties": { "component": 0, "name": [ "Northwest 15th Street" ], "highway": [ "residential" ] }, "geometry": { "type": "LineString", "coordinates": [ [ -123.26924, 44.57958 ], [ -123.26928, 44.5807 ] ] } },
{ "type": "Feature", "properties": { "component": 0, "name": [ "Northwest 15th Street" ], "highway": [ "residential" ] }, "geometry": { "type": "LineString", "coordinates": [ [ -123.26924, 44.57958 ], [ -123.26922, 44.57818 ] ] } },
{ "type": "Feature", "properties": { "component": 0, "name": [ "Northwest Forestgreen Avenue" ], "highway": [ "residential" ] }, "geometry": { "type": "LineString", "coordinates": [ [ -123.27604, 44.58996 ], [ -123.27298, 44.5903 ] ] } },
{ "type": "Feature", "properties": { "component": 0, "name": "['Northwest Forestgreen Avenue' 'Northwest 14th Street']", "highway": [ "residential" ] }, "geometry": { "type": "LineString", "coordinates": [ [ -123.26938, 44.59002 ], [ -123.26834, 44.59 ], [ -123.26832, 44.58864 ] ] } },
{ "type": "Feature", "properties": { "component": 0, "name": [ "Northwest Forestgreen Avenue" ], "highway": [ "residential" ] }, "geometry": { "type": "LineString", "coordinates": [ [ -123.26938, 44.59002 ], [ -123.2726, 44.59004 ] ] } },
{ "type": "Feature", "properties": { "component": 0, "name": [ "Northwest Garryanna Street" ], "highway": [ "residential" ] }, "geometry": { "type": "LineString", "coordinates": [ [ -123.26938, 44.59002 ], [ -123.2694, 44.5894 ] ] } },
{ "type": "Feature", "properties": { "component": 0, "name": [ "Northwest Garryanna Street" ], "highway": [ "residential" ] }, "geometry": { "type": "LineString", "coordinates": [ [ -123.26938, 44.59002 ], [ -123.26928, 44.59072 ] ] } },
{ "type": "Feature", "properties": { "component": 5, "name": [ "Northwest Autumn Place" ], "highway": [ "residential" ] }, "geometry": { "type": "LineString", "coordinates": [ [ -123.25066, 44.59968 ], [ -123.25174, 44.59934 ] ] } },
{ "type": "Feature", "properties": { "component": 0, "name": [ "Northwest Jackson Avenue" ], "highway": [ "residential" ] }, "geometry": { "type": "LineString", "coordinates": [ [ -123.28464, 44.56974 ], [ -123.2857, 44.56974 ] ] } },
{ "type": "Feature", "properties": { "component": 0, "name": [ "Northwest Jackson Avenue" ], "highway": [ "residential" ] }, "geometry": { "type": "LineString", "coordinates": [ [ -123.28464, 44.56974 ], [ -123.28362, 44.56974 ] ] } },
{ "type": "Feature", "properties": { "component": 0, "name": [ "Northwest 30th Street" ], "highway": [ "residential" ] }, "geometry": { "type": "LineString", "coordinates": [ [ -123.28464, 44.5737 ], [ -123.28462, 44.57464 ] ] } },
{ "type": "Feature", "properties": { "component": 0, "name": [ "Northwest Polk Avenue" ], "highway": [ "residential" ] }, "geometry": { "type": "LineString", "coordinates": [ [ -123.28464, 44.5737 ], [ -123.28336, 44.5737 ] ] } },
{ "type": "Feature", "properties": { "component": 0, "name": [ "Northwest 30th Street" ], "highway": [ "residential" ] }, "geometry": { "type": "LineString", "coordinates": [ [ -123.28464, 44.5737 ], [ -123.28468, 44.57274 ] ] } },
{ "type": "Feature", "properties": { "component": 0, "name": [ "Northwest Polk Avenue" ], "highway": [ "residential" ] }, "geometry": { "type": "LineString", "coordinates": [ [ -123.28464, 44.5737 ], [ -123.28582, 44.5737 ] ] } },
{ "type": "Feature", "properties": { "component": 0, "name": [ "Northwest 30th Street" ], "highway": [ "residential" ] }, "geometry": { "type": "LineString", "coordinates": [ [ -123.28462, 44.57464 ], [ -123.2846, 44.57554 ] ] } },
{ "type": "Feature", "properties": { "component": 0, "name": [ "Northwest 30th Street" ], "highway": [ "residential" ] }, "geometry": { "type": "LineString", "coordinates": [ [ -123.28462, 44.57464 ], [ -123.28464, 44.5737 ] ] } },
{ "type": "Feature", "properties": { "component": 0, "name": [ "Northwest Taylor Avenue" ], "highway": [ "residential" ] }, "geometry": { "type": "LineString", "coordinates": [ [ -123.28462, 44.57464 ], [ -123.28584, 44.57464 ] ] } },
{ "type": "Feature", "properties": { "component": 0, "name": [ "Northwest Taylor Avenue" ], "highway": [ "residential" ] }, "geometry": { "type": "LineString", "coordinates": [ [ -123.28462, 44.57464 ], [ -123.2833, 44.57462 ] ] } },
{ "type": "Feature", "properties": { "component": 0, "name": [ "Northwest 30th Street" ], "highway": [ "residential" ] }, "geometry": { "type": "LineString", "coordinates": [ [ -123.2845, 44.5787 ], [ -123.28454, 44.57712 ] ] } },
{ "type": "Feature", "properties": { "component": 1, "name": [ "Centerpointe Drive" ], "highway": [ "residential" ] }, "geometry": { "type": "LineString", "coordinates": [ [ -123.26056, 44.53318 ], [ -123.25816, 44.53304 ], [ -123.25752, 44.53208 ], [ -123.25664, 44.53184 ] ] } },
{ "type": "Feature", "properties": { "component": 1, "name": [ "Southeast Summerfield Drive" ], "highway": [ "residential" ] }, "geometry": { "type": "LineString", "coordinates": [ [ -123.26056, 44.53318 ], [ -123.26022, 44.53384 ] ] } },
{ "type": "Feature", "properties": { "component": 1, "name": [ "Southeast Summerfield Drive" ], "highway": [ "residential" ] }, "geometry": { "type": "LineString", "coordinates": [ [ -123.26056, 44.53318 ], [ -123.26078, 44.5311 ] ] } },
{ "type": "Feature", "properties": { "component": 3, "name": [ "Northwest Bruno Place" ], "highway": [ "residential" ] }, "geometry": { "type": "LineString", "coordinates": [ [ -123.30654, 44.59068 ], [ -123.30582, 44.5906 ] ] } },
{ "type": "Feature", "properties": { "component": 3, "name": [ "Northwest Bruno Place" ], "highway": [ "residential" ] }, "geometry": { "type": "LineString", "coordinates": [ [ -123.30582, 44.5906 ], [ -123.30488, 44.59066 ] ] } },
{ "type": "Feature", "properties": { "component": 3, "name": [ "Northwest Bruno Place" ], "highway": [ "residential" ] }, "geometry": { "type": "LineString", "coordinates": [ [ -123.30582, 44.5906 ], [ -123.30654, 44.59068 ] ] } },
{ "type": "Feature", "properties": { "component": 3, "name": [ "Northwest Bruno Place" ], "highway": [ "residential" ] }, "geometry": { "type": "LineString", "coordinates": [ [ -123.30582, 44.5906 ], [ -123.30576, 44.5899 ] ] } },
{ "type": "Feature", "properties": { "component": 3, "name": [ "Northwest Bruno Place" ], "highway": [ "residential" ] }, "geometry": { "type": "LineString", "coordinates": [ [ -123.30576, 44.5899 ], [ -123.30582, 44.5906 ] ] } },
{ "type": "Feature", "properties": { "component": 0, "name": [ "Northwest Garryanna Street" ], "highway": [ "residential" ] }, "geometry": { "type": "LineString", "coordinates": [ [ -123.26886, 44.59262 ], [ -123.26914, 44.59208 ] ] } },
{ "type": "Feature", "properties": { "component": 0, "name": [ "Northwest Garryanna Street" ], "highway": [ "residential" ] }, "geometry": { "type": "LineString", "coordinates": [ [ -123.26886, 44.59262 ], [ -123.26882, 44.59276 ] ] } },
{ "type": "Feature", "properties": { "component": 0, "name": [ "Northwest Green Circle" ], "highway": [ "residential" ] }, "geometry": { "type": "LineString", "coordinates": [ [ -123.26886, 44.59262 ], [ -123.27002, 44.59252 ], [ -123.27026, 44.59158 ], [ -123.26936, 44.59138 ] ] } },
{ "type": "Feature", "properties": { "component": 0, "name": [ "Northwest Garryanna Street" ], "highway": [ "residential" ] }, "geometry": { "type": "LineString", "coordinates": [ ] } },
{ "type": "Feature", "properties": { "component": 0, "name": [ "Northwest Green Circle" ], "highway": [ "residential" ] }, "geometry": { "type": "LineString", "coordinates": [ [ -123.26936, 44.59138 ], [ -123.27026, 44.59158 ], [ -123.27002, 44.59252 ], [ -123.26886, 44.59262 ] ] } },
{ "type": "Feature", "properties": { "component": 0, "name": [ "Northwest Garryanna Street" ], "highway": [ "residential" ] }, "geometry": { "type": "LineString", "coordinates": [ [ -123.26936, 44.59138 ], [ -123.26914, 44.59208 ] ] } },
{ "type": "Feature", "properties": { "component": 0, "name": [ "Northwest Jackson Avenue" ], "highway": [ "residential" ] }, "geometry": { "type": "LineString", "coordinates": [ [ -123.27508, 44.56898 ], [ -123.27638, 44.5692 ] ] } },
{ "type": "Feature", "properties": { "component": 0, "name": [ "Northwest Jackson Avenue" ], "highway": [ "residential" ] }, "geometry": { "type": "LineString", "coordinates": [ [ -123.27508, 44.56914 ], [ -123.2745, 44.569 ] ] } },
{ "type": "Feature", "properties": { "component": 0, "name": [ "Northwest Polk Avenue" ], "highway": [ "residential" ] }, "geometry": { "type": "LineString", "coordinates": [ [ -123.2752, 44.5734 ], [ -123.2745, 44.57322 ] ] } },
{ "type": "Feature", "properties": { "component": 0, "name": [ "Northwest Polk Avenue" ], "highway": [ "residential" ] }, "geometry": { "type": "LineString", "coordinates": [ [ -123.2752, 44.5734 ], [ -123.27646, 44.57348 ] ] } },
{ "type": "Feature", "properties": { "component": 0, "name": [ "Northwest Taylor Avenue" ], "highway": [ "residential" ] }, "geometry": { "type": "LineString", "coordinates": [ [ -123.27522, 44.57438 ], [ -123.27648, 44.5744 ] ] } },
{ "type": "Feature", "properties": { "component": 0, "name": [ "Northwest Taylor Avenue" ], "highway": [ "residential" ] }, "geometry": { "type": "LineString", "coordinates": [ [ -123.27522, 44.57438 ], [ -123.27406, 44.5741 ] ] } },
{ "type": "Feature", "properties": { "component": 0, "name": [ "Northwest Elizabeth Place" ], "highway": [ "residential" ] }, "geometry": { "type": "LineString", "coordinates": [ [ -123.29664, 44.57344 ], [ -123.29618, 44.57322 ] ] } },
{ "type": "Feature", "properties": { "component": 0, "name": [ "Northwest Dixon Street" ], "highway": [ "residential" ] }, "geometry": { "type": "LineString", "coordinates": [ [ -123.2659, 44.5796 ], [ -123.2659, 44.58308 ] ] } },
{ "type": "Feature", "properties": { "component": 0, "name": [ "Northwest Dixon Street" ], "highway": [ "residential" ] }, "geometry": { "type": "LineString", "coordinates": [ [ -123.2659, 44.5796 ], [ -123.2659, 44.57822 ] ] } },
{ "type": "Feature", "properties": { "component": 0, "name": [ "Northwest Dixon Street" ], "highway": [ "residential" ] }, "geometry": { "type": "LineString", "coordinates": [ [ -123.2659, 44.58308 ], [ -123.26592, 44.5858 ] ] } },
{ "type": "Feature", "properties": { "component": 0, "name": [ "Northwest Dixon Street" ], "highway": [ "residential" ] }, "geometry": { "type": "LineString", "coordinates": [ [ -123.2659, 44.58308 ], [ -123.2659, 44.5796 ] ] } },
{ "type": "Feature", "properties": { "component": 6, "name": [ "Northwest Manzanita Place" ], "highway": [ "residential" ] }, "geometry": { "type": "LineString", "coordinates": [ [ -123.28948, 44.59542 ], [ -123.28834, 44.5958 ], [ -123.2885, 44.59646 ] ] } },
{ "type": "Feature", "properties": { "component": 0, "name": [ "Southwest 16th Street" ], "highway": [ "residential" ] }, "geometry": { "type": "LineString", "coordinates": [ [ -123.27518, 44.56076 ], [ -123.27498, 44.55976 ] ] } },
{ "type": "Feature", "properties": { "component": 0, "name": [ "Southwest A Avenue" ], "highway": [ "residential" ] }, "geometry": { "type": "LineString", "coordinates": [ [ -123.27518, 44.56076 ], [ -123.27418, 44.56086 ] ] } },
{ "type": "Feature", "properties": { "component": 0, "name": "['Southwest A Avenue' 'Southwest 17th Street']", "highway": [ "residential" ] }, "geometry": { "type": "LineString", "coordinates": [ [ -123.27518, 44.56076 ], [ -123.27614, 44.56072 ], [ -123.27636, 44.56172 ] ] } },
{ "type": "Feature", "properties": { "component": 9, "name": [ "Southeast Richland Avenue" ], "highway": [ "residential" ] }, "geometry": { "type": "LineString", "coordinates": [ [ -123.2569, 44.54246 ], [ -123.25862, 44.54246 ] ] } },
{ "type": "Feature", "properties": { "component": 0, "name": [ "Monroe Avenue" ], "highway": [ "tertiary" ] }, "geometry": { "type": "LineString", "coordinates": [ [ -123.27636, 44.56822 ], [ -123.27764, 44.5685 ] ] } },
{ "type": "Feature", "properties": { "component": 0, "name": [ "Monroe Avenue" ], "highway": [ "tertiary" ] }, "geometry": { "type": "LineString", "coordinates": [ [ -123.27636, 44.56822 ], [ -123.27508, 44.56792 ] ] } },
{ "type": "Feature", "properties": { "component": 4, "name": [ "Southwest Agate Avenue" ], "highway": [ "residential" ] }, "geometry": { "type": "LineString", "coordinates": [ [ -123.2947, 44.53802 ], [ -123.29568, 44.538 ] ] } },
{ "type": "Feature", "properties": { "component": 4, "name": [ "Southwest Dearmond Drive" ], "highway": [ "residential" ] }, "geometry": { "type": "LineString", "coordinates": [ [ -123.2947, 44.53802 ], [ -123.29482, 44.5414 ] ] } },
{ "type": "Feature", "properties": { "component": 4, "name": [ "Southwest Agate Avenue" ], "highway": [ "residential" ] }, "geometry": { "type": "LineString", "coordinates": [ [ -123.2947, 44.53802 ], [ -123.29336, 44.53798 ] ] } },
{ "type": "Feature", "properties": { "component": 4, "name": [ "Southwest Dearmond Drive" ], "highway": [ "residential" ] }, "geometry": { "type": "LineString", "coordinates": [ [ -123.29482, 44.5414 ], [ -123.29484, 44.54188 ] ] } },
{ "type": "Feature", "properties": { "component": 4, "name": [ "Southwest Dearmond Drive" ], "highway": [ "residential" ] }, "geometry": { "type": "LineString", "coordinates": [ [ -123.29482, 44.5414 ], [ -123.2947, 44.53802 ] ] } },
{ "type": "Feature", "properties": { "component": 4, "name": [ "Southwest Fairhaven Drive" ], "highway": [ "residential" ] }, "geometry": { "type": "LineString", "coordinates": [ [ -123.29482, 44.5414 ], [ -123.29332, 44.54148 ] ] } },
{ "type": "Feature", "properties": { "component": 4, "name": [ "Southwest Dearmond Drive" ], "highway": [ "residential" ] }, "geometry": { "type": "LineString", "coordinates": [ [ -123.29484, 44.54188 ], [ -123.29482, 44.5414 ] ] } },
{ "type": "Feature", "properties": { "component": 4, "name": [ "Southwest Fairhaven Drive" ], "highway": [ "residential" ] }, "geometry": { "type": "LineString", "coordinates": [ [ -123.29484, 44.54188 ], [ -123.29354, 44.54226 ], [ -123.29332, 44.54148 ] ] } },
{ "type": "Feature", "properties": { "component": 4, "name": [ "Southwest Fairhaven Drive" ], "highway": [ "residential" ] }, "geometry": { "type": "LineString", "coordinates": [ [ -123.29484, 44.54188 ], [ -123.29542, 44.54226 ] ] } },
{ "type": "Feature", "properties": { "component": 3, "name": [ "Northwest Covey Place" ], "highway": [ "residential" ] }, "geometry": { "type": "LineString", "coordinates": [ [ -123.31448, 44.5959 ], [ -123.31446, 44.59544 ] ] } },
{ "type": "Feature", "properties": { "component": 9, "name": [ "Southeast Mason Place" ], "highway": [ "residential" ] }, "geometry": { "type": "LineString", "coordinates": [ [ -123.25754, 44.54314 ], [ -123.25862, 44.5432 ] ] } },
{ "type": "Feature", "properties": { "component": 0, "name": [ "Northwest Larkspur Place" ], "highway": [ "residential" ] }, "geometry": { "type": "LineString", "coordinates": [ [ -123.27304, 44.5957 ], [ -123.27282, 44.59632 ] ] } },
{ "type": "Feature", "properties": { "component": 0, "name": [ "Northwest Jackson Avenue" ], "highway": [ "residential" ] }, "geometry": { "type": "LineString", "coordinates": [ [ -123.26352, 44.56614 ], [ -123.26364, 44.56616 ] ] } },
{ "type": "Feature", "properties": { "component": 0, "name": [ "Northwest Jackson Avenue" ], "highway": [ "residential" ] }, "geometry": { "type": "LineString", "coordinates": [ [ -123.26352, 44.56614 ], [ -123.26252, 44.56588 ] ] } },
{ "type": "Feature", "properties": { "component": 7, "name": [ "Northwest Silverbelle Place" ], "highway": [ "residential" ] }, "geometry": { "type": "LineString", "coordinates": [ [ -123.29118, 44.6011 ], [ -123.29064, 44.60074 ] ] } },
{ "type": "Feature", "properties": { "component": 5, "name": [ "Northwest Beaver Place" ], "highway": [ "residential" ] }, "geometry": { "type": "LineString", "coordinates": [ [ -123.25858, 44.5984 ], [ -123.25926, 44.59822 ] ] } },
{ "type": "Feature", "properties": { "component": 0, "name": [ "Northwest 16th Street" ], "highway": [ "residential" ] }, "geometry": { "type": "LineString", "coordinates": [ [ -123.27356, 44.56876 ], [ -123.2731, 44.56968 ] ] } },
{ "type": "Feature", "properties": { "component": 0, "name": [ "Northwest 16th Street" ], "highway": [ "residential" ] }, "geometry": { "type": "LineString", "coordinates": [ [ -123.27356, 44.56876 ], [ -123.2741, 44.56768 ] ] } },
{ "type": "Feature", "properties": { "component": 0, "name": [ "Northwest Jackson Avenue" ], "highway": [ "residential" ] }, "geometry": { "type": "LineString", "coordinates": [ [ -123.27356, 44.56876 ], [ -123.2745, 44.569 ] ] } },
{ "type": "Feature", "properties": { "component": 0, "name": [ "Northwest Jackson Avenue" ], "highway": [ "residential" ] }, "geometry": { "type": "LineString", "coordinates": [ [ -123.27356, 44.56876 ], [ -123.27264, 44.56852 ] ] } },
{ "type": "Feature", "properties": { "component": 0, "name": [ "Northwest 16th Street" ], "highway": [ "residential" ] }, "geometry": { "type": "LineString", "coordinates": [ [ -123.27168, 44.57252 ], [ -123.27126, 44.5734 ] ] } },
{ "type": "Feature", "properties": { "component": 0, "name": [ "Northwest 16th Street" ], "highway": [ "residential" ] }, "geometry": { "type": "LineString", "coordinates": [ [ -123.27168, 44.57252 ], [ -123.27212, 44.57162 ] ] } },
{ "type": "Feature", "properties": { "component": 0, "name": [ "Northwest Polk Avenue" ], "highway": [ "residential" ] }, "geometry": { "type": "LineString", "coordinates": [ [ -123.27168, 44.57252 ], [ -123.27264, 44.57276 ] ] } },
{ "type": "Feature", "properties": { "component": 0, "name": [ "Northwest Polk Avenue" ], "highway": [ "residential" ] }, "geometry": { "type": "LineString", "coordinates": [ [ -123.27168, 44.57252 ], [ -123.27076, 44.57228 ] ] } },
{ "type": "Feature", "properties": { "component": 0, "name": [ "Northwest 16th Street" ], "highway": [ "residential" ] }, "geometry": { "type": "LineString", "coordinates": [ [ -123.27126, 44.5734 ], [ -123.26996, 44.57608 ] ] } },
{ "type": "Feature", "properties": { "component": 0, "name": [ "Northwest 16th Street" ], "highway": [ "residential" ] }, "geometry": { "type": "LineString", "coordinates": [ [ -123.27126, 44.5734 ], [ -123.27168, 44.57252 ] ] } },
{ "type": "Feature", "properties": { "component": 0, "name": [ "Northwest Taylor Avenue" ], "highway": [ "residential" ] }, "geometry": { "type": "LineString", "coordinates": [ [ -123.27126, 44.5734 ], [ -123.2722, 44.57362 ] ] } },
{ "type": "Feature", "properties": { "component": 0, "name": [ "Northwest Taylor Avenue" ], "highway": [ "residential" ] }, "geometry": { "type": "LineString", "coordinates": [ [ -123.27126, 44.5734 ], [ -123.27032, 44.57316 ] ] } },
{ "type": "Feature", "properties": { "component": 0, "name": [ "Northwest 16th Street" ], "highway": [ "residential" ] }, "geometry": { "type": "LineString", "coordinates": [ [ -123.27156, 44.589 ], [ -123.27172, 44.58962 ] ] } },
{ "type": "Feature", "properties": { "component": 0, "name": [ "Northwest Maple Avenue" ], "highway": [ "residential" ] }, "geometry": { "type": "LineString", "coordinates": [ [ -123.27156, 44.589 ], [ -123.2694, 44.5894 ] ] } },
{ "type": "Feature", "properties": { "component": 0, "name": [ "Northwest Maple Avenue" ], "highway": [ "residential" ] }, "geometry": { "type": "LineString", "coordinates": [ [ -123.27156, 44.589 ], [ -123.27282, 44.58862 ] ] } },
{ "type": "Feature", "properties": { "component": 0, "name": [ "Northwest 16th Street" ], "highway": [ "residential" ] }, "geometry": { "type": "LineString", "coordinates": [ [ -123.27172, 44.58962 ], [ -123.27156, 44.589 ] ] } },
{ "type": "Feature", "properties": { "component": 0, "name": [ "Southwest Washington Avenue" ], "highway": [ "residential" ] }, "geometry": { "type": "LineString", "coordinates": [ [ -123.26186, 44.56014 ], [ -123.26292, 44.56042 ] ] } },
{ "type": "Feature", "properties": { "component": 0, "name": "['Southwest 1st Street' 'Southwest Washington Avenue']", "highway": [ "residential" ] }, "geometry": { "type": "LineString", "coordinates": [ [ -123.26186, 44.56014 ], [ -123.26084, 44.55994 ], [ -123.26034, 44.56086 ] ] } },
{ "type": "Feature", "properties": { "component": 0, "name": [ "Southwest 10th Street" ], "highway": [ "residential" ] }, "geometry": { "type": "LineString", "coordinates": [ [ -123.27032, 44.56238 ], [ -123.26984, 44.56332 ] ] } },
{ "type": "Feature", "properties": { "component": 0, "name": [ "Southwest 13th Street" ], "highway": [ "residential" ] }, "geometry": { "type": "LineString", "coordinates": [ [ -123.27214, 44.56258 ], [ -123.2722, 44.56104 ] ] } },
{ "type": "Feature", "properties": { "component": 0, "name": [ "Northwest Taylor Avenue" ], "highway": [ "residential" ] }, "geometry": { "type": "LineString", "coordinates": [ [ -123.26656, 44.5722 ], [ -123.26752, 44.57246 ] ] } },
{ "type": "Feature", "properties": { "component": 0, "name": [ "Northwest Taylor Avenue" ], "highway": [ "residential" ] }, "geometry": { "type": "LineString", "coordinates": [ [ -123.26656, 44.5722 ], [ -123.26554, 44.57196 ] ] } },
{ "type": "Feature", "properties": { "component": 0, "name": [ "Northwest 11th Street" ], "highway": [ "residential" ] }, "geometry": { "type": "LineString", "coordinates": [ [ -123.26656, 44.5722 ], [ -123.26612, 44.57308 ] ] } },
{ "type": "Feature", "properties": { "component": 0, "name": [ "Northwest 11th Street" ], "highway": [ "residential" ] }, "geometry": { "type": "LineString", "coordinates": [ [ -123.26656, 44.5722 ], [ -123.267, 44.57134 ] ] } },
{ "type": "Feature", "properties": { "component": 0, "name": [ "Northwest Taylor Avenue" ], "highway": [ "residential" ] }, "geometry": { "type": "LineString", "coordinates": [ [ -123.27406, 44.5741 ], [ -123.27522, 44.57438 ] ] } },
{ "type": "Feature", "properties": { "component": 0, "name": [ "Northwest Taylor Avenue" ], "highway": [ "residential" ] }, "geometry": { "type": "LineString", "coordinates": [ [ -123.27406, 44.5741 ], [ -123.27314, 44.57386 ] ] } },
{ "type": "Feature", "properties": { "component": 0, "name": [ "Northwest 19th Street" ], "highway": [ "residential" ] }, "geometry": { "type": "LineString", "coordinates": [ [ -123.27406, 44.5741 ], [ -123.27314, 44.57604 ] ] } },
{ "type": "Feature", "properties": { "component": 0, "name": [ "Northwest 19th Street" ], "highway": [ "residential" ] }, "geometry": { "type": "LineString", "coordinates": [ [ -123.27406, 44.5741 ], [ -123.2745, 44.57322 ] ] } },
{ "type": "Feature", "properties": { "component": 0, "name": [ "Northwest Taylor Avenue" ], "highway": [ "residential" ] }, "geometry": { "type": "LineString", "coordinates": [ [ -123.27648, 44.5744 ], [ -123.27776, 44.5745 ] ] } },
{ "type": "Feature", "properties": { "component": 0, "name": [ "Northwest Taylor Avenue" ], "highway": [ "residential" ] }, "geometry": { "type": "LineString", "coordinates": [ [ -123.27648, 44.5744 ], [ -123.27522, 44.57438 ] ] } },
{ "type": "Feature", "properties": { "component": 0, "name": [ "Northwest Taylor Avenue" ], "highway": [ "residential" ] }, "geometry": { "type": "LineString", "coordinates": [ [ -123.2833, 44.57462 ], [ -123.28462, 44.57464 ] ] } },
{ "type": "Feature", "properties": { "component": 0, "name": [ "Northwest Taylor Avenue" ], "highway": [ "residential" ] }, "geometry": { "type": "LineString", "coordinates": [ [ -123.28684, 44.57464 ], [ -123.28786, 44.57464 ] ] } },
{ "type": "Feature", "properties": { "component": 0, "name": [ "Northwest 32nd Street" ], "highway": [ "residential" ] }, "geometry": { "type": "LineString", "coordinates": [ [ -123.28684, 44.57464 ], [ -123.28684, 44.57554 ] ] } },
{ "type": "Feature", "properties": { "component": 0, "name": [ "Northwest 32nd Street" ], "highway": [ "residential" ] }, "geometry": { "type": "LineString", "coordinates": [ [ -123.28684, 44.57464 ], [ -123.28682, 44.57368 ] ] } },
{ "type": "Feature", "properties": { "component": 0, "name": [ "Northwest Taylor Avenue" ], "highway": [ "residential" ] }, "geometry": { "type": "LineString", "coordinates": [ [ -123.28684, 44.57464 ], [ -123.28584, 44.57464 ] ] } },
{ "type": "Feature", "properties": { "component": 0, "name": [ "Northwest Taylor Avenue" ], "highway": [ "residential" ] }, "geometry": { "type": "LineString", "coordinates": [ [ -123.28988, 44.57462 ], [ -123.29092, 44.57462 ] ] } },
{ "type": "Feature", "properties": { "component": 0, "name": [ "Northwest 35th Street" ], "highway": [ "residential" ] }, "geometry": { "type": "LineString", "coordinates": [ [ -123.28988, 44.57462 ], [ -123.28986, 44.57366 ] ] } },
{ "type": "Feature", "properties": { "component": 0, "name": [ "Northwest Taylor Avenue" ], "highway": [ "residential" ] }, "geometry": { "type": "LineString", "coordinates": [ [ -123.28988, 44.57462 ], [ -123.28886, 44.57462 ] ] } },
{ "type": "Feature", "properties": { "component": 0, "name": [ "Northwest 35th Street" ], "highway": [ "residential" ] }, "geometry": { "type": "LineString", "coordinates": [ [ -123.28988, 44.57462 ], [ -123.2899, 44.57556 ] ] } },
{ "type": "Feature", "properties": { "component": 0, "name": [ "Northwest Taylor Avenue" ], "highway": [ "residential" ] }, "geometry": { "type": "LineString", "coordinates": [ [ -123.279, 44.57458 ], [ -123.28012, 44.5746 ] ] } },
{ "type": "Feature", "properties": { "component": 0, "name": [ "Northwest 25th Street" ], "highway": [ "residential" ] }, "geometry": { "type": "LineString", "coordinates": [ [ -123.279, 44.57458 ], [ -123.27904, 44.5755 ] ] } },
{ "type": "Feature", "properties": { "component": 0, "name": [ "Northwest 25th Street" ], "highway": [ "residential" ] }, "geometry": { "type": "LineString", "coordinates": [ [ -123.279, 44.57458 ], [ -123.27894, 44.57272 ] ] } },
{ "type": "Feature", "properties": { "component": 9, "name": [ "Southeast Powell Avenue" ], "highway": [ "residential" ] }, "geometry": { "type": "LineString", "coordinates": [ [ -123.26312, 44.54046 ], [ -123.26242, 44.5408 ] ] } },
{ "type": "Feature", "properties": { "component": 0, "name": [ "Northwest 11th Street" ], "highway": [ "residential" ] }, "geometry": { "type": "LineString", "coordinates": [ [ -123.2636, 44.57962 ], [ -123.26358, 44.5831 ] ] } },
{ "type": "Feature", "properties": { "component": 0, "name": [ "Northwest 11th Street" ], "highway": [ "residential" ] }, "geometry": { "type": "LineString", "coordinates": [ [ -123.2636, 44.57962 ], [ -123.26358, 44.57824 ] ] } },
{ "type": "Feature", "properties": { "component": 0, "name": [ "Northwest Grant Circle" ], "highway": [ "residential" ] }, "geometry": { "type": "LineString", "coordinates": [ [ -123.2732, 44.57954 ], [ -123.27292, 44.5804 ], [ -123.2709, 44.58052 ] ] } },
{ "type": "Feature", "properties": { "component": 0, "name": [ "Northwest 19th Street" ], "highway": [ "residential" ] }, "geometry": { "type": "LineString", "coordinates": [ [ -123.2732, 44.57954 ], [ -123.27316, 44.57814 ] ] } },
{ "type": "Feature", "properties": { "component": 0, "name": [ "Northwest 25th Street" ], "highway": [ "residential" ] }, "geometry": { "type": "LineString", "coordinates": [ [ -123.2791, 44.57864 ], [ -123.27908, 44.57706 ] ] } },
{ "type": "Feature", "properties": { "component": 0, "name": [ "Northwest 32nd Street" ], "highway": [ "residential" ] }, "geometry": { "type": "LineString", "coordinates": [ [ -123.28692, 44.57872 ], [ -123.28688, 44.57714 ] ] } },
{ "type": "Feature", "properties": { "component": 0, "name": [ "Northwest Alta Vista Drive" ], "highway": [ "residential" ] }, "geometry": { "type": "LineString", "coordinates": [ [ -123.28846, 44.57874 ], [ -123.28848, 44.58186 ] ] } },
{ "type": "Feature", "properties": { "component": 9, "name": [ "Southeast Bell Avenue" ], "highway": [ "residential" ] }, "geometry": { "type": "LineString", "coordinates": [ [ -123.26138, 44.53994 ], [ -123.26042, 44.53994 ] ] } },
{ "type": "Feature", "properties": { "component": 9, "name": [ "Southeast Bell Avenue" ], "highway": [ "residential" ] }, "geometry": { "type": "LineString", "coordinates": [ [ -123.25618, 44.53968 ], [ -123.25842, 44.53964 ] ] } },
{ "type": "Feature", "properties": { "component": 0, "name": [ "Northwest Dream Place" ], "highway": [ "residential" ] }, "geometry": { "type": "LineString", "coordinates": [ [ -123.27406, 44.57898 ], [ -123.27412, 44.57954 ] ] } },
{ "type": "Feature", "properties": { "component": 0, "name": [ "Northwest Alta Vista Drive" ], "highway": [ "residential" ] }, "geometry": { "type": "LineString", "coordinates": [ [ -123.2885, 44.58236 ], [ -123.28848, 44.58186 ] ] } },
{ "type": "Feature", "properties": { "component": 0, "name": [ "Northwest Alta Vista Drive" ], "highway": [ "residential" ] }, "geometry": { "type": "LineString", "coordinates": [ [ -123.2885, 44.58236 ], [ -123.28852, 44.58306 ] ] } },
{ "type": "Feature", "properties": { "component": 0, "name": [ "Northwest Garfield Avenue" ], "highway": [ "residential" ] }, "geometry": { "type": "LineString", "coordinates": [ [ -123.2885, 44.58236 ], [ -123.28494, 44.58308 ] ] } },
{ "type": "Feature", "properties": { "component": 3, "name": [ "Northwest Kinderman Place" ], "highway": [ "residential" ] }, "geometry": { "type": "LineString", "coordinates": [ [ -123.30498, 44.58836 ], [ -123.30496, 44.58904 ] ] } },
{ "type": "Feature", "properties": { "component": 0, "name": [ "Northwest Estaview Drive" ], "highway": [ "residential" ] }, "geometry": { "type": "LineString", "coordinates": [ [ -123.29394, 44.58836 ], [ -123.29386, 44.58738 ] ] } },
{ "type": "Feature", "properties": { "component": 0, "name": [ "Northwest Estaview Drive" ], "highway": [ "residential" ] }, "geometry": { "type": "LineString", "coordinates": [ [ -123.29394, 44.58836 ], [ -123.2935, 44.5894 ] ] } },
{ "type": "Feature", "properties": { "component": 0, "name": [ "Northwest Estaview Place" ], "highway": [ "residential" ] }, "geometry": { "type": "LineString", "coordinates": [ [ -123.29394, 44.58836 ], [ -123.29306, 44.58798 ] ] } },
{ "type": "Feature", "properties": { "component": 0, "name": [ "Northwest Estaview Drive" ], "highway": [ "residential" ] }, "geometry": { "type": "LineString", "coordinates": [ [ -123.2931, 44.58698 ], [ -123.29294, 44.58574 ] ] } },
{ "type": "Feature", "properties": { "component": 0, "name": [ "Northwest Estaview Drive" ], "highway": [ "residential" ] }, "geometry": { "type": "LineString", "coordinates": [ [ -123.2931, 44.58698 ], [ -123.29386, 44.58738 ] ] } },
{ "type": "Feature", "properties": { "component": 0, "name": [ "Northwest Lantana Drive" ], "highway": [ "residential" ] }, "geometry": { "type": "LineString", "coordinates": [ [ -123.2931, 44.58698 ], [ -123.29096, 44.58708 ], [ -123.29086, 44.5857 ] ] } },
{ "type": "Feature", "properties": { "component": 0, "name": [ "Northwest Jackson Avenue" ], "highway": [ "residential" ] }, "geometry": { "type": "LineString", "coordinates": [ [ -123.27892, 44.5696 ], [ -123.27764, 44.56942 ] ] } },
{ "type": "Feature", "properties": { "component": 0, "name": [ "Northwest 25th Street" ], "highway": [ "residential" ] }, "geometry": { "type": "LineString", "coordinates": [ [ -123.27892, 44.5696 ], [ -123.27892, 44.57044 ] ] } },
{ "type": "Feature", "properties": { "component": 0, "name": [ "Northwest 25th Street" ], "highway": [ "residential" ] }, "geometry": { "type": "LineString", "coordinates": [ [ -123.27892, 44.5696 ], [ -123.27894, 44.5688 ] ] } },
{ "type": "Feature", "properties": { "component": 0, "name": [ "Northwest 25th Street" ], "highway": [ "residential" ] }, "geometry": { "type": "LineString", "coordinates": [ [ -123.28032, 44.5885 ], [ -123.27982, 44.58852 ], [ -123.2798, 44.58918 ] ] } },
{ "type": "Feature", "properties": { "component": 0, "name": [ "Southwest 2nd Street" ], "highway": [ "residential" ] }, "geometry": { "type": "LineString", "coordinates": [ [ -123.26238, 44.55916 ], [ -123.26286, 44.55816 ] ] } },
{ "type": "Feature", "properties": { "component": 0, "name": "['Southwest B Avenue' 'Southwest Western Boulevard']", "highway": [ "residential" ] }, "geometry": { "type": "LineString", "coordinates": [ [ -123.26238, 44.55916 ], [ -123.26136, 44.55884 ], [ -123.26196, 44.5581 ], [ -123.26286, 44.55816 ] ] } },
{ "type": "Feature", "properties": { "component": 0, "name": [ "Southwest Jefferson Avenue" ], "highway": [ "residential" ] }, "geometry": { "type": "LineString", "coordinates": [ [ -123.26086, 44.56212 ], [ -123.25984, 44.56184 ] ] } },
{ "type": "Feature", "properties": { "component": 0, "name": [ "Southwest 10th Street" ], "highway": [ "residential" ] }, "geometry": { "type": "LineString", "coordinates": [ [ -123.26936, 44.56428 ], [ -123.26984, 44.56332 ] ] } },
{ "type": "Feature", "properties": { "component": 0, "name": [ "Northwest Clarence Circle" ], "highway": [ "residential" ] }, "geometry": { "type": "LineString", "coordinates": [ [ -123.29574, 44.57416 ], [ -123.29534, 44.57388 ] ] } },
{ "type": "Feature", "properties": { "component": 0, "name": [ "Northwest Clarence Circle" ], "highway": [ "residential" ] }, "geometry": { "type": "LineString", "coordinates": [ [ -123.29574, 44.57416 ], [ -123.29578, 44.57444 ] ] } },
{ "type": "Feature", "properties": { "component": 0, "name": [ "Northwest Clarence Circle" ], "highway": [ "residential" ] }, "geometry": { "type": "LineString", "coordinates": [ [ -123.29574, 44.57416 ], [ -123.29604, 44.57432 ] ] } },
{ "type": "Feature", "properties": { "component": 0, "name": [ "Northwest Clarence Circle" ], "highway": [ "residential" ] }, "geometry": { "type": "LineString", "coordinates": [ [ -123.29578, 44.57444 ], [ -123.2955, 44.57556 ], [ -123.29636, 44.57558 ], [ -123.29668, 44.57452 ], [ -123.29604, 44.57432 ] ] } },
{ "type": "Feature", "properties": { "component": 0, "name": [ "Northwest Clarence Circle" ], "highway": [ "residential" ] }, "geometry": { "type": "LineString", "coordinates": [ [ -123.29578, 44.57444 ], [ -123.29604, 44.57432 ] ] } },
{ "type": "Feature", "properties": { "component": 0, "name": [ "Northwest Clarence Circle" ], "highway": [ "residential" ] }, "geometry": { "type": "LineString", "coordinates": [ [ -123.29578, 44.57444 ], [ -123.29574, 44.57416 ] ] } },
{ "type": "Feature", "properties": { "component": 0, "name": [ "Northwest Clarence Circle" ], "highway": [ "residential" ] }, "geometry": { "type": "LineString", "coordinates": [ [ -123.29604, 44.57432 ], [ -123.29668, 44.57452 ], [ -123.29636, 44.57558 ], [ -123.2955, 44.57556 ], [ -123.29578, 44.57444 ] ] } },
{ "type": "Feature", "properties": { "component": 0, "name": [ "Northwest Clarence Circle" ], "highway": [ "residential" ] }, "geometry": { "type": "LineString", "coordinates": [ [ -123.29604, 44.57432 ], [ -123.29578, 44.57444 ] ] } },
{ "type": "Feature", "properties": { "component": 0, "name": [ "Northwest Clarence Circle" ], "highway": [ "residential" ] }, "geometry": { "type": "LineString", "coordinates": [ [ -123.29604, 44.57432 ], [ -123.29574, 44.57416 ] ] } },
{ "type": "Feature", "properties": { "component": 6, "name": [ "Northwest Tamarack Drive" ], "highway": [ "residential" ] }, "geometry": { "type": "LineString", "coordinates": [ [ -123.29726, 44.59618 ], [ -123.29682, 44.59566 ] ] } },
{ "type": "Feature", "properties": { "component": 6, "name": [ "Northwest Tamarack Drive" ], "highway": [ "residential" ] }, "geometry": { "type": "LineString", "coordinates": [ [ -123.29726, 44.59618 ], [ -123.29746, 44.59532 ], [ -123.29668, 44.59456 ] ] } },
{ "type": "Feature", "properties": { "component": 6, "name": [ "Northwest Tamarack Drive" ], "highway": [ "residential" ] }, "geometry": { "type": "LineString", "coordinates": [ [ -123.29726, 44.59618 ], [ -123.29658, 44.59664 ] ] } },
{ "type": "Feature", "properties": { "component": 6, "name": [ "Northwest Tamarack Drive" ], "highway": [ "residential" ] }, "geometry": { "type": "LineString", "coordinates": [ [ -123.29682, 44.59566 ], [ -123.2964, 44.59516 ], [ -123.29644, 44.59502 ], [ -123.29688, 44.59524 ], [ -123.29682, 44.59566 ] ] } },
{ "type": "Feature", "properties": { "component": 6, "name": [ "Northwest Tamarack Drive" ], "highway": [ "residential" ] }, "geometry": { "type": "LineString", "coordinates": [ [ -123.29682, 44.59566 ], [ -123.29688, 44.59524 ], [ -123.29644, 44.59502 ], [ -123.2964, 44.59516 ], [ -123.29682, 44.59566 ] ] } },
{ "type": "Feature", "properties": { "component": 6, "name": [ "Northwest Tamarack Drive" ], "highway": [ "residential" ] }, "geometry": { "type": "LineString", "coordinates": [ [ -123.29682, 44.59566 ], [ -123.29726, 44.59618 ] ] } },
{ "type": "Feature", "properties": { "component": 0, "name": [ "Northwest 11th Street" ], "highway": [ "residential" ] }, "geometry": { "type": "LineString", "coordinates": [ [ -123.26358, 44.5831 ], [ -123.2636, 44.58584 ] ] } },
{ "type": "Feature", "properties": { "component": 0, "name": [ "Northwest 11th Street" ], "highway": [ "residential" ] }, "geometry": { "type": "LineString", "coordinates": [ [ -123.26358, 44.5831 ], [ -123.2636, 44.57962 ] ] } },
{ "type": "Feature", "properties": { "component": 0, "name": [ "Northwest Garfield Avenue" ], "highway": [ "residential" ] }, "geometry": { "type": "LineString", "coordinates": [ [ -123.28308, 44.58306 ], [ -123.28494, 44.58308 ] ] } },
{ "type": "Feature", "properties": { "component": 0, "name": [ "Northwest Lupine Place" ], "highway": [ "residential" ] }, "geometry": { "type": "LineString", "coordinates": [ [ -123.27364, 44.59464 ], [ -123.27414, 44.59416 ] ] } },
{ "type": "Feature", "properties": { "component": 5, "name": [ "Northwest Ermine Place" ], "highway": [ "residential" ] }, "geometry": { "type": "LineString", "coordinates": [ [ -123.26042, 44.59942 ], [ -123.25976, 44.59962 ] ] } },
{ "type": "Feature", "properties": { "component": 0, "name": [ "Southwest 13th Street" ], "highway": [ "residential" ] }, "geometry": { "type": "LineString", "coordinates": [ [ -123.27202, 44.56006 ], [ -123.2722, 44.56104 ] ] } },
{ "type": "Feature", "properties": { "component": 0, "name": [ "Northwest 19th Street" ], "highway": [ "residential" ] }, "geometry": { "type": "LineString", "coordinates": [ [ -123.2745, 44.57322 ], [ -123.27406, 44.5741 ] ] } },
{ "type": "Feature", "properties": { "component": 0, "name": [ "Northwest 19th Street" ], "highway": [ "residential" ] }, "geometry": { "type": "LineString", "coordinates": [ [ -123.2745, 44.57322 ], [ -123.27494, 44.57236 ] ] } },
{ "type": "Feature", "properties": { "component": 0, "name": [ "Northwest Polk Avenue" ], "highway": [ "residential" ] }, "geometry": { "type": "LineString", "coordinates": [ [ -123.2745, 44.57322 ], [ -123.2752, 44.5734 ] ] } },
{ "type": "Feature", "properties": { "component": 0, "name": [ "Northwest Polk Avenue" ], "highway": [ "residential" ] }, "geometry": { "type": "LineString", "coordinates": [ [ -123.2745, 44.57322 ], [ -123.27356, 44.57298 ] ] } },
{ "type": "Feature", "properties": { "component": 7, "name": [ "Northwest Goldenrod Place" ], "highway": [ "residential" ] }, "geometry": { "type": "LineString", "coordinates": [ [ -123.29126, 44.60024 ], [ -123.29096, 44.60022 ] ] } },
{ "type": "Feature", "properties": { "component": 4, "name": [ "Southwest Whiteside Drive" ], "highway": [ "residential" ] }, "geometry": { "type": "LineString", "coordinates": [ [ -123.2918, 44.5422 ], [ -123.29108, 44.54168 ], [ -123.28992, 44.54168 ], [ -123.28958, 44.54308 ] ] } },
{ "type": "Feature", "properties": { "component": 0, "name": [ "Northwest Garryanna Street" ], "highway": [ "residential" ] }, "geometry": { "type": "LineString", "coordinates": [ ] } },
{ "type": "Feature", "properties": { "component": 0, "name": [ "Northwest Green Place" ], "highway": [ "residential" ] }, "geometry": { "type": "LineString", "coordinates": [ [ -123.26936, 44.59138 ], [ -123.26818, 44.5914 ] ] } },
{ "type": "Feature", "properties": { "component": 0, "name": [ "Northwest Garryanna Street" ], "highway": [ "residential" ] }, "geometry": { "type": "LineString", "coordinates": [ [ -123.26936, 44.59138 ], [ -123.26928, 44.59072 ] ] } },
{ "type": "Feature", "properties": { "component": 0, "name": [ "Northwest Green Place" ], "highway": [ "residential" ] }, "geometry": { "type": "LineString", "coordinates": [ [ -123.26818, 44.5914 ], [ -123.26936, 44.59138 ] ] } },
{ "type": "Feature", "properties": { "component": 0, "name": [ "Northwest Jon Place" ], "highway": [ "residential" ] }, "geometry": { "type": "LineString", "coordinates": [ [ -123.29942, 44.5887 ], [ -123.29852, 44.58856 ] ] } },
{ "type": "Feature", "properties": { "component": 0, "name": [ "Northwest Jackson Avenue" ], "highway": [ "residential" ] }, "geometry": { "type": "LineString", "coordinates": [ [ -123.28362, 44.56974 ], [ -123.28464, 44.56974 ] ] } },
{ "type": "Feature", "properties": { "component": 0, "name": [ "Northwest Jackson Avenue" ], "highway": [ "residential" ] }, "geometry": { "type": "LineString", "coordinates": [ [ -123.28362, 44.56974 ], [ -123.28262, 44.56976 ] ] } },
{ "type": "Feature", "properties": { "component": 0, "name": [ "Northwest 29th Street" ], "highway": [ "residential" ] }, "geometry": { "type": "LineString", "coordinates": [ [ -123.28362, 44.56974 ], [ -123.28366, 44.5708 ] ] } },
{ "type": "Feature", "properties": { "component": 0, "name": [ "Northwest 29th Street" ], "highway": [ "residential" ] }, "geometry": { "type": "LineString", "coordinates": [ [ -123.28362, 44.56974 ], [ -123.28358, 44.5686 ] ] } },
{ "type": "Feature", "properties": { "component": 0, "name": [ "Northwest Jackson Avenue" ], "highway": [ "residential" ] }, "geometry": { "type": "LineString", "coordinates": [ [ -123.28974, 44.5697 ], [ -123.29438, 44.5697 ] ] } },
{ "type": "Feature", "properties": { "component": 0, "name": [ "Northwest Jackson Avenue" ], "highway": [ "residential" ] }, "geometry": { "type": "LineString", "coordinates": [ [ -123.28974, 44.5697 ], [ -123.28794, 44.56972 ] ] } },
{ "type": "Feature", "properties": { "component": 0, "name": [ "Northwest Jackson Avenue" ], "highway": [ "residential" ] }, "geometry": { "type": "LineString", "coordinates": [ [ -123.29438, 44.5697 ], [ -123.28974, 44.5697 ] ] } },
{ "type": "Feature", "properties": { "component": 0, "name": [ "Northwest Jackson Avenue" ], "highway": [ "residential" ] }, "geometry": { "type": "LineString", "coordinates": [ [ -123.27638, 44.5692 ], [ -123.27764, 44.56942 ] ] } },
{ "type": "Feature", "properties": { "component": 0, "name": [ "Northwest Jackson Avenue" ], "highway": [ "residential" ] }, "geometry": { "type": "LineString", "coordinates": [ [ -123.27638, 44.5692 ], [ -123.27508, 44.56898 ] ] } },
{ "type": "Feature", "properties": { "component": 0, "name": [ "Northwest Jackson Avenue" ], "highway": [ "residential" ] }, "geometry": { "type": "LineString", "coordinates": [ [ -123.26572, 44.5667 ], [ -123.2668, 44.56696 ] ] } },
{ "type": "Feature", "properties": { "component": 0, "name": [ "Northwest Jackson Avenue" ], "highway": [ "residential" ] }, "geometry": { "type": "LineString", "coordinates": [ [ -123.26572, 44.5667 ], [ -123.26466, 44.56642 ] ] } },
{ "type": "Feature", "properties": { "component": 0, "name": [ "Northwest 8th Street" ], "highway": [ "residential" ] }, "geometry": { "type": "LineString", "coordinates": [ [ -123.26572, 44.5667 ], [ -123.26522, 44.56766 ] ] } },
{ "type": "Feature", "properties": { "component": 0, "name": [ "Northwest 8th Street" ], "highway": [ "residential" ] }, "geometry": { "type": "LineString", "coordinates": [ [ -123.26572, 44.5667 ], [ -123.26622, 44.56572 ] ] } },
{ "type": "Feature", "properties": { "component": 0, "name": [ "Northwest Jackson Avenue" ], "highway": [ "residential" ] }, "geometry": { "type": "LineString", "coordinates": [ [ -123.2689, 44.5675 ], [ -123.26986, 44.56774 ] ] } },
{ "type": "Feature", "properties": { "component": 0, "name": [ "Northwest Jackson Avenue" ], "highway": [ "residential" ] }, "geometry": { "type": "LineString", "coordinates": [ [ -123.2689, 44.5675 ], [ -123.26788, 44.56724 ] ] } },
{ "type": "Feature", "properties": { "component": 0, "name": [ "Northwest 11th Street" ], "highway": [ "residential" ] }, "geometry": { "type": "LineString", "coordinates": [ [ -123.2689, 44.5675 ], [ -123.2684, 44.56848 ] ] } },
{ "type": "Feature", "properties": { "component": 0, "name": [ "Northwest 11th Street" ], "highway": [ "residential" ] }, "geometry": { "type": "LineString", "coordinates": [ [ -123.2689, 44.5675 ], [ -123.26938, 44.56652 ] ] } },
{ "type": "Feature", "properties": { "component": 4, "name": [ "Mulligan Place" ], "highway": [ "residential" ] }, "geometry": { "type": "LineString", "coordinates": [ [ -123.2958, 44.53916 ], [ -123.29568, 44.538 ] ] } },
{ "type": "Feature", "properties": { "component": 5, "name": [ "Northwest Chipmunk Place" ], "highway": [ "residential" ] }, "geometry": { "type": "LineString", "coordinates": [ [ -123.26058, 44.5984 ], [ -123.2594, 44.59894 ] ] } },
{ "type": "Feature", "properties": { "component": 0, "name": [ "Northwest Oakdell Place" ], "highway": [ "residential" ] }, "geometry": { "type": "LineString", "coordinates": [ [ -123.29518, 44.57636 ], [ -123.29474, 44.57706 ] ] } },
{ "type": "Feature", "properties": { "component": 1, "name": [ "Southeast Channel Avenue" ], "highway": [ "residential" ] }, "geometry": { "type": "LineString", "coordinates": [ [ -123.25604, 44.52902 ], [ -123.25652, 44.52904 ] ] } },
{ "type": "Feature", "properties": { "component": 1, "name": [ "Southeast Shoreline Drive" ], "highway": [ "residential" ] }, "geometry": { "type": "LineString", "coordinates": [ [ -123.25604, 44.52902 ], [ -123.25692, 44.52784 ] ] } },
{ "type": "Feature", "properties": { "component": 1, "name": [ "Southeast Shoreline Drive" ], "highway": [ "residential" ] }, "geometry": { "type": "LineString", "coordinates": [ [ -123.25604, 44.52902 ], [ -123.25562, 44.5298 ] ] } },
{ "type": "Feature", "properties": { "component": 6, "name": [ "Northwest Seneca Place" ], "highway": [ "residential" ] }, "geometry": { "type": "LineString", "coordinates": [ [ -123.29228, 44.59702 ], [ -123.29182, 44.59586 ] ] } },
{ "type": "Feature", "properties": { "component": 6, "name": [ "Northwest Seneca Place" ], "highway": [ "residential" ] }, "geometry": { "type": "LineString", "coordinates": [ [ -123.29228, 44.59702 ], [ -123.29268, 44.5968 ], [ -123.29288, 44.5969 ], [ -123.2927, 44.59702 ], [ -123.29228, 44.59702 ] ] } },
{ "type": "Feature", "properties": { "component": 6, "name": [ "Northwest Seneca Place" ], "highway": [ "residential" ] }, "geometry": { "type": "LineString", "coordinates": [ [ -123.29228, 44.59702 ], [ -123.2927, 44.59702 ], [ -123.29288, 44.5969 ], [ -123.29268, 44.5968 ], [ -123.29228, 44.59702 ] ] } },
{ "type": "Feature", "properties": { "component": 0, "name": [ "Southwest 13th Street" ], "highway": [ "residential" ] }, "geometry": { "type": "LineString", "coordinates": [ [ -123.2722, 44.56104 ], [ -123.27214, 44.56258 ] ] } },
{ "type": "Feature", "properties": { "component": 0, "name": [ "Southwest 13th Street" ], "highway": [ "residential" ] }, "geometry": { "type": "LineString", "coordinates": [ [ -123.2722, 44.56104 ], [ -123.27202, 44.56006 ] ] } },
{ "type": "Feature", "properties": { "component": 0, "name": [ "Southwest A Avenue" ], "highway": [ "residential" ] }, "geometry": { "type": "LineString", "coordinates": [ [ -123.2722, 44.56104 ], [ -123.27122, 44.56114 ] ] } },
{ "type": "Feature", "properties": { "component": 0, "name": [ "Southwest A Avenue" ], "highway": [ "residential" ] }, "geometry": { "type": "LineString", "coordinates": [ [ -123.2722, 44.56104 ], [ -123.2732, 44.56096 ] ] } },
{ "type": "Feature", "properties": { "component": 0, "name": [ "Southwest A Avenue" ], "highway": [ "residential" ] }, "geometry": { "type": "LineString", "coordinates": [ [ -123.27066, 44.56118 ], [ -123.27122, 44.56114 ] ] } },
{ "type": "Feature", "properties": { "component": 4, "name": [ "Southwest Knollbrook Avenue" ], "highway": [ "residential" ] }, "geometry": { "type": "LineString", "coordinates": [ [ -123.28638, 44.5485 ], [ -123.28412, 44.5485 ] ] } },
{ "type": "Feature", "properties": { "component": 4, "name": [ "Southwest Knollbrook Avenue" ], "highway": [ "residential" ] }, "geometry": { "type": "LineString", "coordinates": [ [ -123.28638, 44.5485 ], [ -123.28962, 44.5485 ] ] } },
{ "type": "Feature", "properties": { "component": 4, "name": [ "Southwest Knollbrook Avenue" ], "highway": [ "residential" ] }, "geometry": { "type": "LineString", "coordinates": [ [ -123.28638, 44.5485 ], [ -123.28634, 44.54948 ] ] } },
{ "type": "Feature", "properties": { "component": 0, "name": [ "Northwest Garryanna Street" ], "highway": [ "residential" ] }, "geometry": { "type": "LineString", "coordinates": [ [ -123.26914, 44.59208 ], [ -123.26886, 44.59262 ] ] } },
{ "type": "Feature", "properties": { "component": 0, "name": [ "Northwest Havengreen Place" ], "highway": [ "residential" ] }, "geometry": { "type": "LineString", "coordinates": [ [ -123.26914, 44.59208 ], [ -123.26826, 44.59206 ] ] } },
{ "type": "Feature", "properties": { "component": 0, "name": [ "Northwest Garryanna Street" ], "highway": [ "residential" ] }, "geometry": { "type": "LineString", "coordinates": [ [ -123.26914, 44.59208 ], [ -123.26936, 44.59138 ] ] } },
{ "type": "Feature", "properties": { "component": 0, "name": [ "Northwest Havengreen Place" ], "highway": [ "residential" ] }, "geometry": { "type": "LineString", "coordinates": [ [ -123.26826, 44.59206 ], [ -123.26914, 44.59208 ] ] } },
{ "type": "Feature", "properties": { "component": 0, "name": [ "Northwest Garryanna Street" ], "highway": [ "residential" ] }, "geometry": { "type": "LineString", "coordinates": [ [ -123.26882, 44.59276 ], [ -123.26886, 44.59262 ] ] } },
{ "type": "Feature", "properties": { "component": 0, "name": [ "Northwest Meadowgreen Place" ], "highway": [ "residential" ] }, "geometry": { "type": "LineString", "coordinates": [ [ -123.26882, 44.59276 ], [ -123.26826, 44.59272 ] ] } },
{ "type": "Feature", "properties": { "component": 0, "name": [ "Northwest Garryanna Street" ], "highway": [ "residential" ] }, "geometry": { "type": "LineString", "coordinates": [ [ -123.26882, 44.59276 ], [ -123.26876, 44.59376 ] ] } },
{ "type": "Feature", "properties": { "component": 0, "name": [ "Northwest Meadowgreen Place" ], "highway": [ "residential" ] }, "geometry": { "type": "LineString", "coordinates": [ [ -123.26826, 44.59272 ], [ -123.26882, 44.59276 ] ] } },
{ "type": "Feature", "properties": { "component": 5, "name": [ "Northwest Mink Place" ], "highway": [ "residential" ] }, "geometry": { "type": "LineString", "coordinates": [ [ -123.2586, 44.60164 ], [ -123.25918, 44.6008 ] ] } },
{ "type": "Feature", "properties": { "component": 7, "name": [ "Northwest Daylily Avenue" ], "highway": [ "residential" ] }, "geometry": { "type": "LineString", "coordinates": [ [ -123.28794, 44.59784 ], [ -123.28554, 44.5987 ] ] } },
{ "type": "Feature", "properties": { "component": 3, "name": [ "Northwest Jean Place" ], "highway": [ "residential" ] }, "geometry": { "type": "LineString", "coordinates": [ [ -123.3029, 44.59256 ], [ -123.30342, 44.5926 ] ] } },
{ "type": "Feature", "properties": { "component": 0, "name": [ "Northwest Polk Avenue" ], "highway": [ "residential" ] }, "geometry": { "type": "LineString", "coordinates": [ [ -123.27646, 44.57348 ], [ -123.27772, 44.57356 ] ] } },
{ "type": "Feature", "properties": { "component": 0, "name": [ "Northwest Polk Avenue" ], "highway": [ "residential" ] }, "geometry": { "type": "LineString", "coordinates": [ [ -123.27646, 44.57348 ], [ -123.2752, 44.5734 ] ] } },
{ "type": "Feature", "properties": { "component": 0, "name": [ "Northwest Garryanna Street" ], "highway": [ "residential" ] }, "geometry": { "type": "LineString", "coordinates": [ [ -123.2694, 44.5894 ], [ -123.26938, 44.58864 ] ] } },
{ "type": "Feature", "properties": { "component": 0, "name": [ "Northwest Maple Avenue" ], "highway": [ "residential" ] }, "geometry": { "type": "LineString", "coordinates": [ [ -123.2694, 44.5894 ], [ -123.27156, 44.589 ] ] } },
{ "type": "Feature", "properties": { "component": 0, "name": [ "Northwest Garryanna Street" ], "highway": [ "residential" ] }, "geometry": { "type": "LineString", "coordinates": [ [ -123.2694, 44.5894 ], [ -123.26938, 44.59002 ] ] } },
{ "type": "Feature", "properties": { "component": 6, "name": [ "Northwest Greenbriar Place" ], "highway": [ "residential" ] }, "geometry": { "type": "LineString", "coordinates": [ [ -123.2903, 44.59694 ], [ -123.29004, 44.5977 ] ] } },
{ "type": "Feature", "properties": { "component": 6, "name": [ "Northwest Greenbriar Place" ], "highway": [ "residential" ] }, "geometry": { "type": "LineString", "coordinates": [ [ -123.2903, 44.59694 ], [ -123.28996, 44.59614 ] ] } },
{ "type": "Feature", "properties": { "component": 6, "name": [ "Northwest Greenbriar Place" ], "highway": [ "residential" ] }, "geometry": { "type": "LineString", "coordinates": [ [ -123.2903, 44.59694 ], [ -123.28888, 44.59728 ] ] } },
{ "type": "Feature", "properties": { "component": 6, "name": [ "Northwest Greenbriar Place" ], "highway": [ "residential" ] }, "geometry": { "type": "LineString", "coordinates": [ [ -123.29004, 44.5977 ], [ -123.28918, 44.5978 ] ] } },
{ "type": "Feature", "properties": { "component": 6, "name": [ "Northwest Greenbriar Place" ], "highway": [ "residential" ] }, "geometry": { "type": "LineString", "coordinates": [ [ -123.29004, 44.5977 ], [ -123.2903, 44.59694 ] ] } },
{ "type": "Feature", "properties": { "component": 6, "name": [ "Northwest Greenbriar Place" ], "highway": [ "residential" ] }, "geometry": { "type": "LineString", "coordinates": [ [ -123.29004, 44.5977 ], [ -123.29038, 44.59782 ] ] } },
{ "type": "Feature", "properties": { "component": 6, "name": [ "Northwest Greenbriar Place" ], "highway": [ "residential" ] }, "geometry": { "type": "LineString", "coordinates": [ [ -123.28918, 44.5978 ], [ -123.29004, 44.5977 ] ] } },
{ "type": "Feature", "properties": { "component": 6, "name": [ "Northwest Greenbriar Place" ], "highway": [ "residential" ] }, "geometry": { "type": "LineString", "coordinates": [ [ -123.29038, 44.59782 ], [ -123.29004, 44.5977 ] ] } },
{ "type": "Feature", "properties": { "component": 6, "name": [ "Northwest Greenbriar Place" ], "highway": [ "residential" ] }, "geometry": { "type": "LineString", "coordinates": [ [ -123.28888, 44.59728 ], [ -123.2903, 44.59694 ] ] } },
{ "type": "Feature", "properties": { "component": 0, "name": [ "Northwest 35th Street" ], "highway": [ "residential" ] }, "geometry": { "type": "LineString", "coordinates": [ [ -123.29, 44.57806 ], [ -123.28992, 44.57716 ] ] } },
{ "type": "Feature", "properties": { "component": 0, "name": [ "Northwest Estaview Place" ], "highway": [ "residential" ] }, "geometry": { "type": "LineString", "coordinates": [ [ -123.29306, 44.58798 ], [ -123.29394, 44.58836 ] ] } },
{ "type": "Feature", "properties": { "component": 0, "name": [ "Northwest Polk Avenue" ], "highway": [ "residential" ] }, "geometry": { "type": "LineString", "coordinates": [ [ -123.267, 44.57134 ], [ -123.26796, 44.57158 ] ] } },
{ "type": "Feature", "properties": { "component": 0, "name": [ "Northwest Polk Avenue" ], "highway": [ "residential" ] }, "geometry": { "type": "LineString", "coordinates": [ [ -123.267, 44.57134 ], [ -123.26598, 44.57108 ] ] } },
{ "type": "Feature", "properties": { "component": 0, "name": [ "Northwest 11th Street" ], "highway": [ "residential" ] }, "geometry": { "type": "LineString", "coordinates": [ [ -123.267, 44.57134 ], [ -123.26656, 44.5722 ] ] } },
{ "type": "Feature", "properties": { "component": 0, "name": [ "Northwest 11th Street" ], "highway": [ "residential" ] }, "geometry": { "type": "LineString", "coordinates": [ [ -123.267, 44.57134 ], [ -123.26744, 44.57046 ] ] } },
{ "type": "Feature", "properties": { "component": 0, "name": [ "Northwest Polk Avenue" ], "highway": [ "residential" ] }, "geometry": { "type": "LineString", "coordinates": [ [ -123.28336, 44.5737 ], [ -123.28464, 44.5737 ] ] } },
{ "type": "Feature", "properties": { "component": 0, "name": [ "Northwest Polk Avenue" ], "highway": [ "residential" ] }, "geometry": { "type": "LineString", "coordinates": [ [ -123.28336, 44.5737 ], [ -123.28226, 44.5737 ] ] } },
{ "type": "Feature", "properties": { "component": 0, "name": [ "Northwest Houston Place" ], "highway": [ "residential" ] }, "geometry": { "type": "LineString", "coordinates": [ [ -123.29702, 44.58514 ], [ -123.29646, 44.58508 ] ] } },
{ "type": "Feature", "properties": { "component": 2, "name": [ "Southwest Donovan Place" ], "highway": [ "residential" ] }, "geometry": { "type": "LineString", "coordinates": [ [ -123.31634, 44.55974 ], [ -123.31612, 44.55968 ] ] } },
{ "type": "Feature", "properties": { "component": 0, "name": [ "Southwest A Avenue" ], "highway": [ "residential" ] }, "geometry": { "type": "LineString", "coordinates": [ [ -123.27418, 44.56086 ], [ -123.2732, 44.56096 ] ] } },
{ "type": "Feature", "properties": { "component": 0, "name": [ "Southwest A Avenue" ], "highway": [ "residential" ] }, "geometry": { "type": "LineString", "coordinates": [ [ -123.27418, 44.56086 ], [ -123.27518, 44.56076 ] ] } },
{ "type": "Feature", "properties": { "component": 1, "name": [ "Pierpoint Street" ], "highway": [ "residential" ] }, "geometry": { "type": "LineString", "coordinates": [ [ -123.25692, 44.52784 ], [ -123.25734, 44.5284 ] ] } },
{ "type": "Feature", "properties": { "component": 1, "name": [ "Southeast Shoreline Drive" ], "highway": [ "residential" ] }, "geometry": { "type": "LineString", "coordinates": [ [ -123.25692, 44.52784 ], [ -123.25904, 44.52766 ] ] } },
{ "type": "Feature", "properties": { "component": 1, "name": [ "Southeast Shoreline Drive" ], "highway": [ "residential" ] }, "geometry": { "type": "LineString", "coordinates": [ [ -123.25692, 44.52784 ], [ -123.25604, 44.52902 ] ] } },
{ "type": "Feature", "properties": { "component": 1, "name": "Unnamed street", "highway": [ "cycleway" ] }, "geometry": { "type": "LineString", "coordinates": [ [ -123.25692, 44.52784 ], [ -123.25686, 44.5278 ] ] } },
{ "type": "Feature", "properties": { "component": 1, "name": [ "Southeast Shoreline Drive" ], "highway": [ "residential" ] }, "geometry": { "type": "LineString", "coordinates": [ [ -123.25904, 44.52766 ], [ -123.26108, 44.52764 ] ] } },
{ "type": "Feature", "properties": { "component": 1, "name": [ "Southeast Midvale Drive" ], "highway": [ "residential" ] }, "geometry": { "type": "LineString", "coordinates": [ [ -123.25904, 44.52766 ], [ -123.25904, 44.52734 ] ] } },
{ "type": "Feature", "properties": { "component": 1, "name": [ "Southeast Midvale Drive" ], "highway": [ "residential" ] }, "geometry": { "type": "LineString", "coordinates": [ [ -123.25904, 44.52766 ], [ -123.25906, 44.52836 ] ] } },
{ "type": "Feature", "properties": { "component": 1, "name": [ "Southeast Shoreline Drive" ], "highway": [ "residential" ] }, "geometry": { "type": "LineString", "coordinates": [ [ -123.25904, 44.52766 ], [ -123.25692, 44.52784 ] ] } },
{ "type": "Feature", "properties": { "component": 1, "name": [ "Pierpoint Street" ], "highway": [ "residential" ] }, "geometry": { "type": "LineString", "coordinates": [ [ -123.25734, 44.5284 ], [ -123.25692, 44.52784 ] ] } },
{ "type": "Feature", "properties": { "component": 1, "name": [ "Southeast Bayshore Circle" ], "highway": [ "residential" ] }, "geometry": { "type": "LineString", "coordinates": [ [ -123.25734, 44.5284 ], [ -123.257, 44.52906 ] ] } },
{ "type": "Feature", "properties": { "component": 1, "name": [ "Southeast Bayshore Circle" ], "highway": [ "residential" ] }, "geometry": { "type": "LineString", "coordinates": [ [ -123.25734, 44.5284 ], [ -123.25906, 44.52836 ] ] } },
{ "type": "Feature", "properties": { "component": 1, "name": [ "Southeast Channel Avenue" ], "highway": [ "residential" ] }, "geometry": { "type": "LineString", "coordinates": [ [ -123.257, 44.52906 ], [ -123.25652, 44.52904 ] ] } },
{ "type": "Feature", "properties": { "component": 1, "name": [ "Southeast Bayshore Circle" ], "highway": [ "residential" ] }, "geometry": { "type": "LineString", "coordinates": [ [ -123.257, 44.52906 ], [ -123.25716, 44.52958 ], [ -123.25792, 44.52972 ] ] } },
{ "type": "Feature", "properties": { "component": 1, "name": [ "Southeast Bayshore Circle" ], "highway": [ "residential" ] }, "geometry": { "type": "LineString", "coordinates": [ [ -123.257, 44.52906 ], [ -123.25734, 44.5284 ] ] } },
{ "type": "Feature", "properties": { "component": 1, "name": [ "Southeast Bayshore Circle" ], "highway": [ "residential" ] }, "geometry": { "type": "LineString", "coordinates": [ [ -123.25894, 44.52978 ], [ -123.26098, 44.5299 ] ] } },
{ "type": "Feature", "properties": { "component": 1, "name": [ "Southeast Bayshore Circle" ], "highway": [ "residential" ] }, "geometry": { "type": "LineString", "coordinates": [ [ -123.25894, 44.52978 ], [ -123.25792, 44.52972 ] ] } },
{ "type": "Feature", "properties": { "component": 1, "name": [ "Southeast Midvale Drive" ], "highway": [ "residential" ] }, "geometry": { "type": "LineString", "coordinates": [ [ -123.25894, 44.52978 ], [ -123.25906, 44.52836 ] ] } },
{ "type": "Feature", "properties": { "component": 1, "name": [ "Southeast Midvale Drive" ], "highway": [ "residential" ] }, "geometry": { "type": "LineString", "coordinates": [ [ -123.25894, 44.52978 ], [ -123.25878, 44.53084 ] ] } },
{ "type": "Feature", "properties": { "component": 1, "name": [ "Southeast Bayshore Circle" ], "highway": [ "residential" ] }, "geometry": { "type": "LineString", "coordinates": [ [ -123.25792, 44.52972 ], [ -123.25894, 44.52978 ] ] } },
{ "type": "Feature", "properties": { "component": 1, "name": [ "Southeast Bayshore Circle" ], "highway": [ "residential" ] }, "geometry": { "type": "LineString", "coordinates": [ [ -123.25792, 44.52972 ], [ -123.25716, 44.52958 ], [ -123.257, 44.52906 ] ] } },
{ "type": "Feature", "properties": { "component": 1, "name": [ "Southeast Bayou Place" ], "highway": [ "residential" ] }, "geometry": { "type": "LineString", "coordinates": [ [ -123.25792, 44.52972 ], [ -123.25784, 44.53006 ], [ -123.2569, 44.52988 ], [ -123.25652, 44.52904 ] ] } },
{ "type": "Feature", "properties": { "component": 1, "name": [ "Southeast Midvale Drive" ], "highway": [ "residential" ] }, "geometry": { "type": "LineString", "coordinates": [ [ -123.25906, 44.52836 ], [ -123.25904, 44.52766 ] ] } },
{ "type": "Feature", "properties": { "component": 1, "name": [ "Southeast Bayshore Circle" ], "highway": [ "residential" ] }, "geometry": { "type": "LineString", "coordinates": [ [ -123.25906, 44.52836 ], [ -123.25734, 44.5284 ] ] } },
{ "type": "Feature", "properties": { "component": 1, "name": [ "Southeast Bayshore Circle" ], "highway": [ "residential" ] }, "geometry": { "type": "LineString", "coordinates": [ [ -123.25906, 44.52836 ], [ -123.2611, 44.52834 ] ] } },
{ "type": "Feature", "properties": { "component": 1, "name": [ "Southeast Midvale Drive" ], "highway": [ "residential" ] }, "geometry": { "type": "LineString", "coordinates": [ [ -123.25906, 44.52836 ], [ -123.25894, 44.52978 ] ] } },
{ "type": "Feature", "properties": { "component": 1, "name": [ "Southeast Dockside Drive" ], "highway": [ "residential" ] }, "geometry": { "type": "LineString", "coordinates": [ [ -123.26098, 44.5299 ], [ -123.2611, 44.52834 ] ] } },
{ "type": "Feature", "properties": { "component": 1, "name": [ "Southeast Bayshore Circle" ], "highway": [ "residential" ] }, "geometry": { "type": "LineString", "coordinates": [ [ -123.26098, 44.5299 ], [ -123.25894, 44.52978 ] ] } },
{ "type": "Feature", "properties": { "component": 1, "name": [ "Southeast Shoreline Drive" ], "highway": [ "residential" ] }, "geometry": { "type": "LineString", "coordinates": [ [ -123.26164, 44.52764 ], [ -123.26108, 44.52764 ] ] } },
{ "type": "Feature", "properties": { "component": 1, "name": [ "Southeast Dockside Drive" ], "highway": [ "residential" ] }, "geometry": { "type": "LineString", "coordinates": [ [ -123.2611, 44.52834 ], [ -123.26108, 44.52764 ] ] } },
{ "type": "Feature", "properties": { "component": 1, "name": [ "Southeast Dockside Drive" ], "highway": [ "residential" ] }, "geometry": { "type": "LineString", "coordinates": [ [ -123.2611, 44.52834 ], [ -123.26098, 44.5299 ] ] } },
{ "type": "Feature", "properties": { "component": 1, "name": [ "Southeast Bayshore Circle" ], "highway": [ "residential" ] }, "geometry": { "type": "LineString", "coordinates": [ [ -123.2611, 44.52834 ], [ -123.25906, 44.52836 ] ] } },
{ "type": "Feature", "properties": { "component": 1, "name": [ "Southeast Dockside Drive" ], "highway": [ "residential" ] }, "geometry": { "type": "LineString", "coordinates": [ [ -123.26108, 44.52764 ], [ -123.2611, 44.52834 ] ] } },
{ "type": "Feature", "properties": { "component": 1, "name": [ "Southeast Shoreline Drive" ], "highway": [ "residential" ] }, "geometry": { "type": "LineString", "coordinates": [ [ -123.26108, 44.52764 ], [ -123.26164, 44.52764 ] ] } },
{ "type": "Feature", "properties": { "component": 1, "name": [ "Southeast Shoreline Drive" ], "highway": [ "residential" ] }, "geometry": { "type": "LineString", "coordinates": [ [ -123.26108, 44.52764 ], [ -123.25904, 44.52766 ] ] } },
{ "type": "Feature", "properties": { "component": 0, "name": [ "Northwest Jackson Avenue" ], "highway": [ "residential" ] }, "geometry": { "type": "LineString", "coordinates": [ [ -123.26364, 44.56616 ], [ -123.26466, 44.56642 ] ] } },
{ "type": "Feature", "properties": { "component": 0, "name": [ "Northwest Jackson Avenue" ], "highway": [ "residential" ] }, "geometry": { "type": "LineString", "coordinates": [ [ -123.26364, 44.56616 ], [ -123.26352, 44.56614 ] ] } },
{ "type": "Feature", "properties": { "component": 0, "name": "['Southwest 7th Street' 'Southwest Madison Avenue']", "highway": [ "residential" ] }, "geometry": { "type": "LineString", "coordinates": [ [ -123.26464, 44.56422 ], [ -123.26566, 44.56444 ], [ -123.26616, 44.56348 ] ] } },
{ "type": "Feature", "properties": { "component": 1, "name": [ "Southeast Channel Avenue" ], "highway": [ "residential" ] }, "geometry": { "type": "LineString", "coordinates": [ [ -123.25652, 44.52904 ], [ -123.25604, 44.52902 ] ] } },
{ "type": "Feature", "properties": { "component": 1, "name": [ "Southeast Channel Avenue" ], "highway": [ "residential" ] }, "geometry": { "type": "LineString", "coordinates": [ [ -123.25652, 44.52904 ], [ -123.257, 44.52906 ] ] } },
{ "type": "Feature", "properties": { "component": 1, "name": [ "Southeast Bayou Place" ], "highway": [ "residential" ] }, "geometry": { "type": "LineString", "coordinates": [ [ -123.25652, 44.52904 ], [ -123.2569, 44.52988 ], [ -123.25784, 44.53006 ], [ -123.25792, 44.52972 ] ] } },
{ "type": "Feature", "properties": { "component": 7, "name": [ "Northwest Shooting Star Drive" ], "highway": [ "residential" ] }, "geometry": { "type": "LineString", "coordinates": [ [ -123.28424, 44.59742 ], [ -123.28502, 44.59822 ] ] } },
{ "type": "Feature", "properties": { "component": 7, "name": "Unnamed street", "highway": [ "cycleway" ] }, "geometry": { "type": "LineString", "coordinates": [ [ -123.28424, 44.59742 ], [ -123.2843, 44.59742 ] ] } },
{ "type": "Feature", "properties": { "component": 7, "name": [ "Betty Griffiths Trail" ], "highway": "['cycleway' 'path']" }, "geometry": { "type": "LineString", "coordinates": [ [ -123.28424, 44.59742 ], [ -123.28346, 44.59732 ] ] } },
{ "type": "Feature", "properties": { "component": 1, "name": [ "Southeast Safe Harbor Street" ], "highway": [ "residential" ] }, "geometry": { "type": "LineString", "coordinates": [ [ -123.25458, 44.5327 ], [ -123.2552, 44.53136 ] ] } },
{ "type": "Feature", "properties": { "component": 1, "name": [ "Southeast Shoreline Drive" ], "highway": [ "residential" ] }, "geometry": { "type": "LineString", "coordinates": [ [ -123.25458, 44.5327 ], [ -123.25364, 44.53214 ], [ -123.25442, 44.53096 ] ] } },
{ "type": "Feature", "properties": { "component": 1, "name": "['Southeast Shoreline Drive' 'Southeast Maritime Street']", "highway": [ "residential" ] }, "geometry": { "type": "LineString", "coordinates": [ [ -123.25458, 44.5327 ], [ -123.25554, 44.53272 ], [ -123.25592, 44.53172 ] ] } },
{ "type": "Feature", "properties": { "component": 2, "name": "Unnamed street", "highway": [ "residential" ] }, "geometry": { "type": "LineString", "coordinates": [ [ -123.32616, 44.56028 ], [ -123.3266, 44.5603 ] ] } },
{ "type": "Feature", "properties": { "component": 2, "name": [ "Southwest Timber Ridge Drive" ], "highway": [ "residential" ] }, "geometry": { "type": "LineString", "coordinates": [ [ -123.32616, 44.56028 ], [ -123.32466, 44.55992 ] ] } },
{ "type": "Feature", "properties": { "component": 2, "name": [ "Southwest Timber Ridge Drive" ], "highway": [ "residential" ] }, "geometry": { "type": "LineString", "coordinates": [ [ -123.32616, 44.56028 ], [ -123.32482, 44.56112 ], [ -123.32378, 44.56086 ] ] } },
{ "type": "Feature", "properties": { "component": 2, "name": [ "Southwest Englewood Avenue" ], "highway": [ "residential" ] }, "geometry": { "type": "LineString", "coordinates": [ [ -123.31634, 44.55892 ], [ -123.3178, 44.5589 ] ] } },
{ "type": "Feature", "properties": { "component": 2, "name": [ "Southwest 57th Street" ], "highway": [ "residential" ] }, "geometry": { "type": "LineString", "coordinates": [ [ -123.31634, 44.55892 ], [ -123.31634, 44.55864 ] ] } },
{ "type": "Feature", "properties": { "component": 2, "name": [ "Southwest 57th Street" ], "highway": [ "residential" ] }, "geometry": { "type": "LineString", "coordinates": [ [ -123.31634, 44.55892 ], [ -123.31612, 44.55968 ] ] } },
{ "type": "Feature", "properties": { "component": 2, "name": [ "Southwest Englewood Avenue" ], "highway": [ "residential" ] }, "geometry": { "type": "LineString", "coordinates": [ [ -123.3178, 44.5589 ], [ -123.31634, 44.55892 ] ] } },
{ "type": "Feature", "properties": { "component": 2, "name": [ "Southwest 58th Street" ], "highway": [ "residential" ] }, "geometry": { "type": "LineString", "coordinates": [ [ -123.3178, 44.5589 ], [ -123.31782, 44.55862 ] ] } },
{ "type": "Feature", "properties": { "component": 2, "name": [ "Southwest Englewood Avenue" ], "highway": [ "residential" ] }, "geometry": { "type": "LineString", "coordinates": [ [ -123.3178, 44.5589 ], [ -123.31932, 44.55898 ] ] } },
{ "type": "Feature", "properties": { "component": 2, "name": [ "Southwest Donovan Place" ], "highway": [ "residential" ] }, "geometry": { "type": "LineString", "coordinates": [ [ -123.31612, 44.55968 ], [ -123.31634, 44.55974 ] ] } },
{ "type": "Feature", "properties": { "component": 2, "name": [ "Southwest Donovan Place" ], "highway": [ "residential" ] }, "geometry": { "type": "LineString", "coordinates": [ [ -123.31612, 44.55968 ], [ -123.31524, 44.5596 ] ] } },
{ "type": "Feature", "properties": { "component": 2, "name": [ "Southwest 57th Street" ], "highway": [ "residential" ] }, "geometry": { "type": "LineString", "coordinates": [ [ -123.31612, 44.55968 ], [ -123.31634, 44.55892 ] ] } },
{ "type": "Feature", "properties": { "component": 2, "name": [ "Southwest 57th Street" ], "highway": [ "residential" ] }, "geometry": { "type": "LineString", "coordinates": [ [ -123.31634, 44.55864 ], [ -123.31634, 44.55892 ] ] } },
{ "type": "Feature", "properties": { "component": 2, "name": [ "Southwest 58th Street" ], "highway": [ "residential" ] }, "geometry": { "type": "LineString", "coordinates": [ [ -123.31782, 44.55862 ], [ -123.3178, 44.5589 ] ] } },
{ "type": "Feature", "properties": { "component": 2, "name": [ "Southwest Grand Oaks Drive" ], "highway": [ "residential" ] }, "geometry": { "type": "LineString", "coordinates": [ [ -123.32466, 44.55992 ], [ -123.32378, 44.56086 ] ] } },
{ "type": "Feature", "properties": { "component": 2, "name": [ "Southwest Grand Oaks Drive" ], "highway": [ "residential" ] }, "geometry": { "type": "LineString", "coordinates": [ [ -123.32466, 44.55992 ], [ -123.32424, 44.5593 ] ] } },
{ "type": "Feature", "properties": { "component": 2, "name": [ "Southwest Timber Ridge Drive" ], "highway": [ "residential" ] }, "geometry": { "type": "LineString", "coordinates": [ [ -123.32466, 44.55992 ], [ -123.32616, 44.56028 ] ] } },
{ "type": "Feature", "properties": { "component": 2, "name": "Unnamed street", "highway": [ "residential" ] }, "geometry": { "type": "LineString", "coordinates": [ [ -123.3266, 44.5603 ], [ -123.32616, 44.56028 ] ] } },
{ "type": "Feature", "properties": { "component": 2, "name": [ "Southwest Quiet Creek Avenue" ], "highway": [ "residential" ] }, "geometry": { "type": "LineString", "coordinates": [ [ -123.32178, 44.56086 ], [ -123.32262, 44.56074 ] ] } },
{ "type": "Feature", "properties": { "component": 2, "name": [ "Southwest Quiet Creek Avenue" ], "highway": [ "residential" ] }, "geometry": { "type": "LineString", "coordinates": [ [ -123.32178, 44.56086 ], [ -123.32032, 44.56086 ] ] } },
{ "type": "Feature", "properties": { "component": 2, "name": "['Southwest Chestnut Drive' 'Southwest Sandalwood Street']", "highway": [ "residential" ] }, "geometry": { "type": "LineString", "coordinates": [ [ -123.32178, 44.56086 ], [ -123.32182, 44.55974 ], [ -123.32318, 44.559 ] ] } },
{ "type": "Feature", "properties": { "component": 2, "name": [ "Southwest Fallbrook Street" ], "highway": [ "residential" ] }, "geometry": { "type": "LineString", "coordinates": [ [ -123.32328, 44.5613 ], [ -123.32262, 44.56074 ] ] } },
{ "type": "Feature", "properties": { "component": 2, "name": [ "Southwest Grand Oaks Drive" ], "highway": [ "residential" ] }, "geometry": { "type": "LineString", "coordinates": [ [ -123.32328, 44.5613 ], [ -123.3192, 44.56142 ] ] } },
{ "type": "Feature", "properties": { "component": 2, "name": [ "Southwest Grand Oaks Drive" ], "highway": [ "residential" ] }, "geometry": { "type": "LineString", "coordinates": [ [ -123.32328, 44.5613 ], [ -123.32378, 44.56086 ] ] } },
{ "type": "Feature", "properties": { "component": 2, "name": [ "Southwest Grand Oaks Drive" ], "highway": [ "residential" ] }, "geometry": { "type": "LineString", "coordinates": [ [ -123.32378, 44.56086 ], [ -123.32328, 44.5613 ] ] } },
{ "type": "Feature", "properties": { "component": 2, "name": [ "Southwest Grand Oaks Drive" ], "highway": [ "residential" ] }, "geometry": { "type": "LineString", "coordinates": [ [ -123.32378, 44.56086 ], [ -123.32466, 44.55992 ] ] } },
{ "type": "Feature", "properties": { "component": 2, "name": [ "Southwest Timber Ridge Drive" ], "highway": [ "residential" ] }, "geometry": { "type": "LineString", "coordinates": [ [ -123.32378, 44.56086 ], [ -123.32482, 44.56112 ], [ -123.32616, 44.56028 ] ] } },
{ "type": "Feature", "properties": { "component": 0, "name": "['Southwest 13th Street' 'Southwest Adams Avenue']", "highway": [ "residential" ] }, "geometry": { "type": "LineString", "coordinates": [ [ -123.27216, 44.56338 ], [ -123.27086, 44.56356 ] ] } },
{ "type": "Feature", "properties": { "component": 2, "name": [ "Southwest Grand Oaks Drive" ], "highway": [ "residential" ] }, "geometry": { "type": "LineString", "coordinates": [ [ -123.31828, 44.56158 ], [ -123.3192, 44.56142 ] ] } },
{ "type": "Feature", "properties": { "component": 0, "name": [ "Southwest 16th Street" ], "highway": [ "residential" ] }, "geometry": { "type": "LineString", "coordinates": [ [ -123.27498, 44.55976 ], [ -123.27518, 44.56076 ] ] } },
{ "type": "Feature", "properties": { "component": 1, "name": [ "Southeast Midvale Drive" ], "highway": [ "residential" ] }, "geometry": { "type": "LineString", "coordinates": [ [ -123.25904, 44.52734 ], [ -123.25904, 44.52766 ] ] } },
{ "type": "Feature", "properties": { "component": 1, "name": [ "Southeast Summerfield Drive" ], "highway": [ "residential" ] }, "geometry": { "type": "LineString", "coordinates": [ [ -123.26078, 44.5311 ], [ -123.26056, 44.53318 ] ] } },
{ "type": "Feature", "properties": { "component": 5, "name": [ "Northwest Mirador Place" ], "highway": [ "residential" ] }, "geometry": { "type": "LineString", "coordinates": [ [ -123.25352, 44.59938 ], [ -123.25586, 44.59932 ] ] } },
{ "type": "Feature", "properties": { "component": 5, "name": [ "Northwest Veracruz Place" ], "highway": [ "residential" ] }, "geometry": { "type": "LineString", "coordinates": [ [ -123.25678, 44.60126 ], [ -123.2569, 44.60074 ] ] } },
{ "type": "Feature", "properties": { "component": 5, "name": [ "Northwest Gonzalez Avenue" ], "highway": [ "residential" ] }, "geometry": { "type": "LineString", "coordinates": [ [ -123.25586, 44.6006 ], [ -123.2569, 44.60074 ] ] } },
{ "type": "Feature", "properties": { "component": 5, "name": [ "Northwest Coronado Street" ], "highway": [ "residential" ] }, "geometry": { "type": "LineString", "coordinates": [ [ -123.25586, 44.6006 ], [ -123.25586, 44.59996 ] ] } },
{ "type": "Feature", "properties": { "component": 5, "name": [ "Northwest Coronado Street" ], "highway": [ "residential" ] }, "geometry": { "type": "LineString", "coordinates": [ [ -123.25586, 44.6006 ], [ -123.25568, 44.60138 ] ] } },
{ "type": "Feature", "properties": { "component": 5, "name": [ "Northwest Aztec Avenue" ], "highway": [ "residential" ] }, "geometry": { "type": "LineString", "coordinates": [ [ -123.25746, 44.59996 ], [ -123.25586, 44.59996 ] ] } },
{ "type": "Feature", "properties": { "component": 5, "name": [ "Northwest Mirador Place" ], "highway": [ "residential" ] }, "geometry": { "type": "LineString", "coordinates": [ [ -123.25586, 44.59932 ], [ -123.25352, 44.59938 ] ] } },
{ "type": "Feature", "properties": { "component": 5, "name": [ "Northwest Mirador Place" ], "highway": [ "residential" ] }, "geometry": { "type": "LineString", "coordinates": [ [ -123.25586, 44.59932 ], [ -123.25744, 44.59928 ] ] } },
{ "type": "Feature", "properties": { "component": 5, "name": [ "Northwest Coronado Street" ], "highway": [ "residential" ] }, "geometry": { "type": "LineString", "coordinates": [ [ -123.25586, 44.59932 ], [ -123.25586, 44.59996 ] ] } },
{ "type": "Feature", "properties": { "component": 5, "name": [ "Northwest Mirador Place" ], "highway": [ "residential" ] }, "geometry": { "type": "LineString", "coordinates": [ [ -123.25744, 44.59928 ], [ -123.25586, 44.59932 ] ] } },
{ "type": "Feature", "properties": { "component": 5, "name": [ "Northwest Gonzalez Avenue" ], "highway": [ "residential" ] }, "geometry": { "type": "LineString", "coordinates": [ [ -123.2569, 44.60074 ], [ -123.25586, 44.6006 ] ] } },
{ "type": "Feature", "properties": { "component": 5, "name": [ "Northwest Gonzalez Avenue" ], "highway": [ "residential" ] }, "geometry": { "type": "LineString", "coordinates": [ [ -123.2569, 44.60074 ], [ -123.25746, 44.6008 ] ] } },
{ "type": "Feature", "properties": { "component": 5, "name": [ "Northwest Veracruz Place" ], "highway": [ "residential" ] }, "geometry": { "type": "LineString", "coordinates": [ [ -123.2569, 44.60074 ], [ -123.25678, 44.60126 ] ] } },
{ "type": "Feature", "properties": { "component": 5, "name": [ "Northwest Coronado Street" ], "highway": [ "residential" ] }, "geometry": { "type": "LineString", "coordinates": [ [ -123.25586, 44.59996 ], [ -123.25586, 44.59932 ] ] } },
{ "type": "Feature", "properties": { "component": 5, "name": [ "Northwest Coronado Street" ], "highway": [ "residential" ] }, "geometry": { "type": "LineString", "coordinates": [ [ -123.25586, 44.59996 ], [ -123.25586, 44.6006 ] ] } },
{ "type": "Feature", "properties": { "component": 5, "name": [ "Northwest Aztec Avenue" ], "highway": [ "residential" ] }, "geometry": { "type": "LineString", "coordinates": [ [ -123.25586, 44.59996 ], [ -123.25746, 44.59996 ] ] } },
{ "type": "Feature", "properties": { "component": 4, "name": [ "Southwest Agate Avenue" ], "highway": [ "residential" ] }, "geometry": { "type": "LineString", "coordinates": [ [ -123.29568, 44.538 ], [ -123.2947, 44.53802 ] ] } },
{ "type": "Feature", "properties": { "component": 4, "name": [ "Mulligan Place" ], "highway": [ "residential" ] }, "geometry": { "type": "LineString", "coordinates": [ [ -123.29568, 44.538 ], [ -123.2958, 44.53916 ] ] } },
{ "type": "Feature", "properties": { "component": 4, "name": [ "Southwest Agate Avenue" ], "highway": [ "residential" ] }, "geometry": { "type": "LineString", "coordinates": [ [ -123.29568, 44.538 ], [ -123.29756, 44.53852 ] ] } },
{ "type": "Feature", "properties": { "component": 0, "name": [ "Northwest Van Buren Avenue" ], "highway": [ "residential" ] }, "geometry": { "type": "LineString", "coordinates": [ [ -123.2751, 44.5702 ], [ -123.2764, 44.57016 ] ] } },
{ "type": "Feature", "properties": { "component": 0, "name": [ "Northwest 27th Street" ], "highway": [ "residential" ] }, "geometry": { "type": "LineString", "coordinates": [ [ -123.2814, 44.57014 ], [ -123.28138, 44.56976 ] ] } },
{ "type": "Feature", "properties": { "component": 0, "name": [ "Northwest Van Buren Avenue" ], "highway": [ "residential" ] }, "geometry": { "type": "LineString", "coordinates": [ [ -123.2814, 44.57014 ], [ -123.28102, 44.57038 ] ] } },
{ "type": "Feature", "properties": { "component": 0, "name": [ "Northwest 26th Street" ], "highway": [ "residential" ] }, "geometry": { "type": "LineString", "coordinates": [ [ -123.28008, 44.57042 ], [ -123.28012, 44.57178 ] ] } },
{ "type": "Feature", "properties": { "component": 0, "name": [ "Northwest 26th Street" ], "highway": [ "residential" ] }, "geometry": { "type": "LineString", "coordinates": [ [ -123.28008, 44.57042 ], [ -123.28002, 44.56902 ] ] } },
{ "type": "Feature", "properties": { "component": 0, "name": [ "Northwest Van Buren Avenue" ], "highway": [ "residential" ] }, "geometry": { "type": "LineString", "coordinates": [ [ -123.28008, 44.57042 ], [ -123.27892, 44.57044 ] ] } },
{ "type": "Feature", "properties": { "component": 0, "name": [ "Northwest Van Buren Avenue" ], "highway": [ "residential" ] }, "geometry": { "type": "LineString", "coordinates": [ [ -123.28008, 44.57042 ], [ -123.28102, 44.57038 ] ] } },
{ "type": "Feature", "properties": { "component": 0, "name": [ "Northwest Van Buren Avenue" ], "highway": [ "residential" ] }, "geometry": { "type": "LineString", "coordinates": [ [ -123.27892, 44.57044 ], [ -123.27766, 44.5703 ] ] } },
{ "type": "Feature", "properties": { "component": 0, "name": [ "Northwest Van Buren Avenue" ], "highway": [ "residential" ] }, "geometry": { "type": "LineString", "coordinates": [ [ -123.27892, 44.57044 ], [ -123.28008, 44.57042 ] ] } },
{ "type": "Feature", "properties": { "component": 0, "name": [ "Northwest 25th Street" ], "highway": [ "residential" ] }, "geometry": { "type": "LineString", "coordinates": [ [ -123.27892, 44.57044 ], [ -123.27892, 44.57178 ] ] } },
{ "type": "Feature", "properties": { "component": 0, "name": [ "Northwest 25th Street" ], "highway": [ "residential" ] }, "geometry": { "type": "LineString", "coordinates": [ [ -123.27892, 44.57044 ], [ -123.27892, 44.5696 ] ] } },
{ "type": "Feature", "properties": { "component": 0, "name": [ "Northwest Van Buren Avenue" ], "highway": [ "residential" ] }, "geometry": { "type": "LineString", "coordinates": [ [ -123.28778, 44.57076 ], [ -123.28974, 44.57074 ] ] } },
{ "type": "Feature", "properties": { "component": 0, "name": [ "Northwest Van Buren Avenue" ], "highway": [ "residential" ] }, "geometry": { "type": "LineString", "coordinates": [ [ -123.28778, 44.57076 ], [ -123.28678, 44.57078 ] ] } },
{ "type": "Feature", "properties": { "component": 0, "name": [ "Northwest 33rd Street" ], "highway": [ "residential" ] }, "geometry": { "type": "LineString", "coordinates": [ [ -123.28778, 44.57076 ], [ -123.2878, 44.57174 ] ] } },
{ "type": "Feature", "properties": { "component": 0, "name": [ "Northwest 33rd Street" ], "highway": [ "residential" ] }, "geometry": { "type": "LineString", "coordinates": [ [ -123.28784, 44.57318 ], [ -123.28782, 44.57272 ] ] } },
{ "type": "Feature", "properties": { "component": 0, "name": [ "Northwest Tyler Avenue" ], "highway": [ "residential" ] }, "geometry": { "type": "LineString", "coordinates": [ [ -123.28984, 44.5727 ], [ -123.29088, 44.5727 ] ] } },
{ "type": "Feature", "properties": { "component": 0, "name": [ "Northwest Tyler Avenue" ], "highway": [ "residential" ] }, "geometry": { "type": "LineString", "coordinates": [ [ -123.28984, 44.5727 ], [ -123.28884, 44.57272 ] ] } },
{ "type": "Feature", "properties": { "component": 0, "name": [ "Northwest 35th Street" ], "highway": [ "residential" ] }, "geometry": { "type": "LineString", "coordinates": [ [ -123.28984, 44.5727 ], [ -123.28986, 44.57366 ] ] } },
{ "type": "Feature", "properties": { "component": 0, "name": [ "Northwest 35th Street" ], "highway": [ "residential" ] }, "geometry": { "type": "LineString", "coordinates": [ [ -123.28984, 44.5727 ], [ -123.28982, 44.57184 ] ] } },
{ "type": "Feature", "properties": { "component": 0, "name": [ "Northwest 29th Street" ], "highway": [ "residential" ] }, "geometry": { "type": "LineString", "coordinates": [ [ -123.28368, 44.57166 ], [ -123.28366, 44.5708 ] ] } },
{ "type": "Feature", "properties": { "component": 0, "name": [ "Northwest Tyler Avenue" ], "highway": [ "residential" ] }, "geometry": { "type": "LineString", "coordinates": [ [ -123.26212, 44.56912 ], [ -123.26312, 44.56936 ] ] } },
{ "type": "Feature", "properties": { "component": 0, "name": [ "Northwest Tyler Avenue" ], "highway": [ "residential" ] }, "geometry": { "type": "LineString", "coordinates": [ [ -123.26212, 44.56912 ], [ -123.262, 44.56908 ] ] } },
{ "type": "Feature", "properties": { "component": 0, "name": [ "Northwest 6th Street" ], "highway": [ "residential" ] }, "geometry": { "type": "LineString", "coordinates": [ [ -123.26212, 44.56912 ], [ -123.26194, 44.56948 ] ] } },
{ "type": "Feature", "properties": { "component": 0, "name": [ "Northwest 6th Street" ], "highway": [ "residential" ] }, "geometry": { "type": "LineString", "coordinates": [ [ -123.26194, 44.56948 ], [ -123.26212, 44.56912 ] ] } },
{ "type": "Feature", "properties": { "component": 4, "name": [ "Southwest Whiteside Drive" ], "highway": [ "residential" ] }, "geometry": { "type": "LineString", "coordinates": [ [ -123.28958, 44.54424 ], [ -123.28982, 44.54462 ] ] } },
{ "type": "Feature", "properties": { "component": 4, "name": [ "Southwest Whiteside Drive" ], "highway": [ "residential" ] }, "geometry": { "type": "LineString", "coordinates": [ [ -123.28958, 44.54424 ], [ -123.28958, 44.54308 ] ] } },
{ "type": "Feature", "properties": { "component": 4, "name": [ "Cemetary Main Loop" ], "highway": [ "unclassified" ] }, "geometry": { "type": "LineString", "coordinates": [ [ -123.28958, 44.54424 ], [ -123.2889, 44.54348 ] ] } },
{ "type": "Feature", "properties": { "component": 0, "name": [ "Northwest 8th Street" ], "highway": [ "residential" ] }, "geometry": { "type": "LineString", "coordinates": [ [ -123.2639, 44.57022 ], [ -123.26422, 44.56964 ] ] } },
{ "type": "Feature", "properties": { "component": 7, "name": [ "Northwest Silktassel Drive" ], "highway": [ "residential" ] }, "geometry": { "type": "LineString", "coordinates": [ [ -123.28698, 44.60126 ], [ -123.28636, 44.60134 ] ] } },
{ "type": "Feature", "properties": { "component": 7, "name": [ "Northwest Silktassel Drive" ], "highway": [ "residential" ] }, "geometry": { "type": "LineString", "coordinates": [ [ -123.28698, 44.60126 ], [ -123.2886, 44.60126 ] ] } },
{ "type": "Feature", "properties": { "component": 7, "name": [ "Northwest Silktassel Court" ], "highway": [ "residential" ] }, "geometry": { "type": "LineString", "coordinates": [ [ -123.28698, 44.60126 ], [ -123.28702, 44.60142 ] ] } },
{ "type": "Feature", "properties": { "component": 7, "name": [ "Northwest Silktassel Court" ], "highway": [ "residential" ] }, "geometry": { "type": "LineString", "coordinates": [ [ -123.28702, 44.60142 ], [ -123.28682, 44.60146 ] ] } },
{ "type": "Feature", "properties": { "component": 7, "name": [ "Northwest Silktassel Court" ], "highway": [ "residential" ] }, "geometry": { "type": "LineString", "coordinates": [ [ -123.28702, 44.60142 ], [ -123.28826, 44.60156 ] ] } },
{ "type": "Feature", "properties": { "component": 7, "name": [ "Northwest Silktassel Court" ], "highway": [ "residential" ] }, "geometry": { "type": "LineString", "coordinates": [ [ -123.28702, 44.60142 ], [ -123.28698, 44.60126 ] ] } },
{ "type": "Feature", "properties": { "component": 7, "name": [ "Northwest Silktassel Court" ], "highway": [ "residential" ] }, "geometry": { "type": "LineString", "coordinates": [ [ -123.28682, 44.60146 ], [ -123.28702, 44.60142 ] ] } },
{ "type": "Feature", "properties": { "component": 7, "name": [ "Northwest Silktassel Court" ], "highway": [ "residential" ] }, "geometry": { "type": "LineString", "coordinates": [ [ -123.28826, 44.60156 ], [ -123.28702, 44.60142 ] ] } },
{ "type": "Feature", "properties": { "component": 0, "name": [ "Northwest 20th Street" ], "highway": [ "residential" ] }, "geometry": { "type": "LineString", "coordinates": [ [ -123.27412, 44.57954 ], [ -123.27414, 44.58086 ] ] } },
{ "type": "Feature", "properties": { "component": 0, "name": [ "Northwest Dream Place" ], "highway": [ "residential" ] }, "geometry": { "type": "LineString", "coordinates": [ [ -123.27412, 44.57954 ], [ -123.27406, 44.57898 ] ] } },
{ "type": "Feature", "properties": { "component": 0, "name": [ "Northwest 26th Street" ], "highway": [ "residential" ] }, "geometry": { "type": "LineString", "coordinates": [ [ -123.28012, 44.57272 ], [ -123.28012, 44.57178 ] ] } },
{ "type": "Feature", "properties": { "component": 0, "name": [ "Northwest Tyler Avenue" ], "highway": [ "residential" ] }, "geometry": { "type": "LineString", "coordinates": [ [ -123.28012, 44.57272 ], [ -123.28116, 44.57272 ] ] } },
{ "type": "Feature", "properties": { "component": 0, "name": [ "Northwest Tyler Avenue" ], "highway": [ "residential" ] }, "geometry": { "type": "LineString", "coordinates": [ [ -123.28012, 44.57272 ], [ -123.27894, 44.57272 ] ] } },
{ "type": "Feature", "properties": { "component": 0, "name": [ "Northwest 25th Street" ], "highway": [ "residential" ] }, "geometry": { "type": "LineString", "coordinates": [ [ -123.27894, 44.57272 ], [ -123.279, 44.57458 ] ] } },
{ "type": "Feature", "properties": { "component": 0, "name": [ "Northwest 25th Street" ], "highway": [ "residential" ] }, "geometry": { "type": "LineString", "coordinates": [ [ -123.27894, 44.57272 ], [ -123.27892, 44.57178 ] ] } },
{ "type": "Feature", "properties": { "component": 0, "name": [ "Northwest Tyler Avenue" ], "highway": [ "residential" ] }, "geometry": { "type": "LineString", "coordinates": [ [ -123.27894, 44.57272 ], [ -123.28012, 44.57272 ] ] } },
{ "type": "Feature", "properties": { "component": 0, "name": [ "Northwest Tyler Avenue" ], "highway": [ "residential" ] }, "geometry": { "type": "LineString", "coordinates": [ [ -123.27894, 44.57272 ], [ -123.2777, 44.57262 ] ] } },
{ "type": "Feature", "properties": { "component": 0, "name": [ "Northwest 27th Street" ], "highway": [ "residential" ] }, "geometry": { "type": "LineString", "coordinates": [ [ -123.28116, 44.5737 ], [ -123.28118, 44.5746 ] ] } },
{ "type": "Feature", "properties": { "component": 0, "name": [ "Northwest 27th Street" ], "highway": [ "residential" ] }, "geometry": { "type": "LineString", "coordinates": [ [ -123.28116, 44.5737 ], [ -123.28116, 44.57272 ] ] } },
{ "type": "Feature", "properties": { "component": 0, "name": [ "Northwest Polk Avenue" ], "highway": [ "residential" ] }, "geometry": { "type": "LineString", "coordinates": [ [ -123.28116, 44.5737 ], [ -123.28226, 44.5737 ] ] } },
{ "type": "Feature", "properties": { "component": 2, "name": [ "Southwest Grand Oaks Drive" ], "highway": [ "residential" ] }, "geometry": { "type": "LineString", "coordinates": [ [ -123.324, 44.55796 ], [ -123.324, 44.55804 ] ] } },
{ "type": "Feature", "properties": { "component": 2, "name": [ "Southwest Grand Oaks Drive" ], "highway": [ "residential" ] }, "geometry": { "type": "LineString", "coordinates": [ [ -123.324, 44.55796 ], [ -123.324, 44.55724 ] ] } },
{ "type": "Feature", "properties": { "component": 2, "name": [ "Southwest Grand Oaks Drive" ], "highway": [ "residential" ] }, "geometry": { "type": "LineString", "coordinates": [ [ -123.324, 44.55804 ], [ -123.324, 44.55876 ] ] } },
{ "type": "Feature", "properties": { "component": 2, "name": [ "Southwest Grand Oaks Drive" ], "highway": [ "residential" ] }, "geometry": { "type": "LineString", "coordinates": [ [ -123.324, 44.55804 ], [ -123.324, 44.55796 ] ] } },
{ "type": "Feature", "properties": { "component": 2, "name": [ "Southwest Trellis Circle" ], "highway": [ "residential" ] }, "geometry": { "type": "LineString", "coordinates": [ [ -123.3224, 44.55844 ], [ -123.3225, 44.5585 ] ] } },
{ "type": "Feature", "properties": { "component": 2, "name": [ "Southwest Trellis Circle" ], "highway": [ "residential" ] }, "geometry": { "type": "LineString", "coordinates": [ [ -123.3224, 44.55844 ], [ -123.32202, 44.55816 ] ] } },
{ "type": "Feature", "properties": { "component": 2, "name": [ "Southwest Grand Oaks Drive" ], "highway": [ "residential" ] }, "geometry": { "type": "LineString", "coordinates": [ [ -123.32364, 44.55664 ], [ -123.324, 44.55724 ] ] } },
{ "type": "Feature", "properties": { "component": 0, "name": [ "Northwest 15th Street" ], "highway": [ "residential" ] }, "geometry": { "type": "LineString", "coordinates": [ [ -123.27316, 44.56744 ], [ -123.27264, 44.56852 ] ] } },
{ "type": "Feature", "properties": { "component": 0, "name": [ "Monroe Avenue" ], "highway": [ "tertiary" ] }, "geometry": { "type": "LineString", "coordinates": [ [ -123.27316, 44.56744 ], [ -123.2741, 44.56768 ] ] } },
{ "type": "Feature", "properties": { "component": 0, "name": [ "Monroe Avenue" ], "highway": [ "tertiary" ] }, "geometry": { "type": "LineString", "coordinates": [ [ -123.27316, 44.56744 ], [ -123.27218, 44.56722 ] ] } },
{ "type": "Feature", "properties": { "component": 0, "name": [ "Northwest 16th Street" ], "highway": [ "residential" ] }, "geometry": { "type": "LineString", "coordinates": [ [ -123.2741, 44.56768 ], [ -123.27356, 44.56876 ] ] } },
{ "type": "Feature", "properties": { "component": 0, "name": [ "Monroe Avenue" ], "highway": [ "tertiary" ] }, "geometry": { "type": "LineString", "coordinates": [ [ -123.2741, 44.56768 ], [ -123.27508, 44.56792 ] ] } },
{ "type": "Feature", "properties": { "component": 0, "name": [ "Monroe Avenue" ], "highway": [ "tertiary" ] }, "geometry": { "type": "LineString", "coordinates": [ [ -123.2741, 44.56768 ], [ -123.27316, 44.56744 ] ] } },
{ "type": "Feature", "properties": { "component": 0, "name": "['Southwest 6th Street' 'Southwest B Avenue']", "highway": [ "residential" ] }, "geometry": { "type": "LineString", "coordinates": [ [ -123.26658, 44.56022 ], [ -123.26704, 44.55924 ], [ -123.26608, 44.559 ] ] } },
{ "type": "Feature", "properties": { "component": 0, "name": [ "Southwest Adams Avenue" ], "highway": [ "residential" ] }, "geometry": { "type": "LineString", "coordinates": [ [ -123.26568, 44.56224 ], [ -123.26668, 44.5625 ] ] } },
{ "type": "Feature", "properties": { "component": 0, "name": [ "Southwest Adams Avenue" ], "highway": [ "residential" ] }, "geometry": { "type": "LineString", "coordinates": [ [ -123.26568, 44.56224 ], [ -123.26556, 44.5622 ] ] } },
{ "type": "Feature", "properties": { "component": 0, "name": [ "Southwest Adams Avenue" ], "highway": [ "residential" ] }, "geometry": { "type": "LineString", "coordinates": [ [ -123.26556, 44.5622 ], [ -123.26568, 44.56224 ] ] } },
{ "type": "Feature", "properties": { "component": 0, "name": [ "Southwest Adams Avenue" ], "highway": [ "residential" ] }, "geometry": { "type": "LineString", "coordinates": [ [ -123.26556, 44.5622 ], [ -123.26456, 44.56196 ] ] } },
{ "type": "Feature", "properties": { "component": 0, "name": "['Southwest 6th Street' 'Southwest D Avenue']", "highway": [ "residential" ] }, "geometry": { "type": "LineString", "coordinates": [ [ -123.2674, 44.5582 ], [ -123.26788, 44.55726 ], [ -123.26706, 44.55706 ] ] } },
{ "type": "Feature", "properties": { "component": 0, "name": [ "Northwest 1st Street" ], "highway": [ "residential" ] }, "geometry": { "type": "LineString", "coordinates": [ [ -123.2578, 44.5657 ], [ -123.25776, 44.5658 ] ] } },
{ "type": "Feature", "properties": { "component": 0, "name": "Unnamed street", "highway": [ "cycleway" ] }, "geometry": { "type": "LineString", "coordinates": [ [ -123.2578, 44.5657 ], [ -123.25772, 44.5657 ] ] } },
{ "type": "Feature", "properties": { "component": 0, "name": [ "Southwest 11th Street" ], "highway": [ "residential" ] }, "geometry": { "type": "LineString", "coordinates": [ [ -123.26986, 44.56554 ], [ -123.26938, 44.56652 ] ] } },
{ "type": "Feature", "properties": { "component": 0, "name": [ "Southwest 11th Street" ], "highway": [ "residential" ] }, "geometry": { "type": "LineString", "coordinates": [ [ -123.26986, 44.56554 ], [ -123.27036, 44.56456 ] ] } },
{ "type": "Feature", "properties": { "component": 0, "name": [ "Southwest Madison Avenue" ], "highway": [ "residential" ] }, "geometry": { "type": "LineString", "coordinates": [ [ -123.26986, 44.56554 ], [ -123.26776, 44.56498 ] ] } },
{ "type": "Feature", "properties": { "component": 0, "name": [ "Southwest 11th Street" ], "highway": [ "residential" ] }, "geometry": { "type": "LineString", "coordinates": [ [ -123.26938, 44.56652 ], [ -123.26986, 44.56554 ] ] } },
{ "type": "Feature", "properties": { "component": 0, "name": [ "Northwest 11th Street" ], "highway": [ "residential" ] }, "geometry": { "type": "LineString", "coordinates": [ [ -123.26938, 44.56652 ], [ -123.2689, 44.5675 ] ] } },
{ "type": "Feature", "properties": { "component": 0, "name": [ "Northwest 12th Street" ], "highway": [ "residential" ] }, "geometry": { "type": "LineString", "coordinates": [ [ -123.27034, 44.56676 ], [ -123.26986, 44.56774 ] ] } },
{ "type": "Feature", "properties": { "component": 0, "name": [ "Northwest Orchard Avenue" ], "highway": [ "residential" ] }, "geometry": { "type": "LineString", "coordinates": [ [ -123.28456, 44.5679 ], [ -123.28794, 44.5679 ] ] } },
{ "type": "Feature", "properties": { "component": 0, "name": [ "Northwest Orchard Avenue" ], "highway": [ "residential" ] }, "geometry": { "type": "LineString", "coordinates": [ [ -123.28456, 44.5679 ], [ -123.28128, 44.56794 ] ] } },
{ "type": "Feature", "properties": { "component": 0, "name": [ "Northwest 27th Street" ], "highway": [ "residential" ] }, "geometry": { "type": "LineString", "coordinates": [ [ -123.28128, 44.56794 ], [ -123.28132, 44.5686 ] ] } },
{ "type": "Feature", "properties": { "component": 0, "name": [ "Northwest Orchard Avenue" ], "highway": [ "residential" ] }, "geometry": { "type": "LineString", "coordinates": [ [ -123.28128, 44.56794 ], [ -123.28456, 44.5679 ] ] } },
{ "type": "Feature", "properties": { "component": 0, "name": [ "Northwest Orchard Avenue" ], "highway": [ "residential" ] }, "geometry": { "type": "LineString", "coordinates": [ [ -123.28128, 44.56794 ], [ -123.27994, 44.56796 ] ] } },
{ "type": "Feature", "properties": { "component": 0, "name": [ "Northwest Orchard Avenue" ], "highway": [ "residential" ] }, "geometry": { "type": "LineString", "coordinates": [ [ -123.27994, 44.56796 ], [ -123.28128, 44.56794 ] ] } },
{ "type": "Feature", "properties": { "component": 0, "name": [ "Southwest 26th Street" ], "highway": [ "residential" ] }, "geometry": { "type": "LineString", "coordinates": [ [ -123.27994, 44.56796 ], [ -123.28002, 44.56902 ] ] } },
{ "type": "Feature", "properties": { "component": 0, "name": [ "Northwest 26th Street" ], "highway": [ "residential" ] }, "geometry": { "type": "LineString", "coordinates": [ [ -123.28002, 44.56902 ], [ -123.28008, 44.57042 ] ] } },
{ "type": "Feature", "properties": { "component": 0, "name": [ "Monroe Avenue" ], "highway": [ "tertiary" ] }, "geometry": { "type": "LineString", "coordinates": [ [ -123.28002, 44.56902 ], [ -123.27894, 44.5688 ] ] } },
{ "type": "Feature", "properties": { "component": 0, "name": [ "Monroe Avenue" ], "highway": [ "tertiary" ] }, "geometry": { "type": "LineString", "coordinates": [ [ -123.27508, 44.56792 ], [ -123.2741, 44.56768 ] ] } },
{ "type": "Feature", "properties": { "component": 0, "name": [ "Monroe Avenue" ], "highway": [ "tertiary" ] }, "geometry": { "type": "LineString", "coordinates": [ [ -123.27508, 44.56792 ], [ -123.27636, 44.56822 ] ] } },
{ "type": "Feature", "properties": { "component": 0, "name": [ "Monroe Avenue" ], "highway": [ "tertiary" ] }, "geometry": { "type": "LineString", "coordinates": [ [ -123.27218, 44.56722 ], [ -123.27316, 44.56744 ] ] } },
{ "type": "Feature", "properties": { "component": 0, "name": [ "Northwest 14th Street" ], "highway": [ "residential" ] }, "geometry": { "type": "LineString", "coordinates": [ [ -123.27218, 44.56722 ], [ -123.27168, 44.56828 ] ] } },
{ "type": "Feature", "properties": { "component": 0, "name": [ "Northwest Johnson Avenue" ], "highway": [ "residential" ] }, "geometry": { "type": "LineString", "coordinates": [ [ -123.28132, 44.5686 ], [ -123.28256, 44.56862 ] ] } },
{ "type": "Feature", "properties": { "component": 0, "name": [ "Northwest 27th Street" ], "highway": [ "residential" ] }, "geometry": { "type": "LineString", "coordinates": [ [ -123.28132, 44.5686 ], [ -123.28138, 44.56976 ] ] } },
{ "type": "Feature", "properties": { "component": 0, "name": [ "Northwest 27th Street" ], "highway": [ "residential" ] }, "geometry": { "type": "LineString", "coordinates": [ [ -123.28132, 44.5686 ], [ -123.28128, 44.56794 ] ] } },
{ "type": "Feature", "properties": { "component": 0, "name": [ "Northwest 32nd Street" ], "highway": [ "residential" ] }, "geometry": { "type": "LineString", "coordinates": [ [ -123.28676, 44.56972 ], [ -123.28678, 44.57078 ] ] } },
{ "type": "Feature", "properties": { "component": 0, "name": [ "Northwest 32nd Street" ], "highway": [ "residential" ] }, "geometry": { "type": "LineString", "coordinates": [ [ -123.28676, 44.56972 ], [ -123.28674, 44.56858 ] ] } },
{ "type": "Feature", "properties": { "component": 0, "name": [ "Northwest Jackson Avenue" ], "highway": [ "residential" ] }, "geometry": { "type": "LineString", "coordinates": [ [ -123.28676, 44.56972 ], [ -123.28794, 44.56972 ] ] } },
{ "type": "Feature", "properties": { "component": 0, "name": [ "Northwest Jackson Avenue" ], "highway": [ "residential" ] }, "geometry": { "type": "LineString", "coordinates": [ [ -123.28676, 44.56972 ], [ -123.2857, 44.56974 ] ] } },
{ "type": "Feature", "properties": { "component": 0, "name": [ "Northwest 33rd Street" ], "highway": [ "residential" ] }, "geometry": { "type": "LineString", "coordinates": [ [ -123.28794, 44.56972 ], [ -123.28794, 44.56858 ] ] } },
{ "type": "Feature", "properties": { "component": 0, "name": [ "Northwest Jackson Avenue" ], "highway": [ "residential" ] }, "geometry": { "type": "LineString", "coordinates": [ [ -123.28794, 44.56972 ], [ -123.28974, 44.5697 ] ] } },
{ "type": "Feature", "properties": { "component": 0, "name": [ "Northwest Jackson Avenue" ], "highway": [ "residential" ] }, "geometry": { "type": "LineString", "coordinates": [ [ -123.28794, 44.56972 ], [ -123.28676, 44.56972 ] ] } },
{ "type": "Feature", "properties": { "component": 0, "name": [ "Northwest 34th Street" ], "highway": [ "residential" ] }, "geometry": { "type": "LineString", "coordinates": [ [ -123.28882, 44.57174 ], [ -123.28884, 44.57272 ] ] } },
{ "type": "Feature", "properties": { "component": 0, "name": [ "Northwest Tyler Place" ], "highway": [ "residential" ] }, "geometry": { "type": "LineString", "coordinates": [ [ -123.29088, 44.5727 ], [ -123.29192, 44.5726 ] ] } },
{ "type": "Feature", "properties": { "component": 0, "name": [ "Northwest Tyler Avenue" ], "highway": [ "residential" ] }, "geometry": { "type": "LineString", "coordinates": [ [ -123.29088, 44.5727 ], [ -123.28984, 44.5727 ] ] } },
{ "type": "Feature", "properties": { "component": 0, "name": [ "Northwest Polk Avenue" ], "highway": [ "residential" ] }, "geometry": { "type": "LineString", "coordinates": [ [ -123.2909, 44.57366 ], [ -123.29242, 44.57388 ] ] } },
{ "type": "Feature", "properties": { "component": 0, "name": [ "Northwest Polk Avenue" ], "highway": [ "residential" ] }, "geometry": { "type": "LineString", "coordinates": [ [ -123.2909, 44.57366 ], [ -123.28986, 44.57366 ] ] } },
{ "type": "Feature", "properties": { "component": 0, "name": [ "Northwest 35th Street" ], "highway": [ "residential" ] }, "geometry": { "type": "LineString", "coordinates": [ [ -123.28986, 44.57366 ], [ -123.28988, 44.57462 ] ] } },
{ "type": "Feature", "properties": { "component": 0, "name": [ "Northwest 35th Street" ], "highway": [ "residential" ] }, "geometry": { "type": "LineString", "coordinates": [ [ -123.28986, 44.57366 ], [ -123.28984, 44.5727 ] ] } },
{ "type": "Feature", "properties": { "component": 0, "name": [ "Northwest Polk Avenue" ], "highway": [ "residential" ] }, "geometry": { "type": "LineString", "coordinates": [ [ -123.28986, 44.57366 ], [ -123.2909, 44.57366 ] ] } },
{ "type": "Feature", "properties": { "component": 0, "name": [ "Northwest Polk Avenue" ], "highway": [ "residential" ] }, "geometry": { "type": "LineString", "coordinates": [ [ -123.28986, 44.57366 ], [ -123.28886, 44.57368 ] ] } },
{ "type": "Feature", "properties": { "component": 0, "name": [ "Northwest 34th Street" ], "highway": [ "residential" ] }, "geometry": { "type": "LineString", "coordinates": [ [ -123.28886, 44.57368 ], [ -123.28886, 44.57462 ] ] } },
{ "type": "Feature", "properties": { "component": 0, "name": [ "Northwest 34th Street" ], "highway": [ "residential" ] }, "geometry": { "type": "LineString", "coordinates": [ [ -123.28886, 44.57368 ], [ -123.28884, 44.57272 ] ] } },
{ "type": "Feature", "properties": { "component": 0, "name": [ "Northwest Polk Avenue" ], "highway": [ "residential" ] }, "geometry": { "type": "LineString", "coordinates": [ [ -123.28886, 44.57368 ], [ -123.28986, 44.57366 ] ] } },
{ "type": "Feature", "properties": { "component": 0, "name": [ "Northwest Polk Avenue" ], "highway": [ "residential" ] }, "geometry": { "type": "LineString", "coordinates": [ [ -123.28886, 44.57368 ], [ -123.28784, 44.57368 ] ] } },
{ "type": "Feature", "properties": { "component": 0, "name": [ "Northwest 33rd Street" ], "highway": [ "residential" ] }, "geometry": { "type": "LineString", "coordinates": [ [ -123.28784, 44.57368 ], [ -123.28786, 44.57464 ] ] } },
{ "type": "Feature", "properties": { "component": 0, "name": [ "Northwest Polk Avenue" ], "highway": [ "residential" ] }, "geometry": { "type": "LineString", "coordinates": [ [ -123.28784, 44.57368 ], [ -123.28682, 44.57368 ] ] } },
{ "type": "Feature", "properties": { "component": 0, "name": [ "Northwest Polk Avenue" ], "highway": [ "residential" ] }, "geometry": { "type": "LineString", "coordinates": [ [ -123.28784, 44.57368 ], [ -123.28886, 44.57368 ] ] } },
{ "type": "Feature", "properties": { "component": 0, "name": [ "Northwest 32nd Street" ], "highway": [ "residential" ] }, "geometry": { "type": "LineString", "coordinates": [ [ -123.28682, 44.57368 ], [ -123.28684, 44.57464 ] ] } },
{ "type": "Feature", "properties": { "component": 0, "name": [ "Northwest Polk Avenue" ], "highway": [ "residential" ] }, "geometry": { "type": "LineString", "coordinates": [ [ -123.28682, 44.57368 ], [ -123.28784, 44.57368 ] ] } },
{ "type": "Feature", "properties": { "component": 0, "name": [ "Northwest Polk Avenue" ], "highway": [ "residential" ] }, "geometry": { "type": "LineString", "coordinates": [ [ -123.28682, 44.57368 ], [ -123.28582, 44.5737 ] ] } },
{ "type": "Feature", "properties": { "component": 0, "name": [ "Northwest 31st Street" ], "highway": [ "residential" ] }, "geometry": { "type": "LineString", "coordinates": [ [ -123.28582, 44.5737 ], [ -123.28584, 44.57464 ] ] } },
{ "type": "Feature", "properties": { "component": 0, "name": [ "Northwest Polk Avenue" ], "highway": [ "residential" ] }, "geometry": { "type": "LineString", "coordinates": [ [ -123.28582, 44.5737 ], [ -123.28682, 44.57368 ] ] } },
{ "type": "Feature", "properties": { "component": 0, "name": [ "Northwest 31st Street" ], "highway": [ "residential" ] }, "geometry": { "type": "LineString", "coordinates": [ [ -123.28582, 44.5737 ], [ -123.2858, 44.57272 ] ] } },
{ "type": "Feature", "properties": { "component": 0, "name": [ "Northwest Polk Avenue" ], "highway": [ "residential" ] }, "geometry": { "type": "LineString", "coordinates": [ [ -123.28582, 44.5737 ], [ -123.28464, 44.5737 ] ] } },
{ "type": "Feature", "properties": { "component": 0, "name": [ "Northwest Fernwood Circle" ], "highway": [ "residential" ] }, "geometry": { "type": "LineString", "coordinates": [ [ -123.29308, 44.57782 ], [ -123.29268, 44.57782 ] ] } },
{ "type": "Feature", "properties": { "component": 7, "name": [ "Northwest Foxtail Street" ], "highway": [ "residential" ] }, "geometry": { "type": "LineString", "coordinates": [ [ -123.28654, 44.59856 ], [ -123.287, 44.59904 ] ] } },
{ "type": "Feature", "properties": { "component": 4, "name": [ "Southwest Whiteside Drive" ], "highway": [ "residential" ] }, "geometry": { "type": "LineString", "coordinates": [ [ -123.28958, 44.54308 ], [ -123.28992, 44.54168 ], [ -123.29108, 44.54168 ], [ -123.2918, 44.5422 ] ] } },
{ "type": "Feature", "properties": { "component": 4, "name": [ "Southwest Whiteside Drive" ], "highway": [ "residential" ] }, "geometry": { "type": "LineString", "coordinates": [ [ -123.28958, 44.54308 ], [ -123.28958, 44.54424 ] ] } },
{ "type": "Feature", "properties": { "component": 4, "name": [ "Southwest Fairhaven Drive" ], "highway": [ "residential" ] }, "geometry": { "type": "LineString", "coordinates": [ [ -123.28958, 44.54308 ], [ -123.2939, 44.54306 ], [ -123.29542, 44.54226 ] ] } },
{ "type": "Feature", "properties": { "component": 0, "name": [ "Northwest 18th Street" ], "highway": [ "residential" ] }, "geometry": { "type": "LineString", "coordinates": [ [ -123.2748, 44.57054 ], [ -123.27448, 44.57114 ] ] } },
{ "type": "Feature", "properties": { "component": 0, "name": [ "Northwest Lantana Drive" ], "highway": [ "residential" ] }, "geometry": { "type": "LineString", "coordinates": [ [ -123.29036, 44.5844 ], [ -123.29086, 44.58526 ] ] } },
{ "type": "Feature", "properties": { "component": 0, "name": [ "Monroe Avenue" ], "highway": [ "tertiary" ] }, "geometry": { "type": "LineString", "coordinates": [ [ -123.27894, 44.5688 ], [ -123.28002, 44.56902 ] ] } },
{ "type": "Feature", "properties": { "component": 0, "name": [ "Monroe Avenue" ], "highway": [ "tertiary" ] }, "geometry": { "type": "LineString", "coordinates": [ [ -123.27894, 44.5688 ], [ -123.27782, 44.56854 ] ] } },
{ "type": "Feature", "properties": { "component": 0, "name": [ "Northwest 25th Street" ], "highway": [ "residential" ] }, "geometry": { "type": "LineString", "coordinates": [ [ -123.27894, 44.5688 ], [ -123.27892, 44.5696 ] ] } },
{ "type": "Feature", "properties": { "component": 3, "name": [ "Northwest Stag Run Place" ], "highway": [ "residential" ] }, "geometry": { "type": "LineString", "coordinates": [ [ -123.3106, 44.5939 ], [ -123.31126, 44.5939 ] ] } },
{ "type": "Feature", "properties": { "component": 3, "name": [ "Northwest Stag Run Place" ], "highway": [ "residential" ] }, "geometry": { "type": "LineString", "coordinates": [ [ -123.3106, 44.5939 ], [ -123.30964, 44.59392 ] ] } },
{ "type": "Feature", "properties": { "component": 3, "name": [ "Northwest Deer Run Place" ], "highway": [ "residential" ] }, "geometry": { "type": "LineString", "coordinates": [ [ -123.3106, 44.5939 ], [ -123.31132, 44.59324 ] ] } },
{ "type": "Feature", "properties": { "component": 3, "name": [ "Northwest Deer Run Street" ], "highway": [ "residential" ] }, "geometry": { "type": "LineString", "coordinates": [ [ -123.3106, 44.5939 ], [ -123.31068, 44.59478 ] ] } },
{ "type": "Feature", "properties": { "component": 3, "name": [ "Northwest Deer Run Place" ], "highway": [ "residential" ] }, "geometry": { "type": "LineString", "coordinates": [ [ -123.31132, 44.59324 ], [ -123.3106, 44.5939 ] ] } },
{ "type": "Feature", "properties": { "component": 3, "name": [ "Northwest Deer Run Street" ], "highway": [ "residential" ] }, "geometry": { "type": "LineString", "coordinates": [ [ -123.31068, 44.59478 ], [ -123.31086, 44.59508 ] ] } },
{ "type": "Feature", "properties": { "component": 3, "name": [ "Northwest Deer Run Street" ], "highway": [ "residential" ] }, "geometry": { "type": "LineString", "coordinates": [ [ -123.31068, 44.59478 ], [ -123.3106, 44.5939 ] ] } },
{ "type": "Feature", "properties": { "component": 3, "name": [ "Northwest Buckbrush Place" ], "highway": [ "residential" ] }, "geometry": { "type": "LineString", "coordinates": [ [ -123.31068, 44.59478 ], [ -123.31012, 44.59522 ] ] } },
{ "type": "Feature", "properties": { "component": 3, "name": [ "Northwest Buckbrush Place" ], "highway": [ "residential" ] }, "geometry": { "type": "LineString", "coordinates": [ [ -123.31012, 44.59522 ], [ -123.31068, 44.59478 ] ] } },
{ "type": "Feature", "properties": { "component": 3, "name": [ "Northwest Deer Run Street" ], "highway": [ "residential" ] }, "geometry": { "type": "LineString", "coordinates": [ [ -123.31086, 44.59508 ], [ -123.31068, 44.59478 ] ] } },
{ "type": "Feature", "properties": { "component": 3, "name": [ "Northwest Deer Run Street" ], "highway": [ "residential" ] }, "geometry": { "type": "LineString", "coordinates": [ [ -123.31086, 44.59508 ], [ -123.31106, 44.5959 ] ] } },
{ "type": "Feature", "properties": { "component": 3, "name": [ "Northwest Stardown Drive" ], "highway": [ "residential" ] }, "geometry": { "type": "LineString", "coordinates": [ [ -123.31086, 44.59508 ], [ -123.31304, 44.5941 ] ] } },
{ "type": "Feature", "properties": { "component": 3, "name": [ "Northwest Stardown Drive" ], "highway": [ "residential" ] }, "geometry": { "type": "LineString", "coordinates": [ [ -123.31304, 44.5941 ], [ -123.31448, 44.5939 ], [ -123.31552, 44.5947 ], [ -123.31552, 44.59544 ] ] } },
{ "type": "Feature", "properties": { "component": 3, "name": [ "Northwest Stardown Drive" ], "highway": [ "residential" ] }, "geometry": { "type": "LineString", "coordinates": [ [ -123.31304, 44.5941 ], [ -123.31086, 44.59508 ] ] } },
{ "type": "Feature", "properties": { "component": 3, "name": [ "Northwest Daybreak Street" ], "highway": [ "residential" ] }, "geometry": { "type": "LineString", "coordinates": [ [ -123.31304, 44.5941 ], [ -123.31304, 44.59544 ] ] } },
{ "type": "Feature", "properties": { "component": 3, "name": [ "Northwest Torchcrest Place" ], "highway": [ "residential" ] }, "geometry": { "type": "LineString", "coordinates": [ [ -123.31552, 44.59544 ], [ -123.31446, 44.59544 ] ] } },
{ "type": "Feature", "properties": { "component": 3, "name": [ "Northwest Stardown Drive" ], "highway": [ "residential" ] }, "geometry": { "type": "LineString", "coordinates": [ [ -123.31552, 44.59544 ], [ -123.31552, 44.5947 ], [ -123.31448, 44.5939 ], [ -123.31304, 44.5941 ] ] } },
{ "type": "Feature", "properties": { "component": 3, "name": [ "Northwest Torchcrest Place" ], "highway": [ "residential" ] }, "geometry": { "type": "LineString", "coordinates": [ [ -123.31552, 44.59544 ], [ -123.31658, 44.59504 ] ] } },
{ "type": "Feature", "properties": { "component": 3, "name": [ "Northwest Torchcrest Place" ], "highway": [ "residential" ] }, "geometry": { "type": "LineString", "coordinates": [ [ -123.31446, 44.59544 ], [ -123.31552, 44.59544 ] ] } },
{ "type": "Feature", "properties": { "component": 3, "name": [ "Northwest Torchcrest Place" ], "highway": [ "residential" ] }, "geometry": { "type": "LineString", "coordinates": [ [ -123.31446, 44.59544 ], [ -123.31304, 44.59544 ] ] } },
{ "type": "Feature", "properties": { "component": 3, "name": [ "Northwest Covey Place" ], "highway": [ "residential" ] }, "geometry": { "type": "LineString", "coordinates": [ [ -123.31446, 44.59544 ], [ -123.31426, 44.59474 ] ] } },
{ "type": "Feature", "properties": { "component": 3, "name": [ "Northwest Covey Place" ], "highway": [ "residential" ] }, "geometry": { "type": "LineString", "coordinates": [ [ -123.31446, 44.59544 ], [ -123.31448, 44.5959 ] ] } },
{ "type": "Feature", "properties": { "component": 3, "name": [ "Northwest Covey Place" ], "highway": [ "residential" ] }, "geometry": { "type": "LineString", "coordinates": [ [ -123.31426, 44.59474 ], [ -123.31446, 44.59544 ] ] } },
{ "type": "Feature", "properties": { "component": 0, "name": [ "Northwest Merrie Drive" ], "highway": [ "residential" ] }, "geometry": { "type": "LineString", "coordinates": [ [ -123.29558, 44.57176 ], [ -123.29524, 44.57278 ] ] } },
{ "type": "Feature", "properties": { "component": 3, "name": [ "Marigold Place" ], "highway": [ "residential" ] }, "geometry": { "type": "LineString", "coordinates": [ [ -123.30786, 44.59328 ], [ -123.30834, 44.59362 ] ] } },
{ "type": "Feature", "properties": { "component": 4, "name": [ "Cemetary Main Loop" ], "highway": [ "unclassified" ] }, "geometry": { "type": "LineString", "coordinates": [ [ -123.2889, 44.54348 ], [ -123.2863, 44.5437 ], [ -123.28582, 44.54302 ], [ -123.28866, 44.54278 ], [ -123.28906, 44.54298 ], [ -123.2889, 44.54348 ] ] } },
{ "type": "Feature", "properties": { "component": 4, "name": [ "Cemetary Main Loop" ], "highway": [ "unclassified" ] }, "geometry": { "type": "LineString", "coordinates": [ [ -123.2889, 44.54348 ], [ -123.28906, 44.54298 ], [ -123.28866, 44.54278 ], [ -123.28582, 44.54302 ], [ -123.2863, 44.5437 ], [ -123.2889, 44.54348 ] ] } },
{ "type": "Feature", "properties": { "component": 4, "name": [ "Cemetary Main Loop" ], "highway": [ "unclassified" ] }, "geometry": { "type": "LineString", "coordinates": [ [ -123.2889, 44.54348 ], [ -123.28958, 44.54424 ] ] } },
{ "type": "Feature", "properties": { "component": 3, "name": [ "Northwest Lavender Circle" ], "highway": [ "residential" ] }, "geometry": { "type": "LineString", "coordinates": [ [ -123.30998, 44.59282 ], [ -123.30962, 44.5935 ] ] } },
{ "type": "Feature", "properties": { "component": 3, "name": [ "Northwest Torchcrest Place" ], "highway": [ "residential" ] }, "geometry": { "type": "LineString", "coordinates": [ [ -123.31202, 44.59538 ], [ -123.31304, 44.59544 ] ] } },
{ "type": "Feature", "properties": { "component": 3, "name": [ "Northwest Torchcrest Place" ], "highway": [ "residential" ] }, "geometry": { "type": "LineString", "coordinates": [ [ -123.31658, 44.59504 ], [ -123.31552, 44.59544 ] ] } },
{ "type": "Feature", "properties": { "component": 3, "name": [ "Northwest Torchcrest Place" ], "highway": [ "residential" ] }, "geometry": { "type": "LineString", "coordinates": [ [ -123.31304, 44.59544 ], [ -123.31446, 44.59544 ] ] } },
{ "type": "Feature", "properties": { "component": 3, "name": [ "Northwest Torchcrest Place" ], "highway": [ "residential" ] }, "geometry": { "type": "LineString", "coordinates": [ [ -123.31304, 44.59544 ], [ -123.31202, 44.59538 ] ] } },
{ "type": "Feature", "properties": { "component": 3, "name": [ "Northwest Daybreak Street" ], "highway": [ "residential" ] }, "geometry": { "type": "LineString", "coordinates": [ [ -123.31304, 44.59544 ], [ -123.31304, 44.5941 ] ] } },
{ "type": "Feature", "properties": { "component": 0, "name": [ "Southwest 7th Street" ], "highway": [ "residential" ] }, "geometry": { "type": "LineString", "coordinates": [ [ -123.2675, 44.5609 ], [ -123.2672, 44.56152 ] ] } },
{ "type": "Feature", "properties": { "component": 0, "name": [ "Southwest B Avenue" ], "highway": [ "residential" ] }, "geometry": { "type": "LineString", "coordinates": [ [ -123.26286, 44.55816 ], [ -123.26394, 44.55844 ] ] } },
{ "type": "Feature", "properties": { "component": 0, "name": "['Southwest B Avenue' 'Southwest Western Boulevard']", "highway": [ "residential" ] }, "geometry": { "type": "LineString", "coordinates": [ [ -123.26286, 44.55816 ], [ -123.26196, 44.5581 ], [ -123.26136, 44.55884 ], [ -123.26238, 44.55916 ] ] } },
{ "type": "Feature", "properties": { "component": 0, "name": [ "Southwest 2nd Street" ], "highway": [ "residential" ] }, "geometry": { "type": "LineString", "coordinates": [ [ -123.26286, 44.55816 ], [ -123.26238, 44.55916 ] ] } },
{ "type": "Feature", "properties": { "component": 0, "name": [ "Northwest Hobart Avenue" ], "highway": [ "residential" ] }, "geometry": { "type": "LineString", "coordinates": [ [ -123.25898, 44.58522 ], [ -123.26126, 44.5852 ] ] } },
{ "type": "Feature", "properties": { "component": 7, "name": [ "Northwest Huckleberry Drive" ], "highway": [ "residential" ] }, "geometry": { "type": "LineString", "coordinates": [ [ -123.28458, 44.60102 ], [ -123.28414, 44.60032 ], [ -123.28544, 44.59972 ] ] } },
{ "type": "Feature", "properties": { "component": 0, "name": [ "Northwest 1st Street" ], "highway": [ "residential" ] }, "geometry": { "type": "LineString", "coordinates": [ [ -123.25776, 44.5658 ], [ -123.2578, 44.5657 ] ] } },
{ "type": "Feature", "properties": { "component": 0, "name": "['Northwest 1st Street' 'Northwest Tyler Avenue']", "highway": [ "residential" ] }, "geometry": { "type": "LineString", "coordinates": [ [ -123.25776, 44.5658 ], [ -123.2568, 44.5677 ], [ -123.25782, 44.56802 ] ] } },
{ "type": "Feature", "properties": { "component": 0, "name": [ "Northwest 1st Street" ], "highway": [ "residential" ] }, "geometry": { "type": "LineString", "coordinates": [ [ -123.25784, 44.56566 ], [ -123.25826, 44.5648 ] ] } },
{ "type": "Feature", "properties": { "component": 0, "name": [ "Southwest 11th Street" ], "highway": [ "residential" ] }, "geometry": { "type": "LineString", "coordinates": [ [ -123.27086, 44.55922 ], [ -123.27106, 44.56016 ] ] } },
{ "type": "Feature", "properties": { "component": 0, "name": [ "Northwest 17th Street" ], "highway": [ "residential" ] }, "geometry": { "type": "LineString", "coordinates": [ [ -123.2718, 44.57442 ], [ -123.2722, 44.57362 ] ] } },
{ "type": "Feature", "properties": { "component": 0, "name": [ "Northwest Van Buren Avenue" ], "highway": [ "residential" ] }, "geometry": { "type": "LineString", "coordinates": [ [ -123.28102, 44.57038 ], [ -123.28008, 44.57042 ] ] } },
{ "type": "Feature", "properties": { "component": 0, "name": [ "Northwest Van Buren Avenue" ], "highway": [ "residential" ] }, "geometry": { "type": "LineString", "coordinates": [ [ -123.28102, 44.57038 ], [ -123.2814, 44.57014 ] ] } },
{ "type": "Feature", "properties": { "component": 0, "name": "['Northwest 27th Street' 'Northwest Short Street']", "highway": [ "residential" ] }, "geometry": { "type": "LineString", "coordinates": [ [ -123.28102, 44.57038 ], [ -123.28112, 44.57108 ], [ -123.28228, 44.57086 ] ] } },
{ "type": "Feature", "properties": { "component": 0, "name": "['Northwest 1st Street' 'Northwest Tyler Avenue']", "highway": [ "residential" ] }, "geometry": { "type": "LineString", "coordinates": [ [ -123.25782, 44.56802 ], [ -123.2568, 44.5677 ], [ -123.25776, 44.5658 ] ] } },
{ "type": "Feature", "properties": { "component": 0, "name": "Unnamed street", "highway": [ "cycleway" ] }, "geometry": { "type": "LineString", "coordinates": [ [ -123.25782, 44.56802 ], [ -123.25788, 44.56804 ] ] } },
{ "type": "Feature", "properties": { "component": 0, "name": [ "Northwest Tyler Avenue" ], "highway": [ "residential" ] }, "geometry": { "type": "LineString", "coordinates": [ [ -123.25788, 44.56804 ], [ -123.25892, 44.5683 ] ] } },
{ "type": "Feature", "properties": { "component": 0, "name": "Unnamed street", "highway": [ "cycleway" ] }, "geometry": { "type": "LineString", "coordinates": [ [ -123.25788, 44.56804 ], [ -123.25782, 44.56802 ] ] } },
{ "type": "Feature", "properties": { "component": 0, "name": [ "Northwest Tyler Avenue" ], "highway": [ "residential" ] }, "geometry": { "type": "LineString", "coordinates": [ [ -123.26742, 44.57042 ], [ -123.26642, 44.57018 ] ] } },
{ "type": "Feature", "properties": { "component": 0, "name": [ "Northwest Tyler Avenue" ], "highway": [ "residential" ] }, "geometry": { "type": "LineString", "coordinates": [ [ -123.26748, 44.57044 ], [ -123.26842, 44.57068 ] ] } },
{ "type": "Feature", "properties": { "component": 0, "name": [ "Northwest 11th Street" ], "highway": [ "residential" ] }, "geometry": { "type": "LineString", "coordinates": [ [ -123.26744, 44.57046 ], [ -123.267, 44.57134 ] ] } },
{ "type": "Feature", "properties": { "component": 0, "name": [ "Northwest 11th Street" ], "highway": [ "residential" ] }, "geometry": { "type": "LineString", "coordinates": [ [ -123.26746, 44.5704 ], [ -123.26792, 44.56946 ] ] } },
{ "type": "Feature", "properties": { "component": 0, "name": [ "Northwest Tyler Avenue" ], "highway": [ "residential" ] }, "geometry": { "type": "LineString", "coordinates": [ [ -123.27482, 44.57232 ], [ -123.274, 44.5721 ] ] } },
{ "type": "Feature", "properties": { "component": 0, "name": [ "Northwest Tyler Avenue" ], "highway": [ "residential" ] }, "geometry": { "type": "LineString", "coordinates": [ [ -123.27506, 44.57238 ], [ -123.27518, 44.5724 ] ] } },
{ "type": "Feature", "properties": { "component": 2, "name": "Unnamed street", "highway": [ "cycleway" ] }, "geometry": { "type": "LineString", "coordinates": [ [ -123.31844, 44.56158 ], [ -123.31692, 44.56148 ] ] } },
{ "type": "Feature", "properties": { "component": 2, "name": "Unnamed street", "highway": [ "cycleway" ] }, "geometry": { "type": "LineString", "coordinates": [ [ -123.31692, 44.56148 ], [ -123.31638, 44.56172 ] ] } },
{ "type": "Feature", "properties": { "component": 2, "name": "Unnamed street", "highway": [ "cycleway" ] }, "geometry": { "type": "LineString", "coordinates": [ [ -123.31692, 44.56148 ], [ -123.31844, 44.56158 ] ] } },
{ "type": "Feature", "properties": { "component": 1, "name": "Unnamed street", "highway": [ "cycleway" ] }, "geometry": { "type": "LineString", "coordinates": [ [ -123.25434, 44.5309 ], [ -123.25442, 44.53096 ] ] } },
{ "type": "Feature", "properties": { "component": 1, "name": "Unnamed street", "highway": [ "cycleway" ] }, "geometry": { "type": "LineString", "coordinates": [ [ -123.25434, 44.5309 ], [ -123.25382, 44.53072 ] ] } },
{ "type": "Feature", "properties": { "component": 2, "name": [ "Southwest Cherry Avenue" ], "highway": "['residential' 'cycleway']" }, "geometry": { "type": "LineString", "coordinates": [ [ -123.31638, 44.56172 ], [ -123.31524, 44.56176 ] ] } },
{ "type": "Feature", "properties": { "component": 2, "name": "Unnamed street", "highway": [ "cycleway" ] }, "geometry": { "type": "LineString", "coordinates": [ [ -123.31638, 44.56172 ], [ -123.31692, 44.56148 ] ] } },
{ "type": "Feature", "properties": { "component": 0, "name": "Unnamed street", "highway": [ "cycleway" ] }, "geometry": { "type": "LineString", "coordinates": [ [ -123.31212, 44.56072 ], [ -123.31212, 44.56132 ] ] } },
{ "type": "Feature", "properties": { "component": 0, "name": "Unnamed street", "highway": [ "cycleway" ] }, "geometry": { "type": "LineString", "coordinates": [ [ -123.31212, 44.56072 ], [ -123.31208, 44.5587 ] ] } },
{ "type": "Feature", "properties": { "component": 0, "name": "Unnamed street", "highway": [ "cycleway" ] }, "geometry": { "type": "LineString", "coordinates": [ [ -123.31212, 44.56132 ], [ -123.31212, 44.56072 ] ] } },
{ "type": "Feature", "properties": { "component": 0, "name": "Unnamed street", "highway": [ "cycleway" ] }, "geometry": { "type": "LineString", "coordinates": [ [ -123.31212, 44.56132 ], [ -123.3121, 44.56248 ] ] } },
{ "type": "Feature", "properties": { "component": 0, "name": "Unnamed street", "highway": [ "cycleway" ] }, "geometry": { "type": "LineString", "coordinates": [ [ -123.31208, 44.5587 ], [ -123.31212, 44.56072 ] ] } },
{ "type": "Feature", "properties": { "component": 0, "name": "Unnamed street", "highway": [ "cycleway" ] }, "geometry": { "type": "LineString", "coordinates": [ [ -123.31208, 44.5587 ], [ -123.31246, 44.55638 ] ] } },
{ "type": "Feature", "properties": { "component": 0, "name": "Unnamed street", "highway": [ "cycleway" ] }, "geometry": { "type": "LineString", "coordinates": [ [ -123.3009, 44.55322 ], [ -123.30108, 44.55172 ] ] } },
{ "type": "Feature", "properties": { "component": 0, "name": "Unnamed street", "highway": [ "cycleway" ] }, "geometry": { "type": "LineString", "coordinates": [ [ -123.30108, 44.55172 ], [ -123.30086, 44.54824 ] ] } },
{ "type": "Feature", "properties": { "component": 0, "name": "Unnamed street", "highway": [ "cycleway" ] }, "geometry": { "type": "LineString", "coordinates": [ [ -123.30108, 44.55172 ], [ -123.3009, 44.55322 ] ] } },
{ "type": "Feature", "properties": { "component": 0, "name": "Unnamed street", "highway": [ "cycleway" ] }, "geometry": { "type": "LineString", "coordinates": [ [ -123.30106, 44.54696 ], [ -123.30138, 44.5469 ] ] } },
{ "type": "Feature", "properties": { "component": 0, "name": "Unnamed street", "highway": [ "cycleway" ] }, "geometry": { "type": "LineString", "coordinates": [ [ -123.30138, 44.5469 ], [ -123.30106, 44.54696 ] ] } },
{ "type": "Feature", "properties": { "component": 0, "name": [ "Corvallis-Philomath Multi-use Path" ], "highway": [ "cycleway" ] }, "geometry": { "type": "LineString", "coordinates": [ [ -123.30138, 44.5469 ], [ -123.30142, 44.54686 ] ] } },
{ "type": "Feature", "properties": { "component": 0, "name": [ "Corvallis-Philomath Multi-use Path" ], "highway": [ "cycleway" ] }, "geometry": { "type": "LineString", "coordinates": [ [ -123.30138, 44.5469 ], [ -123.30106, 44.54724 ] ] } },
{ "type": "Feature", "properties": { "component": 0, "name": [ "Riverfront Path" ], "highway": [ "cycleway" ] }, "geometry": { "type": "LineString", "coordinates": [ [ -123.25918, 44.5628 ], [ -123.25914, 44.5629 ] ] } },
{ "type": "Feature", "properties": { "component": 0, "name": [ "Riverfront Path" ], "highway": [ "cycleway" ] }, "geometry": { "type": "LineString", "coordinates": [ [ -123.25918, 44.5628 ], [ -123.25922, 44.56272 ] ] } },
{ "type": "Feature", "properties": { "component": 0, "name": "Unnamed street", "highway": [ "cycleway" ] }, "geometry": { "type": "LineString", "coordinates": [ [ -123.25918, 44.5628 ], [ -123.25928, 44.56282 ] ] } },
{ "type": "Feature", "properties": { "component": 0, "name": "Unnamed street", "highway": [ "cycleway" ] }, "geometry": { "type": "LineString", "coordinates": [ [ -123.3121, 44.56248 ], [ -123.3121, 44.56352 ] ] } },
{ "type": "Feature", "properties": { "component": 0, "name": "Unnamed street", "highway": [ "cycleway" ] }, "geometry": { "type": "LineString", "coordinates": [ [ -123.3121, 44.56248 ], [ -123.31212, 44.56132 ] ] } },
{ "type": "Feature", "properties": { "component": 0, "name": "Unnamed street", "highway": [ "cycleway" ] }, "geometry": { "type": "LineString", "coordinates": [ [ -123.3121, 44.56352 ], [ -123.31216, 44.564 ] ] } },
{ "type": "Feature", "properties": { "component": 0, "name": "Unnamed street", "highway": [ "cycleway" ] }, "geometry": { "type": "LineString", "coordinates": [ [ -123.3121, 44.56352 ], [ -123.3121, 44.56248 ] ] } },
{ "type": "Feature", "properties": { "component": 0, "name": [ "Riverfront Path" ], "highway": [ "cycleway" ] }, "geometry": { "type": "LineString", "coordinates": [ [ -123.25978, 44.56182 ], [ -123.25982, 44.56174 ] ] } },
{ "type": "Feature", "properties": { "component": 0, "name": "Unnamed street", "highway": [ "cycleway" ] }, "geometry": { "type": "LineString", "coordinates": [ [ -123.25978, 44.56182 ], [ -123.25984, 44.56184 ] ] } },
{ "type": "Feature", "properties": { "component": 0, "name": [ "Riverfront Path" ], "highway": [ "cycleway" ] }, "geometry": { "type": "LineString", "coordinates": [ [ -123.25978, 44.56182 ], [ -123.25974, 44.56192 ] ] } },
{ "type": "Feature", "properties": { "component": 0, "name": "Unnamed street", "highway": [ "cycleway" ] }, "geometry": { "type": "LineString", "coordinates": [ [ -123.25868, 44.5638 ], [ -123.25854, 44.56372 ] ] } },
{ "type": "Feature", "properties": { "component": 0, "name": "Unnamed street", "highway": [ "cycleway" ] }, "geometry": { "type": "LineString", "coordinates": [ [ -123.25868, 44.5638 ], [ -123.25876, 44.56382 ] ] } },
{ "type": "Feature", "properties": { "component": 1, "name": "Unnamed street", "highway": [ "cycleway" ] }, "geometry": { "type": "LineString", "coordinates": [ [ -123.25302, 44.55084 ], [ -123.253, 44.55072 ] ] } },
{ "type": "Feature", "properties": { "component": 1, "name": "Unnamed street", "highway": [ "cycleway" ] }, "geometry": { "type": "LineString", "coordinates": [ [ -123.253, 44.55072 ], [ -123.25302, 44.55084 ] ] } },
{ "type": "Feature", "properties": { "component": 1, "name": "Unnamed street", "highway": [ "cycleway" ] }, "geometry": { "type": "LineString", "coordinates": [ [ -123.253, 44.55072 ], [ -123.25312, 44.55056 ] ] } },
{ "type": "Feature", "properties": { "component": 0, "name": [ "Corvallis-Philomath Multi-use Path" ], "highway": [ "cycleway" ] }, "geometry": { "type": "LineString", "coordinates": [ [ -123.27982, 44.55456 ], [ -123.28014, 44.5547 ] ] } },
{ "type": "Feature", "properties": { "component": 0, "name": [ "Corvallis-Philomath Multi-use Path" ], "highway": [ "cycleway" ] }, "geometry": { "type": "LineString", "coordinates": [ [ -123.27982, 44.55456 ], [ -123.27962, 44.55494 ] ] } },
{ "type": "Feature", "properties": { "component": 0, "name": [ "Corvallis-Philomath Multi-use Path" ], "highway": [ "cycleway" ] }, "geometry": { "type": "LineString", "coordinates": [ [ -123.28014, 44.5547 ], [ -123.28932, 44.55432 ] ] } },
{ "type": "Feature", "properties": { "component": 0, "name": [ "Corvallis-Philomath Multi-use Path" ], "highway": [ "cycleway" ] }, "geometry": { "type": "LineString", "coordinates": [ [ -123.28014, 44.5547 ], [ -123.27982, 44.55456 ] ] } },
{ "type": "Feature", "properties": { "component": 0, "name": [ "Corvallis-Philomath Multi-use Path" ], "highway": [ "cycleway" ] }, "geometry": { "type": "LineString", "coordinates": [ [ -123.27962, 44.55494 ], [ -123.27982, 44.55456 ] ] } },
{ "type": "Feature", "properties": { "component": 0, "name": [ "Corvallis-Philomath Multi-use Path" ], "highway": [ "cycleway" ] }, "geometry": { "type": "LineString", "coordinates": [ [ -123.27962, 44.55494 ], [ -123.27722, 44.55616 ], [ -123.2742, 44.5568 ] ] } },
{ "type": "Feature", "properties": { "component": 0, "name": "Unnamed street", "highway": [ "cycleway" ] }, "geometry": { "type": "LineString", "coordinates": [ [ -123.2568, 44.56766 ], [ -123.25662, 44.56762 ] ] } },
{ "type": "Feature", "properties": { "component": 0, "name": "Unnamed street", "highway": [ "cycleway" ] }, "geometry": { "type": "LineString", "coordinates": [ [ -123.25662, 44.56762 ], [ -123.2568, 44.56766 ] ] } },
{ "type": "Feature", "properties": { "component": 0, "name": [ "Riverfront Path" ], "highway": [ "cycleway" ] }, "geometry": { "type": "LineString", "coordinates": [ [ -123.25662, 44.56762 ], [ -123.25658, 44.5678 ] ] } },
{ "type": "Feature", "properties": { "component": 0, "name": [ "Riverfront Path" ], "highway": [ "cycleway" ] }, "geometry": { "type": "LineString", "coordinates": [ [ -123.25662, 44.56762 ], [ -123.25682, 44.56708 ] ] } },
{ "type": "Feature", "properties": { "component": 0, "name": "Unnamed street", "highway": [ "cycleway" ] }, "geometry": { "type": "LineString", "coordinates": [ [ -123.26468, 44.55762 ], [ -123.26454, 44.5576 ] ] } },
{ "type": "Feature", "properties": { "component": 0, "name": "Unnamed street", "highway": [ "cycleway" ] }, "geometry": { "type": "LineString", "coordinates": [ [ -123.26468, 44.55762 ], [ -123.26496, 44.5576 ] ] } },
{ "type": "Feature", "properties": { "component": 0, "name": [ "Corvallis-Philomath Multi-use Path" ], "highway": [ "cycleway" ] }, "geometry": { "type": "LineString", "coordinates": [ [ -123.29502, 44.54982 ], [ -123.298, 44.54908 ] ] } },
{ "type": "Feature", "properties": { "component": 0, "name": [ "Corvallis-Philomath Multi-use Path" ], "highway": [ "cycleway" ] }, "geometry": { "type": "LineString", "coordinates": [ [ -123.29502, 44.54982 ], [ -123.29308, 44.55022 ] ] } },
{ "type": "Feature", "properties": { "component": 0, "name": [ "Corvallis-Philomath Multi-use Path" ], "highway": [ "cycleway" ] }, "geometry": { "type": "LineString", "coordinates": [ [ -123.298, 44.54908 ], [ -123.29878, 44.54866 ] ] } },
{ "type": "Feature", "properties": { "component": 0, "name": [ "Corvallis-Philomath Multi-use Path" ], "highway": [ "cycleway" ] }, "geometry": { "type": "LineString", "coordinates": [ [ -123.298, 44.54908 ], [ -123.29502, 44.54982 ] ] } },
{ "type": "Feature", "properties": { "component": 0, "name": "Unnamed street", "highway": [ "cycleway" ] }, "geometry": { "type": "LineString", "coordinates": [ [ -123.298, 44.54908 ], [ -123.29806, 44.54928 ] ] } },
{ "type": "Feature", "properties": { "component": 0, "name": [ "Corvallis-Philomath Multi-use Path" ], "highway": [ "cycleway" ] }, "geometry": { "type": "LineString", "coordinates": [ [ -123.29308, 44.55022 ], [ -123.29502, 44.54982 ] ] } },
{ "type": "Feature", "properties": { "component": 0, "name": [ "Corvallis-Philomath Multi-use Path" ], "highway": [ "cycleway" ] }, "geometry": { "type": "LineString", "coordinates": [ [ -123.29308, 44.55022 ], [ -123.29284, 44.5504 ] ] } },
{ "type": "Feature", "properties": { "component": 0, "name": "Unnamed street", "highway": [ "cycleway" ] }, "geometry": { "type": "LineString", "coordinates": [ [ -123.29308, 44.55022 ], [ -123.29278, 44.55022 ] ] } },
{ "type": "Feature", "properties": { "component": 0, "name": "Unnamed street", "highway": [ "cycleway" ] }, "geometry": { "type": "LineString", "coordinates": [ [ -123.2647, 44.55428 ], [ -123.26472, 44.5542 ] ] } },
{ "type": "Feature", "properties": { "component": 0, "name": "Unnamed street", "highway": [ "cycleway" ] }, "geometry": { "type": "LineString", "coordinates": [ [ -123.2647, 44.55428 ], [ -123.26458, 44.5551 ] ] } },
{ "type": "Feature", "properties": { "component": 0, "name": "Unnamed street", "highway": [ "cycleway" ] }, "geometry": { "type": "LineString", "coordinates": [ [ -123.26472, 44.5542 ], [ -123.26474, 44.55408 ] ] } },
{ "type": "Feature", "properties": { "component": 0, "name": "Unnamed street", "highway": [ "cycleway" ] }, "geometry": { "type": "LineString", "coordinates": [ [ -123.26472, 44.5542 ], [ -123.2647, 44.55428 ] ] } },
{ "type": "Feature", "properties": { "component": 0, "name": "Unnamed street", "highway": [ "cycleway" ] }, "geometry": { "type": "LineString", "coordinates": [ [ -123.26458, 44.5551 ], [ -123.2647, 44.55428 ] ] } },
{ "type": "Feature", "properties": { "component": 0, "name": "Unnamed street", "highway": [ "cycleway" ] }, "geometry": { "type": "LineString", "coordinates": [ [ -123.26458, 44.5551 ], [ -123.26436, 44.55596 ] ] } },
{ "type": "Feature", "properties": { "component": 0, "name": [ "Eric E. Austin Memorial Bypass" ], "highway": [ "cycleway" ] }, "geometry": { "type": "LineString", "coordinates": [ [ -123.26458, 44.5551 ], [ -123.26368, 44.55494 ], [ -123.26372, 44.55426 ] ] } },
{ "type": "Feature", "properties": { "component": 0, "name": [ "Eric E. Austin Memorial Bypass" ], "highway": [ "cycleway" ] }, "geometry": { "type": "LineString", "coordinates": [ [ -123.26372, 44.55426 ], [ -123.26368, 44.55494 ], [ -123.26458, 44.5551 ] ] } },
{ "type": "Feature", "properties": { "component": 0, "name": [ "Eric E. Austin Memorial Bypass" ], "highway": [ "cycleway" ] }, "geometry": { "type": "LineString", "coordinates": [ [ -123.26372, 44.55426 ], [ -123.2638, 44.55356 ] ] } },
{ "type": "Feature", "properties": { "component": 0, "name": [ "Eric E. Austin Memorial Bypass" ], "highway": [ "cycleway" ] }, "geometry": { "type": "LineString", "coordinates": [ [ -123.2638, 44.55356 ], [ -123.26372, 44.55426 ] ] } },
{ "type": "Feature", "properties": { "component": 0, "name": [ "Eric E. Austin Memorial Bypass" ], "highway": [ "cycleway" ] }, "geometry": { "type": "LineString", "coordinates": [ [ -123.2638, 44.55356 ], [ -123.26394, 44.5532 ] ] } },
{ "type": "Feature", "properties": { "component": 0, "name": [ "Corvallis-Philomath Multi-use Path" ], "highway": [ "cycleway" ] }, "geometry": { "type": "LineString", "coordinates": [ [ -123.30934, 44.54584 ], [ -123.3102, 44.54584 ] ] } },
{ "type": "Feature", "properties": { "component": 0, "name": [ "Corvallis-Philomath Multi-use Path" ], "highway": [ "cycleway" ] }, "geometry": { "type": "LineString", "coordinates": [ [ -123.30934, 44.54584 ], [ -123.30674, 44.54586 ] ] } },
{ "type": "Feature", "properties": { "component": 0, "name": [ "Corvallis-Philomath Multi-use Path" ], "highway": [ "cycleway" ] }, "geometry": { "type": "LineString", "coordinates": [ [ -123.3102, 44.54584 ], [ -123.31194, 44.54592 ] ] } },
{ "type": "Feature", "properties": { "component": 0, "name": [ "Corvallis-Philomath Multi-use Path" ], "highway": [ "cycleway" ] }, "geometry": { "type": "LineString", "coordinates": [ [ -123.3102, 44.54584 ], [ -123.30934, 44.54584 ] ] } },
{ "type": "Feature", "properties": { "component": 0, "name": [ "Corvallis-Philomath Multi-use Path" ], "highway": [ "cycleway" ] }, "geometry": { "type": "LineString", "coordinates": [ [ -123.30674, 44.54586 ], [ -123.30934, 44.54584 ] ] } },
{ "type": "Feature", "properties": { "component": 0, "name": [ "Corvallis-Philomath Multi-use Path" ], "highway": [ "cycleway" ] }, "geometry": { "type": "LineString", "coordinates": [ [ -123.30674, 44.54586 ], [ -123.30438, 44.54586 ] ] } },
{ "type": "Feature", "properties": { "component": 1, "name": "Unnamed street", "highway": [ "cycleway" ] }, "geometry": { "type": "LineString", "coordinates": [ [ -123.25686, 44.5278 ], [ -123.25692, 44.52784 ] ] } },
{ "type": "Feature", "properties": { "component": 1, "name": "Unnamed street", "highway": [ "cycleway" ] }, "geometry": { "type": "LineString", "coordinates": [ [ -123.25686, 44.5278 ], [ -123.25656, 44.52744 ] ] } },
{ "type": "Feature", "properties": { "component": 1, "name": "Unnamed street", "highway": [ "cycleway" ] }, "geometry": { "type": "LineString", "coordinates": [ [ -123.2556, 44.52836 ], [ -123.25512, 44.52884 ] ] } },
{ "type": "Feature", "properties": { "component": 1, "name": "Unnamed street", "highway": [ "cycleway" ] }, "geometry": { "type": "LineString", "coordinates": [ [ -123.2556, 44.52836 ], [ -123.25656, 44.52744 ] ] } },
{ "type": "Feature", "properties": { "component": 1, "name": "Unnamed street", "highway": [ "cycleway" ] }, "geometry": { "type": "LineString", "coordinates": [ [ -123.2556, 44.52836 ], [ -123.25554, 44.52888 ] ] } },
{ "type": "Feature", "properties": { "component": 1, "name": "Unnamed street", "highway": [ "cycleway" ] }, "geometry": { "type": "LineString", "coordinates": [ [ -123.25512, 44.52884 ], [ -123.25554, 44.52888 ] ] } },
{ "type": "Feature", "properties": { "component": 1, "name": "Unnamed street", "highway": [ "cycleway" ] }, "geometry": { "type": "LineString", "coordinates": [ [ -123.25512, 44.52884 ], [ -123.25486, 44.529 ] ] } },
{ "type": "Feature", "properties": { "component": 1, "name": "Unnamed street", "highway": [ "cycleway" ] }, "geometry": { "type": "LineString", "coordinates": [ [ -123.25512, 44.52884 ], [ -123.2556, 44.52836 ] ] } },
{ "type": "Feature", "properties": { "component": 1, "name": "Unnamed street", "highway": [ "cycleway" ] }, "geometry": { "type": "LineString", "coordinates": [ [ -123.25656, 44.52744 ], [ -123.2556, 44.52836 ] ] } },
{ "type": "Feature", "properties": { "component": 1, "name": "Unnamed street", "highway": [ "cycleway" ] }, "geometry": { "type": "LineString", "coordinates": [ [ -123.25656, 44.52744 ], [ -123.25686, 44.5278 ] ] } },
{ "type": "Feature", "properties": { "component": 1, "name": "Unnamed street", "highway": [ "cycleway" ] }, "geometry": { "type": "LineString", "coordinates": [ [ -123.25554, 44.52888 ], [ -123.25512, 44.52884 ] ] } },
{ "type": "Feature", "properties": { "component": 1, "name": "Unnamed street", "highway": [ "cycleway" ] }, "geometry": { "type": "LineString", "coordinates": [ [ -123.25554, 44.52888 ], [ -123.25596, 44.52892 ] ] } },
{ "type": "Feature", "properties": { "component": 1, "name": "Unnamed street", "highway": [ "cycleway" ] }, "geometry": { "type": "LineString", "coordinates": [ [ -123.25554, 44.52888 ], [ -123.2556, 44.52836 ] ] } },
{ "type": "Feature", "properties": { "component": 1, "name": "Unnamed street", "highway": [ "cycleway" ] }, "geometry": { "type": "LineString", "coordinates": [ [ -123.25486, 44.529 ], [ -123.2548, 44.52952 ] ] } },
{ "type": "Feature", "properties": { "component": 1, "name": "Unnamed street", "highway": [ "cycleway" ] }, "geometry": { "type": "LineString", "coordinates": [ [ -123.25486, 44.529 ], [ -123.25512, 44.52884 ] ] } },
{ "type": "Feature", "properties": { "component": 1, "name": "Unnamed street", "highway": [ "cycleway" ] }, "geometry": { "type": "LineString", "coordinates": [ [ -123.2471, 44.54074 ], [ -123.24736, 44.54136 ] ] } },
{ "type": "Feature", "properties": { "component": 1, "name": "Unnamed street", "highway": [ "cycleway" ] }, "geometry": { "type": "LineString", "coordinates": [ [ -123.2471, 44.54074 ], [ -123.24754, 44.53944 ] ] } },
{ "type": "Feature", "properties": { "component": 1, "name": "Unnamed street", "highway": [ "cycleway" ] }, "geometry": { "type": "LineString", "coordinates": [ [ -123.24736, 44.54136 ], [ -123.2491, 44.54296 ] ] } },
{ "type": "Feature", "properties": { "component": 1, "name": "Unnamed street", "highway": [ "cycleway" ] }, "geometry": { "type": "LineString", "coordinates": [ [ -123.24736, 44.54136 ], [ -123.2471, 44.54074 ] ] } },
{ "type": "Feature", "properties": { "component": 1, "name": "Unnamed street", "highway": [ "cycleway" ] }, "geometry": { "type": "LineString", "coordinates": [ [ -123.24754, 44.53944 ], [ -123.24752, 44.53942 ] ] } },
{ "type": "Feature", "properties": { "component": 1, "name": "Unnamed street", "highway": [ "cycleway" ] }, "geometry": { "type": "LineString", "coordinates": [ [ -123.24754, 44.53944 ], [ -123.2471, 44.54074 ] ] } },
{ "type": "Feature", "properties": { "component": 1, "name": "Unnamed street", "highway": [ "cycleway" ] }, "geometry": { "type": "LineString", "coordinates": [ [ -123.24924, 44.54342 ], [ -123.24922, 44.54334 ] ] } },
{ "type": "Feature", "properties": { "component": 1, "name": "Unnamed street", "highway": [ "cycleway" ] }, "geometry": { "type": "LineString", "coordinates": [ [ -123.24924, 44.54342 ], [ -123.2497, 44.54794 ], [ -123.25174, 44.54946 ] ] } },
{ "type": "Feature", "properties": { "component": 1, "name": "Unnamed street", "highway": [ "cycleway" ] }, "geometry": { "type": "LineString", "coordinates": [ [ -123.24922, 44.54334 ], [ -123.24924, 44.54342 ] ] } },
{ "type": "Feature", "properties": { "component": 1, "name": "Unnamed street", "highway": [ "cycleway" ] }, "geometry": { "type": "LineString", "coordinates": [ [ -123.24922, 44.54334 ], [ -123.2492, 44.54324 ] ] } },
{ "type": "Feature", "properties": { "component": 1, "name": "Unnamed street", "highway": [ "cycleway" ] }, "geometry": { "type": "LineString", "coordinates": [ [ -123.25174, 44.54946 ], [ -123.2531, 44.55048 ] ] } },
{ "type": "Feature", "properties": { "component": 1, "name": "Unnamed street", "highway": [ "cycleway" ] }, "geometry": { "type": "LineString", "coordinates": [ [ -123.25174, 44.54946 ], [ -123.2497, 44.54794 ], [ -123.24924, 44.54342 ] ] } },
{ "type": "Feature", "properties": { "component": 1, "name": "Unnamed street", "highway": [ "cycleway" ] }, "geometry": { "type": "LineString", "coordinates": [ [ -123.25174, 44.54946 ], [ -123.25176, 44.55062 ] ] } },
{ "type": "Feature", "properties": { "component": 1, "name": "Unnamed street", "highway": [ "cycleway" ] }, "geometry": { "type": "LineString", "coordinates": [ [ -123.2531, 44.55048 ], [ -123.25312, 44.55056 ] ] } },
{ "type": "Feature", "properties": { "component": 1, "name": "Unnamed street", "highway": [ "cycleway" ] }, "geometry": { "type": "LineString", "coordinates": [ [ -123.2531, 44.55048 ], [ -123.25174, 44.54946 ] ] } },
{ "type": "Feature", "properties": { "component": 1, "name": "Unnamed street", "highway": [ "cycleway" ] }, "geometry": { "type": "LineString", "coordinates": [ [ -123.25176, 44.55062 ], [ -123.25186, 44.5507 ] ] } },
{ "type": "Feature", "properties": { "component": 1, "name": "Unnamed street", "highway": [ "cycleway" ] }, "geometry": { "type": "LineString", "coordinates": [ [ -123.25176, 44.55062 ], [ -123.25174, 44.54946 ] ] } },
{ "type": "Feature", "properties": { "component": 1, "name": "Unnamed street", "highway": [ "cycleway" ] }, "geometry": { "type": "LineString", "coordinates": [ [ -123.25176, 44.55062 ], [ -123.25312, 44.55056 ] ] } },
{ "type": "Feature", "properties": { "component": 1, "name": "Unnamed street", "highway": [ "cycleway" ] }, "geometry": { "type": "LineString", "coordinates": [ [ -123.25312, 44.55056 ], [ -123.253, 44.55072 ] ] } },
{ "type": "Feature", "properties": { "component": 1, "name": "Unnamed street", "highway": [ "cycleway" ] }, "geometry": { "type": "LineString", "coordinates": [ [ -123.25312, 44.55056 ], [ -123.2531, 44.55048 ] ] } },
{ "type": "Feature", "properties": { "component": 1, "name": "Unnamed street", "highway": [ "cycleway" ] }, "geometry": { "type": "LineString", "coordinates": [ [ -123.25312, 44.55056 ], [ -123.25176, 44.55062 ] ] } },
{ "type": "Feature", "properties": { "component": 1, "name": "Unnamed street", "highway": [ "cycleway" ] }, "geometry": { "type": "LineString", "coordinates": [ [ -123.25312, 44.55056 ], [ -123.2542, 44.55062 ] ] } },
{ "type": "Feature", "properties": { "component": 1, "name": "Unnamed street", "highway": [ "cycleway" ] }, "geometry": { "type": "LineString", "coordinates": [ [ -123.2542, 44.55062 ], [ -123.25312, 44.55056 ] ] } },
{ "type": "Feature", "properties": { "component": 1, "name": "Unnamed street", "highway": [ "cycleway" ] }, "geometry": { "type": "LineString", "coordinates": [ [ -123.2542, 44.55062 ], [ -123.25478, 44.55064 ] ] } },
{ "type": "Feature", "properties": { "component": 1, "name": "Unnamed street", "highway": [ "cycleway" ] }, "geometry": { "type": "LineString", "coordinates": [ [ -123.24752, 44.53942 ], [ -123.24754, 44.53944 ] ] } },
{ "type": "Feature", "properties": { "component": 1, "name": "Unnamed street", "highway": [ "cycleway" ] }, "geometry": { "type": "LineString", "coordinates": [ [ -123.24752, 44.53942 ], [ -123.2475, 44.53882 ] ] } },
{ "type": "Feature", "properties": { "component": 1, "name": "Unnamed street", "highway": [ "cycleway" ] }, "geometry": { "type": "LineString", "coordinates": [ [ -123.2475, 44.53882 ], [ -123.24752, 44.53942 ] ] } },
{ "type": "Feature", "properties": { "component": 1, "name": "Unnamed street", "highway": [ "cycleway" ] }, "geometry": { "type": "LineString", "coordinates": [ [ -123.2475, 44.53882 ], [ -123.24896, 44.53724 ] ] } },
{ "type": "Feature", "properties": { "component": 1, "name": "Unnamed street", "highway": [ "cycleway" ] }, "geometry": { "type": "LineString", "coordinates": [ [ -123.25186, 44.5507 ], [ -123.25176, 44.55062 ] ] } },
{ "type": "Feature", "properties": { "component": 1, "name": "Unnamed street", "highway": "['cycleway' 'footway']" }, "geometry": { "type": "LineString", "coordinates": [ [ -123.25186, 44.5507 ], [ -123.25232, 44.5508 ] ] } },
{ "type": "Feature", "properties": { "component": 1, "name": "Unnamed street", "highway": "['cycleway' 'footway']" }, "geometry": { "type": "LineString", "coordinates": [ [ -123.25232, 44.5508 ], [ -123.25186, 44.5507 ] ] } },
{ "type": "Feature", "properties": { "component": 0, "name": [ "Riverfront Path" ], "highway": [ "cycleway" ] }, "geometry": { "type": "LineString", "coordinates": [ [ -123.25982, 44.56174 ], [ -123.25978, 44.56182 ] ] } },
{ "type": "Feature", "properties": { "component": 0, "name": "Unnamed street", "highway": [ "cycleway" ] }, "geometry": { "type": "LineString", "coordinates": [ [ -123.25982, 44.56174 ], [ -123.25988, 44.56176 ] ] } },
{ "type": "Feature", "properties": { "component": 0, "name": [ "Riverfront Path" ], "highway": [ "cycleway" ] }, "geometry": { "type": "LineString", "coordinates": [ [ -123.25982, 44.56174 ], [ -123.26002, 44.56134 ] ] } },
{ "type": "Feature", "properties": { "component": 0, "name": "Unnamed street", "highway": [ "cycleway" ] }, "geometry": { "type": "LineString", "coordinates": [ [ -123.25988, 44.56176 ], [ -123.25982, 44.56174 ] ] } },
{ "type": "Feature", "properties": { "component": 0, "name": "Unnamed street", "highway": [ "cycleway" ] }, "geometry": { "type": "LineString", "coordinates": [ [ -123.26002, 44.56134 ], [ -123.2601, 44.56136 ] ] } },
{ "type": "Feature", "properties": { "component": 0, "name": [ "Riverfront Path" ], "highway": [ "cycleway" ] }, "geometry": { "type": "LineString", "coordinates": [ [ -123.26002, 44.56134 ], [ -123.25982, 44.56174 ] ] } },
{ "type": "Feature", "properties": { "component": 0, "name": [ "Riverfront Path" ], "highway": [ "cycleway" ] }, "geometry": { "type": "LineString", "coordinates": [ [ -123.26002, 44.56134 ], [ -123.26022, 44.56092 ] ] } },
{ "type": "Feature", "properties": { "component": 0, "name": [ "Riverfront Path" ], "highway": [ "cycleway" ] }, "geometry": { "type": "LineString", "coordinates": [ [ -123.25854, 44.56372 ], [ -123.25844, 44.56384 ] ] } },
{ "type": "Feature", "properties": { "component": 0, "name": [ "Riverfront Path" ], "highway": [ "cycleway" ] }, "geometry": { "type": "LineString", "coordinates": [ [ -123.25854, 44.56372 ], [ -123.2588, 44.56354 ] ] } },
{ "type": "Feature", "properties": { "component": 0, "name": "Unnamed street", "highway": [ "cycleway" ] }, "geometry": { "type": "LineString", "coordinates": [ [ -123.25854, 44.56372 ], [ -123.25868, 44.5638 ] ] } },
{ "type": "Feature", "properties": { "component": 0, "name": [ "Riverfront Path" ], "highway": [ "cycleway" ] }, "geometry": { "type": "LineString", "coordinates": [ [ -123.25844, 44.56384 ], [ -123.25784, 44.56476 ] ] } },
{ "type": "Feature", "properties": { "component": 0, "name": [ "Riverfront Path" ], "highway": [ "cycleway" ] }, "geometry": { "type": "LineString", "coordinates": [ [ -123.25844, 44.56384 ], [ -123.25854, 44.56372 ] ] } },
{ "type": "Feature", "properties": { "component": 0, "name": [ "Riverfront Path" ], "highway": [ "cycleway" ] }, "geometry": { "type": "LineString", "coordinates": [ [ -123.2588, 44.56354 ], [ -123.25854, 44.56372 ] ] } },
{ "type": "Feature", "properties": { "component": 0, "name": [ "Riverfront Path" ], "highway": [ "cycleway" ] }, "geometry": { "type": "LineString", "coordinates": [ [ -123.2588, 44.56354 ], [ -123.25892, 44.56332 ] ] } },
{ "type": "Feature", "properties": { "component": 0, "name": "Unnamed street", "highway": [ "cycleway" ] }, "geometry": { "type": "LineString", "coordinates": [ [ -123.2594, 44.56236 ], [ -123.2595, 44.56238 ] ] } },
{ "type": "Feature", "properties": { "component": 0, "name": [ "Riverfront Path" ], "highway": [ "cycleway" ] }, "geometry": { "type": "LineString", "coordinates": [ [ -123.2594, 44.56236 ], [ -123.25922, 44.56272 ] ] } },
{ "type": "Feature", "properties": { "component": 0, "name": [ "Riverfront Path" ], "highway": [ "cycleway" ] }, "geometry": { "type": "LineString", "coordinates": [ [ -123.2594, 44.56236 ], [ -123.25974, 44.56192 ] ] } },
{ "type": "Feature", "properties": { "component": 0, "name": "Unnamed street", "highway": [ "cycleway" ] }, "geometry": { "type": "LineString", "coordinates": [ [ -123.2595, 44.56238 ], [ -123.2594, 44.56236 ] ] } },
{ "type": "Feature", "properties": { "component": 0, "name": [ "Riverfront Path" ], "highway": [ "cycleway" ] }, "geometry": { "type": "LineString", "coordinates": [ [ -123.25922, 44.56272 ], [ -123.25918, 44.5628 ] ] } },
{ "type": "Feature", "properties": { "component": 0, "name": "Unnamed street", "highway": [ "cycleway" ] }, "geometry": { "type": "LineString", "coordinates": [ [ -123.25922, 44.56272 ], [ -123.25932, 44.56274 ] ] } },
{ "type": "Feature", "properties": { "component": 0, "name": [ "Riverfront Path" ], "highway": [ "cycleway" ] }, "geometry": { "type": "LineString", "coordinates": [ [ -123.25922, 44.56272 ], [ -123.2594, 44.56236 ] ] } },
{ "type": "Feature", "properties": { "component": 0, "name": "Unnamed street", "highway": [ "cycleway" ] }, "geometry": { "type": "LineString", "coordinates": [ [ -123.25974, 44.56192 ], [ -123.2598, 44.56194 ] ] } },
{ "type": "Feature", "properties": { "component": 0, "name": [ "Riverfront Path" ], "highway": [ "cycleway" ] }, "geometry": { "type": "LineString", "coordinates": [ [ -123.25974, 44.56192 ], [ -123.2594, 44.56236 ] ] } },
{ "type": "Feature", "properties": { "component": 0, "name": [ "Riverfront Path" ], "highway": [ "cycleway" ] }, "geometry": { "type": "LineString", "coordinates": [ [ -123.25974, 44.56192 ], [ -123.25978, 44.56182 ] ] } },
{ "type": "Feature", "properties": { "component": 0, "name": [ "Riverfront Path" ], "highway": [ "cycleway" ] }, "geometry": { "type": "LineString", "coordinates": [ [ -123.26162, 44.55762 ], [ -123.26158, 44.55824 ] ] } },
{ "type": "Feature", "properties": { "component": 0, "name": "Unnamed street", "highway": [ "cycleway" ] }, "geometry": { "type": "LineString", "coordinates": [ [ -123.26162, 44.55762 ], [ -123.26218, 44.5575 ] ] } },
{ "type": "Feature", "properties": { "component": 0, "name": [ "Shawala Point Loop" ], "highway": [ "cycleway" ] }, "geometry": { "type": "LineString", "coordinates": [ [ -123.26162, 44.55762 ], [ -123.26164, 44.5563 ], [ -123.26324, 44.5572 ] ] } },
{ "type": "Feature", "properties": { "component": 0, "name": [ "Riverfront Path" ], "highway": [ "cycleway" ] }, "geometry": { "type": "LineString", "coordinates": [ [ -123.26158, 44.55824 ], [ -123.2615, 44.5584 ] ] } },
{ "type": "Feature", "properties": { "component": 0, "name": [ "Riverfront Path" ], "highway": [ "cycleway" ] }, "geometry": { "type": "LineString", "coordinates": [ [ -123.26158, 44.55824 ], [ -123.26162, 44.55762 ] ] } },
{ "type": "Feature", "properties": { "component": 0, "name": "Unnamed street", "highway": [ "cycleway" ] }, "geometry": { "type": "LineString", "coordinates": [ [ -123.26218, 44.5575 ], [ -123.26306, 44.55734 ] ] } },
{ "type": "Feature", "properties": { "component": 0, "name": "Unnamed street", "highway": [ "cycleway" ] }, "geometry": { "type": "LineString", "coordinates": [ [ -123.26218, 44.5575 ], [ -123.26162, 44.55762 ] ] } },
{ "type": "Feature", "properties": { "component": 0, "name": "Unnamed street", "highway": [ "cycleway" ] }, "geometry": { "type": "LineString", "coordinates": [ [ -123.26324, 44.5572 ], [ -123.26306, 44.55734 ] ] } },
{ "type": "Feature", "properties": { "component": 0, "name": "Unnamed street", "highway": [ "cycleway" ] }, "geometry": { "type": "LineString", "coordinates": [ [ -123.26324, 44.5572 ], [ -123.26436, 44.55596 ] ] } },
{ "type": "Feature", "properties": { "component": 0, "name": [ "Shawala Point Loop" ], "highway": [ "cycleway" ] }, "geometry": { "type": "LineString", "coordinates": [ [ -123.26324, 44.5572 ], [ -123.26164, 44.5563 ], [ -123.26162, 44.55762 ] ] } },
{ "type": "Feature", "properties": { "component": 0, "name": [ "Riverfront Path" ], "highway": [ "cycleway" ] }, "geometry": { "type": "LineString", "coordinates": [ [ -123.2615, 44.5584 ], [ -123.26132, 44.55878 ] ] } },
{ "type": "Feature", "properties": { "component": 0, "name": "Unnamed street", "highway": [ "cycleway" ] }, "geometry": { "type": "LineString", "coordinates": [ [ -123.2615, 44.5584 ], [ -123.26158, 44.55842 ] ] } },
{ "type": "Feature", "properties": { "component": 0, "name": [ "Riverfront Path" ], "highway": [ "cycleway" ] }, "geometry": { "type": "LineString", "coordinates": [ [ -123.2615, 44.5584 ], [ -123.26158, 44.55824 ] ] } },
{ "type": "Feature", "properties": { "component": 0, "name": "Unnamed street", "highway": [ "cycleway" ] }, "geometry": { "type": "LineString", "coordinates": [ [ -123.25892, 44.56332 ], [ -123.259, 44.56334 ] ] } },
{ "type": "Feature", "properties": { "component": 0, "name": [ "Riverfront Path" ], "highway": [ "cycleway" ] }, "geometry": { "type": "LineString", "coordinates": [ [ -123.25892, 44.56332 ], [ -123.2588, 44.56354 ] ] } },
{ "type": "Feature", "properties": { "component": 0, "name": [ "Riverfront Path" ], "highway": [ "cycleway" ] }, "geometry": { "type": "LineString", "coordinates": [ [ -123.25892, 44.56332 ], [ -123.25914, 44.5629 ] ] } },
{ "type": "Feature", "properties": { "component": 0, "name": "Unnamed street", "highway": [ "cycleway" ] }, "geometry": { "type": "LineString", "coordinates": [ [ -123.25702, 44.56724 ], [ -123.25682, 44.56708 ] ] } },
{ "type": "Feature", "properties": { "component": 0, "name": "Unnamed street", "highway": [ "cycleway" ] }, "geometry": { "type": "LineString", "coordinates": [ [ -123.25682, 44.56708 ], [ -123.25702, 44.56724 ] ] } },
{ "type": "Feature", "properties": { "component": 0, "name": [ "Riverfront Path" ], "highway": [ "cycleway" ] }, "geometry": { "type": "LineString", "coordinates": [ [ -123.25682, 44.56708 ], [ -123.25662, 44.56762 ] ] } },
{ "type": "Feature", "properties": { "component": 0, "name": [ "Riverfront Path" ], "highway": [ "cycleway" ] }, "geometry": { "type": "LineString", "coordinates": [ [ -123.25682, 44.56708 ], [ -123.25718, 44.56608 ] ] } },
{ "type": "Feature", "properties": { "component": 0, "name": "Unnamed street", "highway": [ "cycleway" ] }, "geometry": { "type": "LineString", "coordinates": [ [ -123.25718, 44.56608 ], [ -123.25746, 44.56636 ] ] } },
{ "type": "Feature", "properties": { "component": 0, "name": [ "Riverfront Path" ], "highway": [ "cycleway" ] }, "geometry": { "type": "LineString", "coordinates": [ [ -123.25718, 44.56608 ], [ -123.25682, 44.56708 ] ] } },
{ "type": "Feature", "properties": { "component": 0, "name": [ "Riverfront Path" ], "highway": [ "cycleway" ] }, "geometry": { "type": "LineString", "coordinates": [ [ -123.25718, 44.56608 ], [ -123.25746, 44.56542 ] ] } },
{ "type": "Feature", "properties": { "component": 0, "name": "Unnamed street", "highway": [ "cycleway" ] }, "geometry": { "type": "LineString", "coordinates": [ [ -123.25746, 44.56636 ], [ -123.25718, 44.56608 ] ] } },
{ "type": "Feature", "properties": { "component": 0, "name": [ "Riverfront Path" ], "highway": [ "cycleway" ] }, "geometry": { "type": "LineString", "coordinates": [ [ -123.25746, 44.56542 ], [ -123.25718, 44.56608 ] ] } },
{ "type": "Feature", "properties": { "component": 0, "name": [ "Riverfront Path" ], "highway": [ "cycleway" ] }, "geometry": { "type": "LineString", "coordinates": [ [ -123.25746, 44.56542 ], [ -123.25784, 44.56476 ] ] } },
{ "type": "Feature", "properties": { "component": 0, "name": "Unnamed street", "highway": [ "cycleway" ] }, "geometry": { "type": "LineString", "coordinates": [ [ -123.25746, 44.56542 ], [ -123.25774, 44.56556 ] ] } },
{ "type": "Feature", "properties": { "component": 0, "name": [ "Riverfront Path" ], "highway": [ "cycleway" ] }, "geometry": { "type": "LineString", "coordinates": [ [ -123.25658, 44.5678 ], [ -123.25674, 44.56782 ] ] } },
{ "type": "Feature", "properties": { "component": 0, "name": [ "Riverfront Path" ], "highway": [ "cycleway" ] }, "geometry": { "type": "LineString", "coordinates": [ [ -123.25658, 44.5678 ], [ -123.25662, 44.56762 ] ] } },
{ "type": "Feature", "properties": { "component": 0, "name": [ "Riverfront Path" ], "highway": [ "cycleway" ] }, "geometry": { "type": "LineString", "coordinates": [ [ -123.25674, 44.56782 ], [ -123.25658, 44.5678 ] ] } },
{ "type": "Feature", "properties": { "component": 0, "name": [ "Riverfront Path" ], "highway": [ "cycleway" ] }, "geometry": { "type": "LineString", "coordinates": [ [ -123.25674, 44.56782 ], [ -123.25768, 44.56808 ] ] } },
{ "type": "Feature", "properties": { "component": 0, "name": [ "Riverfront Path" ], "highway": [ "cycleway" ] }, "geometry": { "type": "LineString", "coordinates": [ [ -123.25768, 44.56808 ], [ -123.25778, 44.5681 ] ] } },
{ "type": "Feature", "properties": { "component": 0, "name": "Unnamed street", "highway": [ "cycleway" ] }, "geometry": { "type": "LineString", "coordinates": [ [ -123.25768, 44.56808 ], [ -123.25772, 44.56798 ] ] } },
{ "type": "Feature", "properties": { "component": 0, "name": [ "Riverfront Path" ], "highway": [ "cycleway" ] }, "geometry": { "type": "LineString", "coordinates": [ [ -123.25768, 44.56808 ], [ -123.25674, 44.56782 ] ] } },
{ "type": "Feature", "properties": { "component": 0, "name": "Unnamed street", "highway": [ "cycleway" ] }, "geometry": { "type": "LineString", "coordinates": [ [ -123.25784, 44.56476 ], [ -123.25812, 44.56482 ] ] } },
{ "type": "Feature", "properties": { "component": 0, "name": [ "Riverfront Path" ], "highway": [ "cycleway" ] }, "geometry": { "type": "LineString", "coordinates": [ [ -123.25784, 44.56476 ], [ -123.25746, 44.56542 ] ] } },
{ "type": "Feature", "properties": { "component": 0, "name": [ "Riverfront Path" ], "highway": [ "cycleway" ] }, "geometry": { "type": "LineString", "coordinates": [ [ -123.25784, 44.56476 ], [ -123.25844, 44.56384 ] ] } },
{ "type": "Feature", "properties": { "component": 0, "name": "Unnamed street", "highway": [ "cycleway" ] }, "geometry": { "type": "LineString", "coordinates": [ [ -123.25774, 44.56556 ], [ -123.25772, 44.5657 ] ] } },
{ "type": "Feature", "properties": { "component": 0, "name": "Unnamed street", "highway": [ "cycleway" ] }, "geometry": { "type": "LineString", "coordinates": [ [ -123.25774, 44.56556 ], [ -123.25746, 44.56542 ] ] } },
{ "type": "Feature", "properties": { "component": 0, "name": "Unnamed street", "highway": [ "cycleway" ] }, "geometry": { "type": "LineString", "coordinates": [ [ -123.26306, 44.55734 ], [ -123.26324, 44.5572 ] ] } },
{ "type": "Feature", "properties": { "component": 0, "name": "Unnamed street", "highway": [ "cycleway" ] }, "geometry": { "type": "LineString", "coordinates": [ [ -123.26306, 44.55734 ], [ -123.2631, 44.5574 ] ] } },
{ "type": "Feature", "properties": { "component": 0, "name": "Unnamed street", "highway": [ "cycleway" ] }, "geometry": { "type": "LineString", "coordinates": [ [ -123.26306, 44.55734 ], [ -123.26218, 44.5575 ] ] } },
{ "type": "Feature", "properties": { "component": 0, "name": "Unnamed street", "highway": [ "cycleway" ] }, "geometry": { "type": "LineString", "coordinates": [ [ -123.2631, 44.5574 ], [ -123.26306, 44.55734 ] ] } },
{ "type": "Feature", "properties": { "component": 0, "name": [ "Corvallis-Philomath Multi-use Path" ], "highway": [ "cycleway" ] }, "geometry": { "type": "LineString", "coordinates": [ [ -123.2631, 44.5574 ], [ -123.26406, 44.557 ] ] } },
{ "type": "Feature", "properties": { "component": 0, "name": "Unnamed street", "highway": [ "cycleway" ] }, "geometry": { "type": "LineString", "coordinates": [ [ -123.2631, 44.5574 ], [ -123.26304, 44.55796 ] ] } },
{ "type": "Feature", "properties": { "component": 1, "name": "Unnamed street", "highway": [ "cycleway" ] }, "geometry": { "type": "LineString", "coordinates": [ [ -123.25662, 44.55058 ], [ -123.25478, 44.55064 ] ] } },
{ "type": "Feature", "properties": { "component": 1, "name": "Unnamed street", "highway": [ "cycleway" ] }, "geometry": { "type": "LineString", "coordinates": [ [ -123.25662, 44.55058 ], [ -123.25672, 44.55052 ] ] } },
{ "type": "Feature", "properties": { "component": 1, "name": "Unnamed street", "highway": [ "cycleway" ] }, "geometry": { "type": "LineString", "coordinates": [ [ -123.25478, 44.55064 ], [ -123.2542, 44.55062 ] ] } },
{ "type": "Feature", "properties": { "component": 1, "name": "Unnamed street", "highway": [ "cycleway" ] }, "geometry": { "type": "LineString", "coordinates": [ [ -123.25478, 44.55064 ], [ -123.25662, 44.55058 ] ] } },
{ "type": "Feature", "properties": { "component": 1, "name": "Unnamed street", "highway": [ "cycleway" ] }, "geometry": { "type": "LineString", "coordinates": [ [ -123.25672, 44.55052 ], [ -123.25662, 44.55058 ] ] } },
{ "type": "Feature", "properties": { "component": 0, "name": [ "Corvallis-Philomath Multi-use Path" ], "highway": [ "cycleway" ] }, "geometry": { "type": "LineString", "coordinates": [ [ -123.2741, 44.5568 ], [ -123.27396, 44.5568 ] ] } },
{ "type": "Feature", "properties": { "component": 0, "name": [ "Corvallis-Philomath Multi-use Path" ], "highway": [ "cycleway" ] }, "geometry": { "type": "LineString", "coordinates": [ [ -123.2741, 44.5568 ], [ -123.2742, 44.5568 ] ] } },
{ "type": "Feature", "properties": { "component": 0, "name": [ "Corvallis-Philomath Multi-use Path" ], "highway": [ "cycleway" ] }, "geometry": { "type": "LineString", "coordinates": [ [ -123.27396, 44.5568 ], [ -123.2741, 44.5568 ] ] } },
{ "type": "Feature", "properties": { "component": 0, "name": [ "Corvallis-Philomath Multi-use Path" ], "highway": [ "cycleway" ] }, "geometry": { "type": "LineString", "coordinates": [ [ -123.27396, 44.5568 ], [ -123.27264, 44.55662 ], [ -123.27006, 44.55454 ], [ -123.26734, 44.55508 ], [ -123.26546, 44.55622 ] ] } },
{ "type": "Feature", "properties": { "component": 0, "name": [ "Corvallis-Philomath Multi-use Path" ], "highway": [ "cycleway" ] }, "geometry": { "type": "LineString", "coordinates": [ [ -123.2742, 44.5568 ], [ -123.27722, 44.55616 ], [ -123.27962, 44.55494 ] ] } },
{ "type": "Feature", "properties": { "component": 0, "name": [ "Corvallis-Philomath Multi-use Path" ], "highway": [ "cycleway" ] }, "geometry": { "type": "LineString", "coordinates": [ [ -123.2742, 44.5568 ], [ -123.2741, 44.5568 ] ] } },
{ "type": "Feature", "properties": { "component": 0, "name": "Unnamed street", "highway": [ "cycleway" ] }, "geometry": { "type": "LineString", "coordinates": [ [ -123.31216, 44.55082 ], [ -123.31218, 44.55134 ] ] } },
{ "type": "Feature", "properties": { "component": 0, "name": "Unnamed street", "highway": [ "cycleway" ] }, "geometry": { "type": "LineString", "coordinates": [ [ -123.31216, 44.55082 ], [ -123.31218, 44.55064 ] ] } },
{ "type": "Feature", "properties": { "component": 0, "name": "Unnamed street", "highway": [ "cycleway" ] }, "geometry": { "type": "LineString", "coordinates": [ [ -123.31218, 44.55134 ], [ -123.3122, 44.55254 ] ] } },
{ "type": "Feature", "properties": { "component": 0, "name": "Unnamed street", "highway": [ "cycleway" ] }, "geometry": { "type": "LineString", "coordinates": [ [ -123.31218, 44.55134 ], [ -123.31216, 44.55082 ] ] } },
{ "type": "Feature", "properties": { "component": 0, "name": "Unnamed street", "highway": [ "cycleway" ] }, "geometry": { "type": "LineString", "coordinates": [ [ -123.31218, 44.55064 ], [ -123.31216, 44.55082 ] ] } },
{ "type": "Feature", "properties": { "component": 0, "name": "Unnamed street", "highway": [ "cycleway" ] }, "geometry": { "type": "LineString", "coordinates": [ [ -123.31218, 44.55064 ], [ -123.31214, 44.55014 ] ] } },
{ "type": "Feature", "properties": { "component": 7, "name": "Unnamed street", "highway": [ "cycleway" ] }, "geometry": { "type": "LineString", "coordinates": [ [ -123.28546, 44.59682 ], [ -123.2843, 44.59742 ] ] } },
{ "type": "Feature", "properties": { "component": 7, "name": "Unnamed street", "highway": [ "cycleway" ] }, "geometry": { "type": "LineString", "coordinates": [ [ -123.28546, 44.59682 ], [ -123.28552, 44.59672 ] ] } },
{ "type": "Feature", "properties": { "component": 7, "name": "Unnamed street", "highway": [ "cycleway" ] }, "geometry": { "type": "LineString", "coordinates": [ [ -123.2843, 44.59742 ], [ -123.28424, 44.59742 ] ] } },
{ "type": "Feature", "properties": { "component": 7, "name": "Unnamed street", "highway": [ "cycleway" ] }, "geometry": { "type": "LineString", "coordinates": [ [ -123.2843, 44.59742 ], [ -123.28546, 44.59682 ] ] } },
{ "type": "Feature", "properties": { "component": 7, "name": "Unnamed street", "highway": [ "cycleway" ] }, "geometry": { "type": "LineString", "coordinates": [ [ -123.28552, 44.59672 ], [ -123.28546, 44.59682 ] ] } },
{ "type": "Feature", "properties": { "component": 7, "name": "Unnamed street", "highway": [ "cycleway" ] }, "geometry": { "type": "LineString", "coordinates": [ [ -123.28552, 44.59672 ], [ -123.28552, 44.59498 ] ] } },
{ "type": "Feature", "properties": { "component": 0, "name": "Unnamed street", "highway": [ "cycleway" ] }, "geometry": { "type": "LineString", "coordinates": [ [ -123.26436, 44.55596 ], [ -123.26458, 44.5551 ] ] } },
{ "type": "Feature", "properties": { "component": 0, "name": "Unnamed street", "highway": [ "cycleway" ] }, "geometry": { "type": "LineString", "coordinates": [ [ -123.26436, 44.55596 ], [ -123.26324, 44.5572 ] ] } },
{ "type": "Feature", "properties": { "component": 7, "name": "Unnamed street", "highway": [ "cycleway" ] }, "geometry": { "type": "LineString", "coordinates": [ [ -123.28552, 44.59498 ], [ -123.28552, 44.59672 ] ] } },
{ "type": "Feature", "properties": { "component": 7, "name": "Unnamed street", "highway": [ "cycleway" ] }, "geometry": { "type": "LineString", "coordinates": [ [ -123.28552, 44.59498 ], [ -123.28556, 44.5949 ] ] } },
{ "type": "Feature", "properties": { "component": 0, "name": [ "Corvallis-Philomath Multi-use Path" ], "highway": [ "cycleway" ] }, "geometry": { "type": "LineString", "coordinates": [ [ -123.2896, 44.55438 ], [ -123.29152, 44.55426 ], [ -123.29188, 44.5527 ] ] } },
{ "type": "Feature", "properties": { "component": 0, "name": [ "Corvallis-Philomath Multi-use Path" ], "highway": [ "cycleway" ] }, "geometry": { "type": "LineString", "coordinates": [ [ -123.2896, 44.55438 ], [ -123.28932, 44.55432 ] ] } },
{ "type": "Feature", "properties": { "component": 0, "name": [ "Corvallis-Philomath Multi-use Path" ], "highway": [ "cycleway" ] }, "geometry": { "type": "LineString", "coordinates": [ [ -123.29188, 44.5527 ], [ -123.29284, 44.5504 ] ] } },
{ "type": "Feature", "properties": { "component": 0, "name": [ "Corvallis-Philomath Multi-use Path" ], "highway": [ "cycleway" ] }, "geometry": { "type": "LineString", "coordinates": [ [ -123.29188, 44.5527 ], [ -123.29152, 44.55426 ], [ -123.2896, 44.55438 ] ] } },
{ "type": "Feature", "properties": { "component": 0, "name": [ "Corvallis-Philomath Multi-use Path" ], "highway": [ "cycleway" ] }, "geometry": { "type": "LineString", "coordinates": [ [ -123.28932, 44.55432 ], [ -123.2896, 44.55438 ] ] } },
{ "type": "Feature", "properties": { "component": 0, "name": [ "Corvallis-Philomath Multi-use Path" ], "highway": [ "cycleway" ] }, "geometry": { "type": "LineString", "coordinates": [ [ -123.28932, 44.55432 ], [ -123.28014, 44.5547 ] ] } },
{ "type": "Feature", "properties": { "component": 0, "name": "Unnamed street", "highway": [ "cycleway" ] }, "geometry": { "type": "LineString", "coordinates": [ [ -123.28932, 44.55432 ], [ -123.2896, 44.5542 ] ] } },
{ "type": "Feature", "properties": { "component": 0, "name": "Unnamed street", "highway": [ "cycleway" ] }, "geometry": { "type": "LineString", "coordinates": [ [ -123.3122, 44.55254 ], [ -123.3122, 44.55292 ] ] } },
{ "type": "Feature", "properties": { "component": 0, "name": "Unnamed street", "highway": [ "cycleway" ] }, "geometry": { "type": "LineString", "coordinates": [ [ -123.3122, 44.55254 ], [ -123.31218, 44.55134 ] ] } },
{ "type": "Feature", "properties": { "component": 0, "name": "Unnamed street", "highway": [ "cycleway" ] }, "geometry": { "type": "LineString", "coordinates": [ [ -123.3122, 44.55292 ], [ -123.3122, 44.55254 ] ] } },
{ "type": "Feature", "properties": { "component": 0, "name": "Unnamed street", "highway": [ "cycleway" ] }, "geometry": { "type": "LineString", "coordinates": [ [ -123.3122, 44.55292 ], [ -123.31246, 44.5563 ] ] } },
{ "type": "Feature", "properties": { "component": 0, "name": "Unnamed street", "highway": [ "cycleway" ] }, "geometry": { "type": "LineString", "coordinates": [ [ -123.2896, 44.5542 ], [ -123.28932, 44.55432 ] ] } },
{ "type": "Feature", "properties": { "component": 0, "name": [ "Corvallis-Philomath Multi-use Path" ], "highway": [ "cycleway" ] }, "geometry": { "type": "LineString", "coordinates": [ [ -123.30438, 44.54586 ], [ -123.30674, 44.54586 ] ] } },
{ "type": "Feature", "properties": { "component": 0, "name": [ "Corvallis-Philomath Multi-use Path" ], "highway": [ "cycleway" ] }, "geometry": { "type": "LineString", "coordinates": [ [ -123.30438, 44.54586 ], [ -123.3021, 44.54654 ] ] } },
{ "type": "Feature", "properties": { "component": 0, "name": [ "Corvallis-Philomath Multi-use Path" ], "highway": [ "cycleway" ] }, "geometry": { "type": "LineString", "coordinates": [ [ -123.3021, 44.54654 ], [ -123.30438, 44.54586 ] ] } },
{ "type": "Feature", "properties": { "component": 0, "name": [ "Corvallis-Philomath Multi-use Path" ], "highway": [ "cycleway" ] }, "geometry": { "type": "LineString", "coordinates": [ [ -123.3021, 44.54654 ], [ -123.30142, 44.54686 ] ] } },
{ "type": "Feature", "properties": { "component": 0, "name": [ "Corvallis-Philomath Multi-use Path" ], "highway": [ "cycleway" ] }, "geometry": { "type": "LineString", "coordinates": [ [ -123.31582, 44.54568 ], [ -123.31586, 44.5456 ] ] } },
{ "type": "Feature", "properties": { "component": 0, "name": [ "Corvallis-Philomath Multi-use Path" ], "highway": [ "cycleway" ] }, "geometry": { "type": "LineString", "coordinates": [ [ -123.31582, 44.54568 ], [ -123.31414, 44.54578 ] ] } },
{ "type": "Feature", "properties": { "component": 0, "name": [ "Corvallis-Philomath Multi-use Path" ], "highway": [ "cycleway" ] }, "geometry": { "type": "LineString", "coordinates": [ [ -123.31586, 44.5456 ], [ -123.31592, 44.54552 ] ] } },
{ "type": "Feature", "properties": { "component": 0, "name": [ "Corvallis-Philomath Multi-use Path" ], "highway": [ "cycleway" ] }, "geometry": { "type": "LineString", "coordinates": [ [ -123.31586, 44.5456 ], [ -123.31582, 44.54568 ] ] } },
{ "type": "Feature", "properties": { "component": 0, "name": [ "Corvallis-Philomath Multi-use Path" ], "highway": [ "cycleway" ] }, "geometry": { "type": "LineString", "coordinates": [ [ -123.31414, 44.54578 ], [ -123.3141, 44.54578 ] ] } },
{ "type": "Feature", "properties": { "component": 0, "name": [ "Corvallis-Philomath Multi-use Path" ], "highway": [ "cycleway" ] }, "geometry": { "type": "LineString", "coordinates": [ [ -123.31414, 44.54578 ], [ -123.31582, 44.54568 ] ] } },
{ "type": "Feature", "properties": { "component": 1, "name": "Unnamed street", "highway": [ "cycleway" ] }, "geometry": { "type": "LineString", "coordinates": [ [ -123.25382, 44.53072 ], [ -123.25164, 44.5324 ] ] } },
{ "type": "Feature", "properties": { "component": 1, "name": "Unnamed street", "highway": [ "cycleway" ] }, "geometry": { "type": "LineString", "coordinates": [ [ -123.25382, 44.53072 ], [ -123.2548, 44.52952 ] ] } },
{ "type": "Feature", "properties": { "component": 1, "name": "Unnamed street", "highway": [ "cycleway" ] }, "geometry": { "type": "LineString", "coordinates": [ [ -123.25382, 44.53072 ], [ -123.25434, 44.5309 ] ] } },
{ "type": "Feature", "properties": { "component": 1, "name": "Unnamed street", "highway": [ "cycleway" ] }, "geometry": { "type": "LineString", "coordinates": [ [ -123.25164, 44.5324 ], [ -123.2502, 44.53434 ] ] } },
{ "type": "Feature", "properties": { "component": 1, "name": "Unnamed street", "highway": [ "cycleway" ] }, "geometry": { "type": "LineString", "coordinates": [ [ -123.25164, 44.5324 ], [ -123.25382, 44.53072 ] ] } },
{ "type": "Feature", "properties": { "component": 1, "name": "Unnamed street", "highway": [ "cycleway" ] }, "geometry": { "type": "LineString", "coordinates": [ [ -123.2548, 44.52952 ], [ -123.25542, 44.52984 ] ] } },
{ "type": "Feature", "properties": { "component": 1, "name": "Unnamed street", "highway": [ "cycleway" ] }, "geometry": { "type": "LineString", "coordinates": [ [ -123.2548, 44.52952 ], [ -123.25382, 44.53072 ] ] } },
{ "type": "Feature", "properties": { "component": 1, "name": "Unnamed street", "highway": [ "cycleway" ] }, "geometry": { "type": "LineString", "coordinates": [ [ -123.2548, 44.52952 ], [ -123.25486, 44.529 ] ] } },
{ "type": "Feature", "properties": { "component": 0, "name": [ "Corvallis-Philomath Multi-use Path" ], "highway": [ "cycleway" ] }, "geometry": { "type": "LineString", "coordinates": [ [ -123.31592, 44.54552 ], [ -123.31586, 44.5456 ] ] } },
{ "type": "Feature", "properties": { "component": 0, "name": [ "Corvallis-Philomath Multi-use Path" ], "highway": [ "cycleway" ] }, "geometry": { "type": "LineString", "coordinates": [ [ -123.29284, 44.5504 ], [ -123.29308, 44.55022 ] ] } },
{ "type": "Feature", "properties": { "component": 0, "name": [ "Corvallis-Philomath Multi-use Path" ], "highway": [ "cycleway" ] }, "geometry": { "type": "LineString", "coordinates": [ [ -123.29284, 44.5504 ], [ -123.29188, 44.5527 ] ] } },
{ "type": "Feature", "properties": { "component": 0, "name": "Unnamed street", "highway": [ "cycleway" ] }, "geometry": { "type": "LineString", "coordinates": [ [ -123.29284, 44.5504 ], [ -123.29278, 44.55022 ] ] } },
{ "type": "Feature", "properties": { "component": 0, "name": "Unnamed street", "highway": [ "cycleway" ] }, "geometry": { "type": "LineString", "coordinates": [ [ -123.29278, 44.55022 ], [ -123.29114, 44.54986 ] ] } },
{ "type": "Feature", "properties": { "component": 0, "name": "Unnamed street", "highway": [ "cycleway" ] }, "geometry": { "type": "LineString", "coordinates": [ [ -123.29278, 44.55022 ], [ -123.29308, 44.55022 ] ] } },
{ "type": "Feature", "properties": { "component": 0, "name": "Unnamed street", "highway": [ "cycleway" ] }, "geometry": { "type": "LineString", "coordinates": [ [ -123.29278, 44.55022 ], [ -123.29284, 44.5504 ] ] } },
{ "type": "Feature", "properties": { "component": 0, "name": [ "Corvallis-Philomath Multi-use Path" ], "highway": [ "cycleway" ] }, "geometry": { "type": "LineString", "coordinates": [ [ -123.31194, 44.54592 ], [ -123.31212, 44.5459 ] ] } },
{ "type": "Feature", "properties": { "component": 0, "name": [ "Corvallis-Philomath Multi-use Path" ], "highway": [ "cycleway" ] }, "geometry": { "type": "LineString", "coordinates": [ [ -123.31194, 44.54592 ], [ -123.3102, 44.54584 ] ] } },
{ "type": "Feature", "properties": { "component": 0, "name": "Unnamed street", "highway": [ "cycleway" ] }, "geometry": { "type": "LineString", "coordinates": [ [ -123.31218, 44.54796 ], [ -123.31218, 44.54802 ] ] } },
{ "type": "Feature", "properties": { "component": 0, "name": "Unnamed street", "highway": [ "cycleway" ] }, "geometry": { "type": "LineString", "coordinates": [ [ -123.31218, 44.54796 ], [ -123.31218, 44.5479 ] ] } },
{ "type": "Feature", "properties": { "component": 0, "name": "Unnamed street", "highway": [ "cycleway" ] }, "geometry": { "type": "LineString", "coordinates": [ [ -123.31218, 44.54802 ], [ -123.31218, 44.54806 ] ] } },
{ "type": "Feature", "properties": { "component": 0, "name": "Unnamed street", "highway": [ "cycleway" ] }, "geometry": { "type": "LineString", "coordinates": [ [ -123.31218, 44.54802 ], [ -123.31218, 44.54796 ] ] } },
{ "type": "Feature", "properties": { "component": 0, "name": "Unnamed street", "highway": [ "cycleway" ] }, "geometry": { "type": "LineString", "coordinates": [ [ -123.31218, 44.5479 ], [ -123.31218, 44.54796 ] ] } },
{ "type": "Feature", "properties": { "component": 0, "name": "Unnamed street", "highway": [ "cycleway" ] }, "geometry": { "type": "LineString", "coordinates": [ [ -123.31218, 44.5479 ], [ -123.31218, 44.5478 ] ] } },
{ "type": "Feature", "properties": { "component": 7, "name": "Unnamed street", "highway": [ "cycleway" ] }, "geometry": { "type": "LineString", "coordinates": [ [ -123.28556, 44.5949 ], [ -123.28552, 44.59498 ] ] } },
{ "type": "Feature", "properties": { "component": 0, "name": "Unnamed street", "highway": [ "cycleway" ] }, "geometry": { "type": "LineString", "coordinates": [ [ -123.31246, 44.55638 ], [ -123.31246, 44.5563 ] ] } },
{ "type": "Feature", "properties": { "component": 0, "name": "Unnamed street", "highway": [ "cycleway" ] }, "geometry": { "type": "LineString", "coordinates": [ [ -123.31246, 44.55638 ], [ -123.31208, 44.5587 ] ] } },
{ "type": "Feature", "properties": { "component": 7, "name": [ "Betty Griffiths Trail" ], "highway": "['cycleway' 'path']" }, "geometry": { "type": "LineString", "coordinates": [ [ -123.28346, 44.59732 ], [ -123.28424, 44.59742 ] ] } },
{ "type": "Feature", "properties": { "component": 0, "name": "Unnamed street", "highway": [ "cycleway" ] }, "geometry": { "type": "LineString", "coordinates": [ [ -123.31212, 44.5459 ], [ -123.31212, 44.54594 ] ] } },
{ "type": "Feature", "properties": { "component": 0, "name": [ "Corvallis-Philomath Multi-use Path" ], "highway": [ "cycleway" ] }, "geometry": { "type": "LineString", "coordinates": [ [ -123.31212, 44.5459 ], [ -123.31298, 44.5458 ] ] } },
{ "type": "Feature", "properties": { "component": 0, "name": [ "Corvallis-Philomath Multi-use Path" ], "highway": [ "cycleway" ] }, "geometry": { "type": "LineString", "coordinates": [ [ -123.31212, 44.5459 ], [ -123.31194, 44.54592 ] ] } },
{ "type": "Feature", "properties": { "component": 0, "name": "Unnamed street", "highway": [ "cycleway" ] }, "geometry": { "type": "LineString", "coordinates": [ [ -123.31212, 44.54594 ], [ -123.31212, 44.5462 ] ] } },
{ "type": "Feature", "properties": { "component": 0, "name": "Unnamed street", "highway": [ "cycleway" ] }, "geometry": { "type": "LineString", "coordinates": [ [ -123.31212, 44.54594 ], [ -123.31212, 44.5459 ] ] } },
{ "type": "Feature", "properties": { "component": 0, "name": [ "Corvallis-Philomath Multi-use Path" ], "highway": [ "cycleway" ] }, "geometry": { "type": "LineString", "coordinates": [ [ -123.31298, 44.5458 ], [ -123.3131, 44.5458 ] ] } },
{ "type": "Feature", "properties": { "component": 0, "name": [ "Corvallis-Philomath Multi-use Path" ], "highway": [ "cycleway" ] }, "geometry": { "type": "LineString", "coordinates": [ [ -123.31298, 44.5458 ], [ -123.31212, 44.5459 ] ] } },
{ "type": "Feature", "properties": { "component": 0, "name": "Unnamed street", "highway": [ "cycleway" ] }, "geometry": { "type": "LineString", "coordinates": [ [ -123.31212, 44.54906 ], [ -123.31212, 44.54898 ] ] } },
{ "type": "Feature", "properties": { "component": 0, "name": "Unnamed street", "highway": [ "cycleway" ] }, "geometry": { "type": "LineString", "coordinates": [ [ -123.31212, 44.54906 ], [ -123.31214, 44.54986 ] ] } },
{ "type": "Feature", "properties": { "component": 0, "name": "Unnamed street", "highway": [ "cycleway" ] }, "geometry": { "type": "LineString", "coordinates": [ [ -123.31212, 44.54898 ], [ -123.31212, 44.54906 ] ] } },
{ "type": "Feature", "properties": { "component": 0, "name": "Unnamed street", "highway": [ "cycleway" ] }, "geometry": { "type": "LineString", "coordinates": [ [ -123.31212, 44.54898 ], [ -123.31212, 44.54874 ] ] } },
{ "type": "Feature", "properties": { "component": 0, "name": "Unnamed street", "highway": [ "cycleway" ] }, "geometry": { "type": "LineString", "coordinates": [ [ -123.31214, 44.54986 ], [ -123.31214, 44.55006 ] ] } },
{ "type": "Feature", "properties": { "component": 0, "name": "Unnamed street", "highway": [ "cycleway" ] }, "geometry": { "type": "LineString", "coordinates": [ [ -123.31214, 44.54986 ], [ -123.31212, 44.54906 ] ] } },
{ "type": "Feature", "properties": { "component": 0, "name": "Unnamed street", "highway": [ "cycleway" ] }, "geometry": { "type": "LineString", "coordinates": [ [ -123.28964, 44.54958 ], [ -123.29114, 44.54986 ] ] } },
{ "type": "Feature", "properties": { "component": 0, "name": "Unnamed street", "highway": [ "cycleway" ] }, "geometry": { "type": "LineString", "coordinates": [ [ -123.29114, 44.54986 ], [ -123.28964, 44.54958 ] ] } },
{ "type": "Feature", "properties": { "component": 0, "name": "Unnamed street", "highway": [ "cycleway" ] }, "geometry": { "type": "LineString", "coordinates": [ [ -123.29114, 44.54986 ], [ -123.29278, 44.55022 ] ] } },
{ "type": "Feature", "properties": { "component": 0, "name": [ "Corvallis-Philomath Multi-use Path" ], "highway": [ "cycleway" ] }, "geometry": { "type": "LineString", "coordinates": [ [ -123.26546, 44.55622 ], [ -123.26734, 44.55508 ], [ -123.27006, 44.55454 ], [ -123.27264, 44.55662 ], [ -123.27396, 44.5568 ] ] } },
{ "type": "Feature", "properties": { "component": 0, "name": [ "Corvallis-Philomath Multi-use Path" ], "highway": [ "cycleway" ] }, "geometry": { "type": "LineString", "coordinates": [ [ -123.26546, 44.55622 ], [ -123.26406, 44.557 ] ] } },
{ "type": "Feature", "properties": { "component": 0, "name": "Unnamed street", "highway": [ "cycleway" ] }, "geometry": { "type": "LineString", "coordinates": [ [ -123.26546, 44.55622 ], [ -123.26554, 44.5567 ], [ -123.26454, 44.5576 ] ] } },
{ "type": "Feature", "properties": { "component": 0, "name": [ "Corvallis-Philomath Multi-use Path" ], "highway": [ "cycleway" ] }, "geometry": { "type": "LineString", "coordinates": [ [ -123.26406, 44.557 ], [ -123.26546, 44.55622 ] ] } },
{ "type": "Feature", "properties": { "component": 0, "name": [ "Corvallis-Philomath Multi-use Path" ], "highway": [ "cycleway" ] }, "geometry": { "type": "LineString", "coordinates": [ [ -123.26406, 44.557 ], [ -123.2631, 44.5574 ] ] } },
{ "type": "Feature", "properties": { "component": 0, "name": "Unnamed street", "highway": [ "cycleway" ] }, "geometry": { "type": "LineString", "coordinates": [ [ -123.26454, 44.5576 ], [ -123.26452, 44.55758 ] ] } },
{ "type": "Feature", "properties": { "component": 0, "name": "Unnamed street", "highway": [ "cycleway" ] }, "geometry": { "type": "LineString", "coordinates": [ [ -123.26454, 44.5576 ], [ -123.26468, 44.55762 ] ] } },
{ "type": "Feature", "properties": { "component": 0, "name": "Unnamed street", "highway": [ "cycleway" ] }, "geometry": { "type": "LineString", "coordinates": [ [ -123.26454, 44.5576 ], [ -123.26554, 44.5567 ], [ -123.26546, 44.55622 ] ] } },
{ "type": "Feature", "properties": { "component": 0, "name": "Unnamed street", "highway": [ "cycleway" ] }, "geometry": { "type": "LineString", "coordinates": [ [ -123.31214, 44.55014 ], [ -123.31214, 44.55006 ] ] } },
{ "type": "Feature", "properties": { "component": 0, "name": "Unnamed street", "highway": [ "cycleway" ] }, "geometry": { "type": "LineString", "coordinates": [ [ -123.31214, 44.55014 ], [ -123.31218, 44.55064 ] ] } },
{ "type": "Feature", "properties": { "component": 0, "name": [ "Corvallis-Philomath Multi-use Path" ], "highway": [ "cycleway" ] }, "geometry": { "type": "LineString", "coordinates": [ [ -123.29878, 44.54866 ], [ -123.29922, 44.5486 ] ] } },
{ "type": "Feature", "properties": { "component": 0, "name": [ "Corvallis-Philomath Multi-use Path" ], "highway": [ "cycleway" ] }, "geometry": { "type": "LineString", "coordinates": [ [ -123.29878, 44.54866 ], [ -123.298, 44.54908 ] ] } },
{ "type": "Feature", "properties": { "component": 0, "name": "Unnamed street", "highway": [ "cycleway" ] }, "geometry": { "type": "LineString", "coordinates": [ [ -123.29878, 44.54866 ], [ -123.29928, 44.54878 ] ] } },
{ "type": "Feature", "properties": { "component": 0, "name": "Unnamed street", "highway": [ "cycleway" ] }, "geometry": { "type": "LineString", "coordinates": [ [ -123.29806, 44.54928 ], [ -123.29856, 44.54938 ] ] } },
{ "type": "Feature", "properties": { "component": 0, "name": "Unnamed street", "highway": [ "cycleway" ] }, "geometry": { "type": "LineString", "coordinates": [ [ -123.29806, 44.54928 ], [ -123.298, 44.54908 ] ] } },
{ "type": "Feature", "properties": { "component": 0, "name": "Unnamed street", "highway": [ "cycleway" ] }, "geometry": { "type": "LineString", "coordinates": [ [ -123.29856, 44.54938 ], [ -123.29892, 44.54968 ] ] } },
{ "type": "Feature", "properties": { "component": 0, "name": "Unnamed street", "highway": [ "cycleway" ] }, "geometry": { "type": "LineString", "coordinates": [ [ -123.29856, 44.54938 ], [ -123.29806, 44.54928 ] ] } },
{ "type": "Feature", "properties": { "component": 0, "name": "Unnamed street", "highway": [ "cycleway" ] }, "geometry": { "type": "LineString", "coordinates": [ [ -123.30086, 44.54824 ], [ -123.30084, 44.5481 ] ] } },
{ "type": "Feature", "properties": { "component": 0, "name": "Unnamed street", "highway": [ "cycleway" ] }, "geometry": { "type": "LineString", "coordinates": [ [ -123.30086, 44.54824 ], [ -123.30108, 44.55172 ] ] } },
{ "type": "Feature", "properties": { "component": 0, "name": "Unnamed street", "highway": [ "cycleway" ] }, "geometry": { "type": "LineString", "coordinates": [ [ -123.26304, 44.55796 ], [ -123.26298, 44.558 ] ] } },
{ "type": "Feature", "properties": { "component": 0, "name": "Unnamed street", "highway": [ "cycleway" ] }, "geometry": { "type": "LineString", "coordinates": [ [ -123.26304, 44.55796 ], [ -123.26304, 44.5581 ] ] } },
{ "type": "Feature", "properties": { "component": 0, "name": "Unnamed street", "highway": [ "cycleway" ] }, "geometry": { "type": "LineString", "coordinates": [ [ -123.26304, 44.55796 ], [ -123.2631, 44.5574 ] ] } },
{ "type": "Feature", "properties": { "component": 0, "name": "Unnamed street", "highway": [ "cycleway" ] }, "geometry": { "type": "LineString", "coordinates": [ [ -123.26298, 44.558 ], [ -123.26304, 44.55796 ] ] } },
{ "type": "Feature", "properties": { "component": 0, "name": "Unnamed street", "highway": [ "cycleway" ] }, "geometry": { "type": "LineString", "coordinates": [ [ -123.26298, 44.558 ], [ -123.2629, 44.55806 ] ] } },
{ "type": "Feature", "properties": { "component": 0, "name": "Unnamed street", "highway": [ "cycleway" ] }, "geometry": { "type": "LineString", "coordinates": [ [ -123.26298, 44.558 ], [ -123.26282, 44.55792 ] ] } },
{ "type": "Feature", "properties": { "component": 0, "name": "Unnamed street", "highway": [ "cycleway" ] }, "geometry": { "type": "LineString", "coordinates": [ [ -123.26304, 44.5581 ], [ -123.263, 44.5582 ] ] } },
{ "type": "Feature", "properties": { "component": 0, "name": "Unnamed street", "highway": [ "cycleway" ] }, "geometry": { "type": "LineString", "coordinates": [ [ -123.26304, 44.5581 ], [ -123.26304, 44.55796 ] ] } },
{ "type": "Feature", "properties": { "component": 0, "name": "Unnamed street", "highway": [ "cycleway" ] }, "geometry": { "type": "LineString", "coordinates": [ [ -123.263, 44.5582 ], [ -123.26304, 44.5581 ] ] } },
{ "type": "Feature", "properties": { "component": 1, "name": "Unnamed street", "highway": [ "cycleway" ] }, "geometry": { "type": "LineString", "coordinates": [ [ -123.2492, 44.54324 ], [ -123.24922, 44.54334 ] ] } },
{ "type": "Feature", "properties": { "component": 1, "name": "Unnamed street", "highway": [ "cycleway" ] }, "geometry": { "type": "LineString", "coordinates": [ [ -123.2492, 44.54324 ], [ -123.2491, 44.54296 ] ] } },
{ "type": "Feature", "properties": { "component": 1, "name": "Unnamed street", "highway": [ "cycleway" ] }, "geometry": { "type": "LineString", "coordinates": [ [ -123.2491, 44.54296 ], [ -123.2492, 44.54324 ] ] } },
{ "type": "Feature", "properties": { "component": 1, "name": "Unnamed street", "highway": [ "cycleway" ] }, "geometry": { "type": "LineString", "coordinates": [ [ -123.2491, 44.54296 ], [ -123.24736, 44.54136 ] ] } },
{ "type": "Feature", "properties": { "component": 1, "name": "Unnamed street", "highway": [ "cycleway" ] }, "geometry": { "type": "LineString", "coordinates": [ [ -123.25606, 44.52892 ], [ -123.25596, 44.52892 ] ] } },
{ "type": "Feature", "properties": { "component": 1, "name": "Unnamed street", "highway": [ "cycleway" ] }, "geometry": { "type": "LineString", "coordinates": [ [ -123.25596, 44.52892 ], [ -123.25606, 44.52892 ] ] } },
{ "type": "Feature", "properties": { "component": 1, "name": "Unnamed street", "highway": [ "cycleway" ] }, "geometry": { "type": "LineString", "coordinates": [ [ -123.25596, 44.52892 ], [ -123.25554, 44.52888 ] ] } },
{ "type": "Feature", "properties": { "component": 0, "name": [ "Eric E. Austin Memorial Bypass" ], "highway": [ "cycleway" ] }, "geometry": { "type": "LineString", "coordinates": [ [ -123.26394, 44.5532 ], [ -123.26242, 44.55296 ], [ -123.26204, 44.55228 ] ] } },
{ "type": "Feature", "properties": { "component": 0, "name": [ "Eric E. Austin Memorial Bypass" ], "highway": [ "cycleway" ] }, "geometry": { "type": "LineString", "coordinates": [ [ -123.26394, 44.5532 ], [ -123.2638, 44.55356 ] ] } },
{ "type": "Feature", "properties": { "component": 0, "name": [ "Eric E. Austin Memorial Bypass" ], "highway": [ "cycleway" ] }, "geometry": { "type": "LineString", "coordinates": [ [ -123.26394, 44.5532 ], [ -123.26396, 44.55326 ] ] } },
{ "type": "Feature", "properties": { "component": 0, "name": [ "Eric E. Austin Memorial Bypass" ], "highway": [ "cycleway" ] }, "geometry": { "type": "LineString", "coordinates": [ [ -123.26204, 44.55228 ], [ -123.26198, 44.55224 ] ] } },
{ "type": "Feature", "properties": { "component": 0, "name": [ "Eric E. Austin Memorial Bypass" ], "highway": [ "cycleway" ] }, "geometry": { "type": "LineString", "coordinates": [ [ -123.26204, 44.55228 ], [ -123.26242, 44.55296 ], [ -123.26394, 44.5532 ] ] } },
{ "type": "Feature", "properties": { "component": 0, "name": [ "Eric E. Austin Memorial Bypass" ], "highway": [ "cycleway" ] }, "geometry": { "type": "LineString", "coordinates": [ [ -123.26396, 44.55326 ], [ -123.26394, 44.5532 ] ] } },
{ "type": "Feature", "properties": { "component": 0, "name": "Unnamed street", "highway": [ "cycleway" ] }, "geometry": { "type": "LineString", "coordinates": [ [ -123.26486, 44.55312 ], [ -123.26482, 44.55356 ] ] } },
{ "type": "Feature", "properties": { "component": 0, "name": "Unnamed street", "highway": [ "cycleway" ] }, "geometry": { "type": "LineString", "coordinates": [ [ -123.26486, 44.55312 ], [ -123.2649, 44.55272 ] ] } },
{ "type": "Feature", "properties": { "component": 0, "name": "Unnamed street", "highway": [ "cycleway" ] }, "geometry": { "type": "LineString", "coordinates": [ [ -123.26482, 44.55356 ], [ -123.26486, 44.55312 ] ] } },
{ "type": "Feature", "properties": { "component": 0, "name": "Unnamed street", "highway": [ "cycleway" ] }, "geometry": { "type": "LineString", "coordinates": [ [ -123.26482, 44.55356 ], [ -123.2648, 44.55364 ] ] } },
{ "type": "Feature", "properties": { "component": 0, "name": "Unnamed street", "highway": [ "cycleway" ] }, "geometry": { "type": "LineString", "coordinates": [ [ -123.2649, 44.55272 ], [ -123.26494, 44.55244 ] ] } },
{ "type": "Feature", "properties": { "component": 0, "name": "Unnamed street", "highway": [ "cycleway" ] }, "geometry": { "type": "LineString", "coordinates": [ [ -123.2649, 44.55272 ], [ -123.26486, 44.55312 ] ] } },
{ "type": "Feature", "properties": { "component": 0, "name": "Unnamed street", "highway": [ "cycleway" ] }, "geometry": { "type": "LineString", "coordinates": [ [ -123.30084, 44.5481 ], [ -123.30086, 44.54824 ] ] } },
{ "type": "Feature", "properties": { "component": 0, "name": [ "Corvallis-Philomath Multi-use Path" ], "highway": [ "cycleway" ] }, "geometry": { "type": "LineString", "coordinates": [ [ -123.30084, 44.5481 ], [ -123.29922, 44.5486 ] ] } },
{ "type": "Feature", "properties": { "component": 0, "name": [ "Corvallis-Philomath Multi-use Path" ], "highway": [ "cycleway" ] }, "geometry": { "type": "LineString", "coordinates": [ [ -123.30084, 44.5481 ], [ -123.30106, 44.54724 ] ] } },
{ "type": "Feature", "properties": { "component": 0, "name": [ "Corvallis-Philomath Multi-use Path" ], "highway": [ "cycleway" ] }, "geometry": { "type": "LineString", "coordinates": [ [ -123.30142, 44.54686 ], [ -123.30138, 44.5469 ] ] } },
{ "type": "Feature", "properties": { "component": 0, "name": [ "Corvallis-Philomath Multi-use Path" ], "highway": [ "cycleway" ] }, "geometry": { "type": "LineString", "coordinates": [ [ -123.30142, 44.54686 ], [ -123.3021, 44.54654 ] ] } },
{ "type": "Feature", "properties": { "component": 0, "name": "Unnamed street", "highway": [ "cycleway" ] }, "geometry": { "type": "LineString", "coordinates": [ [ -123.29972, 44.5491 ], [ -123.29928, 44.54878 ] ] } },
{ "type": "Feature", "properties": { "component": 0, "name": "Unnamed street", "highway": [ "cycleway" ] }, "geometry": { "type": "LineString", "coordinates": [ [ -123.29972, 44.5491 ], [ -123.29992, 44.54976 ], [ -123.29892, 44.54968 ] ] } },
{ "type": "Feature", "properties": { "component": 0, "name": "Unnamed street", "highway": [ "cycleway" ] }, "geometry": { "type": "LineString", "coordinates": [ [ -123.29928, 44.54878 ], [ -123.29878, 44.54866 ] ] } },
{ "type": "Feature", "properties": { "component": 0, "name": "Unnamed street", "highway": [ "cycleway" ] }, "geometry": { "type": "LineString", "coordinates": [ [ -123.29928, 44.54878 ], [ -123.29972, 44.5491 ] ] } },
{ "type": "Feature", "properties": { "component": 0, "name": "Unnamed street", "highway": [ "cycleway" ] }, "geometry": { "type": "LineString", "coordinates": [ [ -123.29892, 44.54968 ], [ -123.29992, 44.54976 ], [ -123.29972, 44.5491 ] ] } },
{ "type": "Feature", "properties": { "component": 0, "name": "Unnamed street", "highway": [ "cycleway" ] }, "geometry": { "type": "LineString", "coordinates": [ [ -123.29892, 44.54968 ], [ -123.29856, 44.54938 ] ] } },
{ "type": "Feature", "properties": { "component": 0, "name": [ "Corvallis-Philomath Multi-use Path" ], "highway": [ "cycleway" ] }, "geometry": { "type": "LineString", "coordinates": [ [ -123.30106, 44.54724 ], [ -123.30138, 44.5469 ] ] } },
{ "type": "Feature", "properties": { "component": 0, "name": [ "Corvallis-Philomath Multi-use Path" ], "highway": [ "cycleway" ] }, "geometry": { "type": "LineString", "coordinates": [ [ -123.30106, 44.54724 ], [ -123.30084, 44.5481 ] ] } },
{ "type": "Feature", "properties": { "component": 0, "name": "Unnamed street", "highway": [ "cycleway" ] }, "geometry": { "type": "LineString", "coordinates": [ [ -123.31216, 44.56522 ], [ -123.31216, 44.56512 ] ] } },
{ "type": "Feature", "properties": { "component": 0, "name": "Unnamed street", "highway": [ "cycleway" ] }, "geometry": { "type": "LineString", "coordinates": [ [ -123.31216, 44.56512 ], [ -123.31216, 44.56522 ] ] } },
{ "type": "Feature", "properties": { "component": 0, "name": "Unnamed street", "highway": [ "cycleway" ] }, "geometry": { "type": "LineString", "coordinates": [ [ -123.31216, 44.56512 ], [ -123.31216, 44.564 ] ] } },
{ "type": "Feature", "properties": { "component": 0, "name": "Unnamed street", "highway": [ "cycleway" ] }, "geometry": { "type": "LineString", "coordinates": [ [ -123.259, 44.56334 ], [ -123.25892, 44.56332 ] ] } },
{ "type": "Feature", "properties": { "component": 0, "name": "Unnamed street", "highway": [ "cycleway" ] }, "geometry": { "type": "LineString", "coordinates": [ [ -123.2601, 44.56136 ], [ -123.26002, 44.56134 ] ] } },
{ "type": "Feature", "properties": { "component": 0, "name": "Unnamed street", "highway": [ "cycleway" ] }, "geometry": { "type": "LineString", "coordinates": [ [ -123.26022, 44.56092 ], [ -123.2603, 44.56094 ] ] } },
{ "type": "Feature", "properties": { "component": 0, "name": [ "Riverfront Path" ], "highway": [ "cycleway" ] }, "geometry": { "type": "LineString", "coordinates": [ [ -123.26022, 44.56092 ], [ -123.26002, 44.56134 ] ] } },
{ "type": "Feature", "properties": { "component": 0, "name": [ "Riverfront Path" ], "highway": [ "cycleway" ] }, "geometry": { "type": "LineString", "coordinates": [ [ -123.26022, 44.56092 ], [ -123.2603, 44.56076 ] ] } },
{ "type": "Feature", "properties": { "component": 8, "name": "Unnamed street", "highway": [ "cycleway" ] }, "geometry": { "type": "LineString", "coordinates": [ [ -123.29514, 44.58134 ], [ -123.29506, 44.5814 ] ] } },
{ "type": "Feature", "properties": { "component": 8, "name": "Unnamed street", "highway": [ "cycleway" ] }, "geometry": { "type": "LineString", "coordinates": [ [ -123.29514, 44.58134 ], [ -123.29528, 44.58122 ] ] } },
{ "type": "Feature", "properties": { "component": 8, "name": "Unnamed street", "highway": [ "cycleway" ] }, "geometry": { "type": "LineString", "coordinates": [ [ -123.29506, 44.5814 ], [ -123.29514, 44.58134 ] ] } },
{ "type": "Feature", "properties": { "component": 8, "name": "Unnamed street", "highway": [ "cycleway" ] }, "geometry": { "type": "LineString", "coordinates": [ [ -123.29506, 44.5814 ], [ -123.29394, 44.5815 ], [ -123.2928, 44.58228 ] ] } },
{ "type": "Feature", "properties": { "component": 8, "name": "Unnamed street", "highway": [ "cycleway" ] }, "geometry": { "type": "LineString", "coordinates": [ [ -123.29528, 44.58122 ], [ -123.29514, 44.58134 ] ] } },
{ "type": "Feature", "properties": { "component": 8, "name": "Unnamed street", "highway": [ "cycleway" ] }, "geometry": { "type": "LineString", "coordinates": [ [ -123.29528, 44.58122 ], [ -123.29596, 44.58072 ] ] } },
{ "type": "Feature", "properties": { "component": 8, "name": "Unnamed street", "highway": [ "cycleway" ] }, "geometry": { "type": "LineString", "coordinates": [ [ -123.29596, 44.58072 ], [ -123.29528, 44.58122 ] ] } },
{ "type": "Feature", "properties": { "component": 8, "name": "Unnamed street", "highway": [ "cycleway" ] }, "geometry": { "type": "LineString", "coordinates": [ [ -123.29596, 44.58072 ], [ -123.29722, 44.57924 ] ] } },
{ "type": "Feature", "properties": { "component": 8, "name": "Unnamed street", "highway": [ "cycleway" ] }, "geometry": { "type": "LineString", "coordinates": [ [ -123.2928, 44.58228 ], [ -123.29148, 44.58306 ] ] } },
{ "type": "Feature", "properties": { "component": 8, "name": "Unnamed street", "highway": [ "cycleway" ] }, "geometry": { "type": "LineString", "coordinates": [ [ -123.2928, 44.58228 ], [ -123.29394, 44.5815 ], [ -123.29506, 44.5814 ] ] } },
{ "type": "Feature", "properties": { "component": 0, "name": "Unnamed street", "highway": [ "cycleway" ] }, "geometry": { "type": "LineString", "coordinates": [ [ -123.31246, 44.5563 ], [ -123.31246, 44.55638 ] ] } },
{ "type": "Feature", "properties": { "component": 0, "name": "Unnamed street", "highway": [ "cycleway" ] }, "geometry": { "type": "LineString", "coordinates": [ [ -123.31246, 44.5563 ], [ -123.3122, 44.55292 ] ] } },
{ "type": "Feature", "properties": { "component": 0, "name": "Unnamed street", "highway": [ "cycleway" ] }, "geometry": { "type": "LineString", "coordinates": [ [ -123.25772, 44.5657 ], [ -123.25774, 44.56556 ] ] } },
{ "type": "Feature", "properties": { "component": 0, "name": "Unnamed street", "highway": [ "cycleway" ] }, "geometry": { "type": "LineString", "coordinates": [ [ -123.25772, 44.5657 ], [ -123.2578, 44.5657 ] ] } },
{ "type": "Feature", "properties": { "component": 0, "name": "Unnamed street", "highway": [ "cycleway" ] }, "geometry": { "type": "LineString", "coordinates": [ [ -123.25812, 44.56482 ], [ -123.25784, 44.56476 ] ] } },
{ "type": "Feature", "properties": { "component": 0, "name": "Unnamed street", "highway": [ "cycleway" ] }, "geometry": { "type": "LineString", "coordinates": [ [ -123.25812, 44.56482 ], [ -123.25824, 44.56486 ] ] } },
{ "type": "Feature", "properties": { "component": 0, "name": [ "Riverfront Path" ], "highway": [ "cycleway" ] }, "geometry": { "type": "LineString", "coordinates": [ [ -123.25914, 44.5629 ], [ -123.25918, 44.5628 ] ] } },
{ "type": "Feature", "properties": { "component": 0, "name": "Unnamed street", "highway": [ "cycleway" ] }, "geometry": { "type": "LineString", "coordinates": [ [ -123.25914, 44.5629 ], [ -123.25922, 44.56292 ] ] } },
{ "type": "Feature", "properties": { "component": 0, "name": [ "Riverfront Path" ], "highway": [ "cycleway" ] }, "geometry": { "type": "LineString", "coordinates": [ [ -123.25914, 44.5629 ], [ -123.25892, 44.56332 ] ] } },
{ "type": "Feature", "properties": { "component": 0, "name": "Unnamed street", "highway": [ "cycleway" ] }, "geometry": { "type": "LineString", "coordinates": [ [ -123.31216, 44.564 ], [ -123.31216, 44.56512 ] ] } },
{ "type": "Feature", "properties": { "component": 0, "name": "Unnamed street", "highway": [ "cycleway" ] }, "geometry": { "type": "LineString", "coordinates": [ [ -123.31216, 44.564 ], [ -123.3121, 44.56352 ] ] } },
{ "type": "Feature", "properties": { "component": 0, "name": [ "Corvallis-Philomath Multi-use Path" ], "highway": [ "cycleway" ] }, "geometry": { "type": "LineString", "coordinates": [ [ -123.29922, 44.5486 ], [ -123.30084, 44.5481 ] ] } },
{ "type": "Feature", "properties": { "component": 0, "name": [ "Corvallis-Philomath Multi-use Path" ], "highway": [ "cycleway" ] }, "geometry": { "type": "LineString", "coordinates": [ [ -123.29922, 44.5486 ], [ -123.29878, 44.54866 ] ] } },
{ "type": "Feature", "properties": { "component": 1, "name": "Unnamed street", "highway": [ "cycleway" ] }, "geometry": { "type": "LineString", "coordinates": [ [ -123.2502, 44.53434 ], [ -123.2502, 44.53436 ] ] } },
{ "type": "Feature", "properties": { "component": 1, "name": "Unnamed street", "highway": [ "cycleway" ] }, "geometry": { "type": "LineString", "coordinates": [ [ -123.2502, 44.53434 ], [ -123.25164, 44.5324 ] ] } },
{ "type": "Feature", "properties": { "component": 8, "name": "Unnamed street", "highway": "['cycleway' 'footway']" }, "geometry": { "type": "LineString", "coordinates": [ [ -123.29046, 44.58434 ], [ -123.29144, 44.5831 ] ] } },
{ "type": "Feature", "properties": { "component": 8, "name": "Unnamed street", "highway": [ "cycleway" ] }, "geometry": { "type": "LineString", "coordinates": [ [ -123.29144, 44.5831 ], [ -123.29148, 44.58306 ] ] } },
{ "type": "Feature", "properties": { "component": 8, "name": "Unnamed street", "highway": "['cycleway' 'footway']" }, "geometry": { "type": "LineString", "coordinates": [ [ -123.29144, 44.5831 ], [ -123.29046, 44.58434 ] ] } },
{ "type": "Feature", "properties": { "component": 0, "name": [ "Corvallis-Philomath Multi-use Path" ], "highway": [ "cycleway" ] }, "geometry": { "type": "LineString", "coordinates": [ [ -123.31398, 44.5458 ], [ -123.3141, 44.54578 ] ] } },
{ "type": "Feature", "properties": { "component": 0, "name": [ "Corvallis-Philomath Multi-use Path" ], "highway": [ "cycleway" ] }, "geometry": { "type": "LineString", "coordinates": [ [ -123.31398, 44.5458 ], [ -123.31388, 44.5458 ] ] } },
{ "type": "Feature", "properties": { "component": 0, "name": [ "Corvallis-Philomath Multi-use Path" ], "highway": [ "cycleway" ] }, "geometry": { "type": "LineString", "coordinates": [ [ -123.3141, 44.54578 ], [ -123.31414, 44.54578 ] ] } },
{ "type": "Feature", "properties": { "component": 0, "name": [ "Corvallis-Philomath Multi-use Path" ], "highway": [ "cycleway" ] }, "geometry": { "type": "LineString", "coordinates": [ [ -123.3141, 44.54578 ], [ -123.31398, 44.5458 ] ] } },
{ "type": "Feature", "properties": { "component": 0, "name": [ "Corvallis-Philomath Multi-use Path" ], "highway": [ "cycleway" ] }, "geometry": { "type": "LineString", "coordinates": [ [ -123.31388, 44.5458 ], [ -123.31398, 44.5458 ] ] } },
{ "type": "Feature", "properties": { "component": 0, "name": [ "Corvallis-Philomath Multi-use Path" ], "highway": [ "cycleway" ] }, "geometry": { "type": "LineString", "coordinates": [ [ -123.31388, 44.5458 ], [ -123.31382, 44.5458 ] ] } },
{ "type": "Feature", "properties": { "component": 0, "name": "Unnamed street", "highway": [ "cycleway" ] }, "geometry": { "type": "LineString", "coordinates": [ [ -123.2648, 44.55364 ], [ -123.26482, 44.55356 ] ] } },
{ "type": "Feature", "properties": { "component": 0, "name": "Unnamed street", "highway": [ "cycleway" ] }, "geometry": { "type": "LineString", "coordinates": [ [ -123.2648, 44.55364 ], [ -123.26478, 44.55384 ] ] } },
{ "type": "Feature", "properties": { "component": 8, "name": "Unnamed street", "highway": [ "cycleway" ] }, "geometry": { "type": "LineString", "coordinates": [ [ -123.29148, 44.58306 ], [ -123.29144, 44.5831 ] ] } },
{ "type": "Feature", "properties": { "component": 8, "name": "Unnamed street", "highway": [ "cycleway" ] }, "geometry": { "type": "LineString", "coordinates": [ [ -123.29148, 44.58306 ], [ -123.2928, 44.58228 ] ] } },
{ "type": "Feature", "properties": { "component": 0, "name": "Unnamed street", "highway": [ "cycleway" ] }, "geometry": { "type": "LineString", "coordinates": [ [ -123.31218, 44.54692 ], [ -123.31218, 44.547 ] ] } },
{ "type": "Feature", "properties": { "component": 0, "name": "Unnamed street", "highway": [ "cycleway" ] }, "geometry": { "type": "LineString", "coordinates": [ [ -123.31218, 44.54692 ], [ -123.31218, 44.54684 ] ] } },
{ "type": "Feature", "properties": { "component": 0, "name": "Unnamed street", "highway": [ "cycleway" ] }, "geometry": { "type": "LineString", "coordinates": [ [ -123.31218, 44.547 ], [ -123.31218, 44.54704 ] ] } },
{ "type": "Feature", "properties": { "component": 0, "name": "Unnamed street", "highway": [ "cycleway" ] }, "geometry": { "type": "LineString", "coordinates": [ [ -123.31218, 44.547 ], [ -123.31218, 44.54692 ] ] } },
{ "type": "Feature", "properties": { "component": 0, "name": "Unnamed street", "highway": [ "cycleway" ] }, "geometry": { "type": "LineString", "coordinates": [ [ -123.31218, 44.54684 ], [ -123.31218, 44.54692 ] ] } },
{ "type": "Feature", "properties": { "component": 0, "name": "Unnamed street", "highway": [ "cycleway" ] }, "geometry": { "type": "LineString", "coordinates": [ [ -123.31218, 44.54684 ], [ -123.31218, 44.54678 ] ] } },
{ "type": "Feature", "properties": { "component": 0, "name": "Unnamed street", "highway": [ "cycleway" ] }, "geometry": { "type": "LineString", "coordinates": [ [ -123.31214, 44.55006 ], [ -123.31214, 44.55014 ] ] } },
{ "type": "Feature", "properties": { "component": 0, "name": "Unnamed street", "highway": [ "cycleway" ] }, "geometry": { "type": "LineString", "coordinates": [ [ -123.31214, 44.55006 ], [ -123.31214, 44.54986 ] ] } },
{ "type": "Feature", "properties": { "component": 8, "name": "Unnamed street", "highway": [ "cycleway" ] }, "geometry": { "type": "LineString", "coordinates": [ [ -123.29896, 44.57186 ], [ -123.29882, 44.57186 ] ] } },
{ "type": "Feature", "properties": { "component": 8, "name": "Unnamed street", "highway": [ "cycleway" ] }, "geometry": { "type": "LineString", "coordinates": [ [ -123.29882, 44.57186 ], [ -123.29882, 44.57278 ] ] } },
{ "type": "Feature", "properties": { "component": 8, "name": "Unnamed street", "highway": [ "cycleway" ] }, "geometry": { "type": "LineString", "coordinates": [ [ -123.29882, 44.57186 ], [ -123.29896, 44.57186 ] ] } },
{ "type": "Feature", "properties": { "component": 8, "name": "Unnamed street", "highway": [ "cycleway" ] }, "geometry": { "type": "LineString", "coordinates": [ [ -123.29752, 44.5784 ], [ -123.29722, 44.57924 ] ] } },
{ "type": "Feature", "properties": { "component": 8, "name": "Unnamed street", "highway": [ "cycleway" ] }, "geometry": { "type": "LineString", "coordinates": [ [ -123.29752, 44.5784 ], [ -123.29754, 44.57828 ] ] } },
{ "type": "Feature", "properties": { "component": 8, "name": "Unnamed street", "highway": [ "cycleway" ] }, "geometry": { "type": "LineString", "coordinates": [ [ -123.29722, 44.57924 ], [ -123.29596, 44.58072 ] ] } },
{ "type": "Feature", "properties": { "component": 8, "name": "Unnamed street", "highway": [ "cycleway" ] }, "geometry": { "type": "LineString", "coordinates": [ [ -123.29722, 44.57924 ], [ -123.29752, 44.5784 ] ] } },
{ "type": "Feature", "properties": { "component": 8, "name": "Unnamed street", "highway": [ "cycleway" ] }, "geometry": { "type": "LineString", "coordinates": [ [ -123.29754, 44.57828 ], [ -123.29758, 44.57816 ] ] } },
{ "type": "Feature", "properties": { "component": 8, "name": "Unnamed street", "highway": [ "cycleway" ] }, "geometry": { "type": "LineString", "coordinates": [ [ -123.29754, 44.57828 ], [ -123.29752, 44.5784 ] ] } },
{ "type": "Feature", "properties": { "component": 0, "name": "Unnamed street", "highway": [ "cycleway" ] }, "geometry": { "type": "LineString", "coordinates": [ [ -123.26494, 44.55244 ], [ -123.2649, 44.55272 ] ] } },
{ "type": "Feature", "properties": { "component": 0, "name": "Unnamed street", "highway": "['cycleway' 'footway']" }, "geometry": { "type": "LineString", "coordinates": [ [ -123.26494, 44.55244 ], [ -123.26496, 44.552 ] ] } },
{ "type": "Feature", "properties": { "component": 0, "name": "Unnamed street", "highway": "['cycleway' 'footway']" }, "geometry": { "type": "LineString", "coordinates": [ [ -123.26496, 44.552 ], [ -123.26494, 44.55244 ] ] } },
{ "type": "Feature", "properties": { "component": 1, "name": "Unnamed street", "highway": [ "cycleway" ] }, "geometry": { "type": "LineString", "coordinates": [ [ -123.25542, 44.52984 ], [ -123.25552, 44.52988 ] ] } },
{ "type": "Feature", "properties": { "component": 1, "name": "Unnamed street", "highway": [ "cycleway" ] }, "geometry": { "type": "LineString", "coordinates": [ [ -123.25542, 44.52984 ], [ -123.2548, 44.52952 ] ] } },
{ "type": "Feature", "properties": { "component": 1, "name": "Unnamed street", "highway": [ "cycleway" ] }, "geometry": { "type": "LineString", "coordinates": [ [ -123.25552, 44.52988 ], [ -123.25542, 44.52984 ] ] } },
{ "type": "Feature", "properties": { "component": 0, "name": [ "Eric E. Austin Memorial Bypass" ], "highway": [ "cycleway" ] }, "geometry": { "type": "LineString", "coordinates": [ [ -123.26198, 44.55224 ], [ -123.26204, 44.55228 ] ] } },
{ "type": "Feature", "properties": { "component": 0, "name": "Unnamed street", "highway": [ "cycleway" ] }, "geometry": { "type": "LineString", "coordinates": [ [ -123.2629, 44.55806 ], [ -123.26298, 44.558 ] ] } },
{ "type": "Feature", "properties": { "component": 0, "name": "Unnamed street", "highway": [ "cycleway" ] }, "geometry": { "type": "LineString", "coordinates": [ [ -123.26478, 44.55384 ], [ -123.2648, 44.55364 ] ] } },
{ "type": "Feature", "properties": { "component": 0, "name": "Unnamed street", "highway": [ "cycleway" ] }, "geometry": { "type": "LineString", "coordinates": [ [ -123.26478, 44.55384 ], [ -123.26474, 44.55408 ] ] } },
{ "type": "Feature", "properties": { "component": 0, "name": "Unnamed street", "highway": [ "cycleway" ] }, "geometry": { "type": "LineString", "coordinates": [ [ -123.26474, 44.55408 ], [ -123.26472, 44.5542 ] ] } },
{ "type": "Feature", "properties": { "component": 0, "name": "Unnamed street", "highway": [ "cycleway" ] }, "geometry": { "type": "LineString", "coordinates": [ [ -123.26474, 44.55408 ], [ -123.26478, 44.55384 ] ] } },
{ "type": "Feature", "properties": { "component": 1, "name": "Unnamed street", "highway": [ "cycleway" ] }, "geometry": { "type": "LineString", "coordinates": [ [ -123.2502, 44.53436 ], [ -123.2502, 44.53434 ] ] } },
{ "type": "Feature", "properties": { "component": 1, "name": "Unnamed street", "highway": [ "cycleway" ] }, "geometry": { "type": "LineString", "coordinates": [ [ -123.2502, 44.53436 ], [ -123.24896, 44.53724 ] ] } },
{ "type": "Feature", "properties": { "component": 1, "name": "Unnamed street", "highway": [ "cycleway" ] }, "geometry": { "type": "LineString", "coordinates": [ [ -123.24896, 44.53724 ], [ -123.2475, 44.53882 ] ] } },
{ "type": "Feature", "properties": { "component": 1, "name": "Unnamed street", "highway": [ "cycleway" ] }, "geometry": { "type": "LineString", "coordinates": [ [ -123.24896, 44.53724 ], [ -123.2502, 44.53436 ] ] } },
{ "type": "Feature", "properties": { "component": 8, "name": "Unnamed street", "highway": [ "cycleway" ] }, "geometry": { "type": "LineString", "coordinates": [ [ -123.29848, 44.57558 ], [ -123.2986, 44.5756 ] ] } },
{ "type": "Feature", "properties": { "component": 8, "name": "Unnamed street", "highway": [ "cycleway" ] }, "geometry": { "type": "LineString", "coordinates": [ [ -123.29848, 44.57558 ], [ -123.29832, 44.57558 ] ] } },
{ "type": "Feature", "properties": { "component": 8, "name": "Unnamed street", "highway": [ "cycleway" ] }, "geometry": { "type": "LineString", "coordinates": [ [ -123.2986, 44.5756 ], [ -123.29848, 44.57558 ] ] } },
{ "type": "Feature", "properties": { "component": 8, "name": "Unnamed street", "highway": [ "cycleway" ] }, "geometry": { "type": "LineString", "coordinates": [ [ -123.2986, 44.5756 ], [ -123.29884, 44.57566 ] ] } },
{ "type": "Feature", "properties": { "component": 8, "name": "Unnamed street", "highway": [ "cycleway" ] }, "geometry": { "type": "LineString", "coordinates": [ [ -123.29832, 44.57558 ], [ -123.29828, 44.57568 ] ] } },
{ "type": "Feature", "properties": { "component": 8, "name": "Unnamed street", "highway": [ "cycleway" ] }, "geometry": { "type": "LineString", "coordinates": [ [ -123.29832, 44.57558 ], [ -123.29848, 44.57558 ] ] } },
{ "type": "Feature", "properties": { "component": 8, "name": "Unnamed street", "highway": [ "cycleway" ] }, "geometry": { "type": "LineString", "coordinates": [ [ -123.29832, 44.57558 ], [ -123.29882, 44.57314 ] ] } },
{ "type": "Feature", "properties": { "component": 8, "name": "Unnamed street", "highway": [ "cycleway" ] }, "geometry": { "type": "LineString", "coordinates": [ [ -123.30364, 44.57508 ], [ -123.3037, 44.5751 ] ] } },
{ "type": "Feature", "properties": { "component": 8, "name": "Unnamed street", "highway": [ "cycleway" ] }, "geometry": { "type": "LineString", "coordinates": [ [ -123.30364, 44.57508 ], [ -123.30208, 44.57452 ] ] } },
{ "type": "Feature", "properties": { "component": 8, "name": "Unnamed street", "highway": [ "cycleway" ] }, "geometry": { "type": "LineString", "coordinates": [ [ -123.3037, 44.5751 ], [ -123.30364, 44.57508 ] ] } },
{ "type": "Feature", "properties": { "component": 8, "name": "Unnamed street", "highway": [ "cycleway" ] }, "geometry": { "type": "LineString", "coordinates": [ [ -123.30208, 44.57452 ], [ -123.30364, 44.57508 ] ] } },
{ "type": "Feature", "properties": { "component": 8, "name": "Unnamed street", "highway": [ "cycleway" ] }, "geometry": { "type": "LineString", "coordinates": [ [ -123.30208, 44.57452 ], [ -123.30186, 44.57458 ] ] } },
{ "type": "Feature", "properties": { "component": 8, "name": "Unnamed street", "highway": [ "cycleway" ] }, "geometry": { "type": "LineString", "coordinates": [ [ -123.30186, 44.57458 ], [ -123.30208, 44.57452 ] ] } },
{ "type": "Feature", "properties": { "component": 8, "name": "Unnamed street", "highway": [ "cycleway" ] }, "geometry": { "type": "LineString", "coordinates": [ [ -123.30186, 44.57458 ], [ -123.3006, 44.5736 ] ] } },
{ "type": "Feature", "properties": { "component": 8, "name": "Unnamed street", "highway": [ "cycleway" ] }, "geometry": { "type": "LineString", "coordinates": [ [ -123.3006, 44.5736 ], [ -123.30186, 44.57458 ] ] } },
{ "type": "Feature", "properties": { "component": 8, "name": "Unnamed street", "highway": [ "cycleway" ] }, "geometry": { "type": "LineString", "coordinates": [ [ -123.3006, 44.5736 ], [ -123.29884, 44.57566 ] ] } },
{ "type": "Feature", "properties": { "component": 8, "name": "Unnamed street", "highway": [ "cycleway" ] }, "geometry": { "type": "LineString", "coordinates": [ [ -123.3006, 44.5736 ], [ -123.30112, 44.57178 ] ] } },
{ "type": "Feature", "properties": { "component": 8, "name": "Unnamed street", "highway": [ "cycleway" ] }, "geometry": { "type": "LineString", "coordinates": [ [ -123.29882, 44.57278 ], [ -123.29882, 44.57302 ] ] } },
{ "type": "Feature", "properties": { "component": 8, "name": "Unnamed street", "highway": [ "cycleway" ] }, "geometry": { "type": "LineString", "coordinates": [ [ -123.29882, 44.57278 ], [ -123.29882, 44.57186 ] ] } },
{ "type": "Feature", "properties": { "component": 8, "name": "Unnamed street", "highway": [ "cycleway" ] }, "geometry": { "type": "LineString", "coordinates": [ [ -123.29758, 44.57816 ], [ -123.29754, 44.57828 ] ] } },
{ "type": "Feature", "properties": { "component": 8, "name": "Unnamed street", "highway": [ "cycleway" ] }, "geometry": { "type": "LineString", "coordinates": [ [ -123.29758, 44.57816 ], [ -123.29768, 44.57784 ] ] } },
{ "type": "Feature", "properties": { "component": 8, "name": "Unnamed street", "highway": [ "cycleway" ] }, "geometry": { "type": "LineString", "coordinates": [ [ -123.29768, 44.57784 ], [ -123.29758, 44.57816 ] ] } },
{ "type": "Feature", "properties": { "component": 8, "name": "Unnamed street", "highway": [ "cycleway" ] }, "geometry": { "type": "LineString", "coordinates": [ [ -123.29768, 44.57784 ], [ -123.29804, 44.57664 ] ] } },
{ "type": "Feature", "properties": { "component": 8, "name": "Unnamed street", "highway": [ "cycleway" ] }, "geometry": { "type": "LineString", "coordinates": [ [ -123.29826, 44.57582 ], [ -123.29828, 44.57568 ] ] } },
{ "type": "Feature", "properties": { "component": 8, "name": "Unnamed street", "highway": [ "cycleway" ] }, "geometry": { "type": "LineString", "coordinates": [ [ -123.29826, 44.57582 ], [ -123.29808, 44.5765 ] ] } },
{ "type": "Feature", "properties": { "component": 8, "name": "Unnamed street", "highway": [ "cycleway" ] }, "geometry": { "type": "LineString", "coordinates": [ [ -123.29828, 44.57568 ], [ -123.29826, 44.57582 ] ] } },
{ "type": "Feature", "properties": { "component": 8, "name": "Unnamed street", "highway": [ "cycleway" ] }, "geometry": { "type": "LineString", "coordinates": [ [ -123.29828, 44.57568 ], [ -123.29832, 44.57558 ] ] } },
{ "type": "Feature", "properties": { "component": 8, "name": "Unnamed street", "highway": [ "cycleway" ] }, "geometry": { "type": "LineString", "coordinates": [ [ -123.29808, 44.5765 ], [ -123.29804, 44.57664 ] ] } },
{ "type": "Feature", "properties": { "component": 8, "name": "Unnamed street", "highway": [ "cycleway" ] }, "geometry": { "type": "LineString", "coordinates": [ [ -123.29808, 44.5765 ], [ -123.29826, 44.57582 ] ] } },
{ "type": "Feature", "properties": { "component": 8, "name": "Unnamed street", "highway": [ "cycleway" ] }, "geometry": { "type": "LineString", "coordinates": [ [ -123.29882, 44.57314 ], [ -123.29882, 44.57302 ] ] } },
{ "type": "Feature", "properties": { "component": 8, "name": "Unnamed street", "highway": [ "cycleway" ] }, "geometry": { "type": "LineString", "coordinates": [ [ -123.29882, 44.57314 ], [ -123.29832, 44.57558 ] ] } },
{ "type": "Feature", "properties": { "component": 8, "name": "Unnamed street", "highway": [ "cycleway" ] }, "geometry": { "type": "LineString", "coordinates": [ [ -123.29804, 44.57664 ], [ -123.29808, 44.5765 ] ] } },
{ "type": "Feature", "properties": { "component": 8, "name": "Unnamed street", "highway": [ "cycleway" ] }, "geometry": { "type": "LineString", "coordinates": [ [ -123.29804, 44.57664 ], [ -123.29768, 44.57784 ] ] } },
{ "type": "Feature", "properties": { "component": 8, "name": "Unnamed street", "highway": [ "cycleway" ] }, "geometry": { "type": "LineString", "coordinates": [ [ -123.29882, 44.57302 ], [ -123.29882, 44.57314 ] ] } },
{ "type": "Feature", "properties": { "component": 8, "name": "Unnamed street", "highway": [ "cycleway" ] }, "geometry": { "type": "LineString", "coordinates": [ [ -123.29882, 44.57302 ], [ -123.29882, 44.57278 ] ] } },
{ "type": "Feature", "properties": { "component": 8, "name": "Unnamed street", "highway": [ "cycleway" ] }, "geometry": { "type": "LineString", "coordinates": [ [ -123.29884, 44.57566 ], [ -123.2986, 44.5756 ] ] } },
{ "type": "Feature", "properties": { "component": 8, "name": "Unnamed street", "highway": [ "cycleway" ] }, "geometry": { "type": "LineString", "coordinates": [ [ -123.29884, 44.57566 ], [ -123.3006, 44.5736 ] ] } },
{ "type": "Feature", "properties": { "component": 8, "name": "Unnamed street", "highway": [ "cycleway" ] }, "geometry": { "type": "LineString", "coordinates": [ [ -123.30112, 44.57178 ], [ -123.30112, 44.5717 ] ] } },
{ "type": "Feature", "properties": { "component": 8, "name": "Unnamed street", "highway": [ "cycleway" ] }, "geometry": { "type": "LineString", "coordinates": [ [ -123.30112, 44.57178 ], [ -123.3006, 44.5736 ] ] } },
{ "type": "Feature", "properties": { "component": 8, "name": "Unnamed street", "highway": [ "cycleway" ] }, "geometry": { "type": "LineString", "coordinates": [ [ -123.30112, 44.5717 ], [ -123.30112, 44.57178 ] ] } },
{ "type": "Feature", "properties": { "component": 0, "name": "Unnamed street", "highway": [ "cycleway" ] }, "geometry": { "type": "LineString", "coordinates": [ [ -123.26446, 44.55756 ], [ -123.26452, 44.55758 ] ] } },
{ "type": "Feature", "properties": { "component": 0, "name": "Unnamed street", "highway": [ "cycleway" ] }, "geometry": { "type": "LineString", "coordinates": [ [ -123.26452, 44.55758 ], [ -123.26446, 44.55756 ] ] } },
{ "type": "Feature", "properties": { "component": 0, "name": "Unnamed street", "highway": [ "cycleway" ] }, "geometry": { "type": "LineString", "coordinates": [ [ -123.26452, 44.55758 ], [ -123.26454, 44.5576 ] ] } },
{ "type": "Feature", "properties": { "component": 0, "name": "Unnamed street", "highway": [ "cycleway" ] }, "geometry": { "type": "LineString", "coordinates": [ [ -123.26138, 44.5588 ], [ -123.26132, 44.55878 ] ] } },
{ "type": "Feature", "properties": { "component": 0, "name": [ "Riverfront Path" ], "highway": [ "cycleway" ] }, "geometry": { "type": "LineString", "coordinates": [ [ -123.26132, 44.55878 ], [ -123.2615, 44.5584 ] ] } },
{ "type": "Feature", "properties": { "component": 0, "name": "Unnamed street", "highway": [ "cycleway" ] }, "geometry": { "type": "LineString", "coordinates": [ [ -123.26132, 44.55878 ], [ -123.26138, 44.5588 ] ] } },
{ "type": "Feature", "properties": { "component": 0, "name": [ "Riverfront Path" ], "highway": [ "cycleway" ] }, "geometry": { "type": "LineString", "coordinates": [ [ -123.26132, 44.55878 ], [ -123.26124, 44.55896 ] ] } },
{ "type": "Feature", "properties": { "component": 0, "name": "Unnamed street", "highway": [ "cycleway" ] }, "geometry": { "type": "LineString", "coordinates": [ [ -123.26282, 44.55792 ], [ -123.26274, 44.55782 ] ] } },
{ "type": "Feature", "properties": { "component": 0, "name": "Unnamed street", "highway": [ "cycleway" ] }, "geometry": { "type": "LineString", "coordinates": [ [ -123.26282, 44.55792 ], [ -123.26298, 44.558 ] ] } },
{ "type": "Feature", "properties": { "component": 0, "name": "Unnamed street", "highway": [ "cycleway" ] }, "geometry": { "type": "LineString", "coordinates": [ [ -123.26274, 44.55782 ], [ -123.26282, 44.55792 ] ] } },
{ "type": "Feature", "properties": { "component": 0, "name": "Unnamed street", "highway": [ "cycleway" ] }, "geometry": { "type": "LineString", "coordinates": [ [ -123.25824, 44.56486 ], [ -123.25812, 44.56482 ] ] } },
{ "type": "Feature", "properties": { "component": 0, "name": [ "Riverfront Path" ], "highway": [ "cycleway" ] }, "geometry": { "type": "LineString", "coordinates": [ [ -123.26124, 44.55896 ], [ -123.26082, 44.55976 ] ] } },
{ "type": "Feature", "properties": { "component": 0, "name": [ "Riverfront Path" ], "highway": [ "cycleway" ] }, "geometry": { "type": "LineString", "coordinates": [ [ -123.26124, 44.55896 ], [ -123.26132, 44.55878 ] ] } },
{ "type": "Feature", "properties": { "component": 0, "name": "Unnamed street", "highway": [ "cycleway" ] }, "geometry": { "type": "LineString", "coordinates": [ [ -123.26158, 44.55842 ], [ -123.2615, 44.5584 ] ] } },
{ "type": "Feature", "properties": { "component": 0, "name": "Unnamed street", "highway": [ "cycleway" ] }, "geometry": { "type": "LineString", "coordinates": [ [ -123.2598, 44.56194 ], [ -123.25974, 44.56192 ] ] } },
{ "type": "Feature", "properties": { "component": 0, "name": "Unnamed street", "highway": [ "cycleway" ] }, "geometry": { "type": "LineString", "coordinates": [ [ -123.2603, 44.56094 ], [ -123.26022, 44.56092 ] ] } },
{ "type": "Feature", "properties": { "component": 0, "name": "Unnamed street", "highway": [ "cycleway" ] }, "geometry": { "type": "LineString", "coordinates": [ [ -123.2603, 44.56076 ], [ -123.26038, 44.56078 ] ] } },
{ "type": "Feature", "properties": { "component": 0, "name": [ "Riverfront Path" ], "highway": [ "cycleway" ] }, "geometry": { "type": "LineString", "coordinates": [ [ -123.2603, 44.56076 ], [ -123.26022, 44.56092 ] ] } },
{ "type": "Feature", "properties": { "component": 0, "name": [ "Riverfront Path" ], "highway": [ "cycleway" ] }, "geometry": { "type": "LineString", "coordinates": [ [ -123.2603, 44.56076 ], [ -123.26052, 44.56034 ] ] } },
{ "type": "Feature", "properties": { "component": 0, "name": "Unnamed street", "highway": [ "cycleway" ] }, "geometry": { "type": "LineString", "coordinates": [ [ -123.26038, 44.56078 ], [ -123.2603, 44.56076 ] ] } },
{ "type": "Feature", "properties": { "component": 0, "name": [ "Riverfront Path" ], "highway": [ "cycleway" ] }, "geometry": { "type": "LineString", "coordinates": [ [ -123.26052, 44.56034 ], [ -123.26074, 44.55994 ] ] } },
{ "type": "Feature", "properties": { "component": 0, "name": "Unnamed street", "highway": [ "cycleway" ] }, "geometry": { "type": "LineString", "coordinates": [ [ -123.26052, 44.56034 ], [ -123.2606, 44.56036 ] ] } },
{ "type": "Feature", "properties": { "component": 0, "name": [ "Riverfront Path" ], "highway": [ "cycleway" ] }, "geometry": { "type": "LineString", "coordinates": [ [ -123.26052, 44.56034 ], [ -123.2603, 44.56076 ] ] } },
{ "type": "Feature", "properties": { "component": 0, "name": "Unnamed street", "highway": [ "cycleway" ] }, "geometry": { "type": "LineString", "coordinates": [ [ -123.26082, 44.55996 ], [ -123.26074, 44.55994 ] ] } },
{ "type": "Feature", "properties": { "component": 0, "name": [ "Riverfront Path" ], "highway": [ "cycleway" ] }, "geometry": { "type": "LineString", "coordinates": [ [ -123.26074, 44.55994 ], [ -123.26052, 44.56034 ] ] } },
{ "type": "Feature", "properties": { "component": 0, "name": "Unnamed street", "highway": [ "cycleway" ] }, "geometry": { "type": "LineString", "coordinates": [ [ -123.26074, 44.55994 ], [ -123.26082, 44.55996 ] ] } },
{ "type": "Feature", "properties": { "component": 0, "name": [ "Riverfront Path" ], "highway": [ "cycleway" ] }, "geometry": { "type": "LineString", "coordinates": [ [ -123.26074, 44.55994 ], [ -123.26082, 44.55976 ] ] } },
{ "type": "Feature", "properties": { "component": 0, "name": [ "Riverfront Path" ], "highway": [ "cycleway" ] }, "geometry": { "type": "LineString", "coordinates": [ [ -123.26082, 44.55976 ], [ -123.26074, 44.55994 ] ] } },
{ "type": "Feature", "properties": { "component": 0, "name": [ "Riverfront Path" ], "highway": [ "cycleway" ] }, "geometry": { "type": "LineString", "coordinates": [ [ -123.26082, 44.55976 ], [ -123.26124, 44.55896 ] ] } },
{ "type": "Feature", "properties": { "component": 0, "name": "Unnamed street", "highway": [ "cycleway" ] }, "geometry": { "type": "LineString", "coordinates": [ [ -123.2606, 44.56036 ], [ -123.26052, 44.56034 ] ] } },
{ "type": "Feature", "properties": { "component": 0, "name": "Unnamed street", "highway": [ "cycleway" ] }, "geometry": { "type": "LineString", "coordinates": [ [ -123.25922, 44.56292 ], [ -123.25914, 44.5629 ] ] } },
{ "type": "Feature", "properties": { "component": 0, "name": "Unnamed street", "highway": [ "cycleway" ] }, "geometry": { "type": "LineString", "coordinates": [ [ -123.25932, 44.56274 ], [ -123.25922, 44.56272 ] ] } },
{ "type": "Feature", "properties": { "component": 0, "name": [ "Riverfront Path" ], "highway": [ "cycleway" ] }, "geometry": { "type": "LineString", "coordinates": [ [ -123.25778, 44.5681 ], [ -123.25768, 44.56808 ] ] } },
{ "type": "Feature", "properties": { "component": 0, "name": "Unnamed street", "highway": [ "cycleway" ] }, "geometry": { "type": "LineString", "coordinates": [ [ -123.25772, 44.56798 ], [ -123.25768, 44.56808 ] ] } },
{ "type": "Feature", "properties": { "component": 0, "name": [ "Corvallis-Philomath Multi-use Path" ], "highway": [ "cycleway" ] }, "geometry": { "type": "LineString", "coordinates": [ [ -123.31382, 44.5458 ], [ -123.31388, 44.5458 ] ] } },
{ "type": "Feature", "properties": { "component": 0, "name": [ "Corvallis-Philomath Multi-use Path" ], "highway": [ "cycleway" ] }, "geometry": { "type": "LineString", "coordinates": [ [ -123.31382, 44.5458 ], [ -123.3131, 44.5458 ] ] } },
{ "type": "Feature", "properties": { "component": 0, "name": "Unnamed street", "highway": [ "cycleway" ] }, "geometry": { "type": "LineString", "coordinates": [ [ -123.31218, 44.5478 ], [ -123.31218, 44.5479 ] ] } },
{ "type": "Feature", "properties": { "component": 0, "name": "Unnamed street", "highway": [ "cycleway" ] }, "geometry": { "type": "LineString", "coordinates": [ [ -123.31218, 44.5478 ], [ -123.31218, 44.5477 ] ] } },
{ "type": "Feature", "properties": { "component": 0, "name": "Unnamed street", "highway": [ "cycleway" ] }, "geometry": { "type": "LineString", "coordinates": [ [ -123.31218, 44.5477 ], [ -123.31218, 44.5478 ] ] } },
{ "type": "Feature", "properties": { "component": 0, "name": "Unnamed street", "highway": [ "cycleway" ] }, "geometry": { "type": "LineString", "coordinates": [ [ -123.31218, 44.5477 ], [ -123.31218, 44.54758 ] ] } },
{ "type": "Feature", "properties": { "component": 0, "name": "Unnamed street", "highway": [ "cycleway" ] }, "geometry": { "type": "LineString", "coordinates": [ [ -123.31218, 44.54758 ], [ -123.31218, 44.5477 ] ] } },
{ "type": "Feature", "properties": { "component": 0, "name": "Unnamed street", "highway": [ "cycleway" ] }, "geometry": { "type": "LineString", "coordinates": [ [ -123.31218, 44.54758 ], [ -123.31218, 44.54748 ] ] } },
{ "type": "Feature", "properties": { "component": 0, "name": "Unnamed street", "highway": [ "cycleway" ] }, "geometry": { "type": "LineString", "coordinates": [ [ -123.31218, 44.54748 ], [ -123.31218, 44.54758 ] ] } },
{ "type": "Feature", "properties": { "component": 0, "name": "Unnamed street", "highway": [ "cycleway" ] }, "geometry": { "type": "LineString", "coordinates": [ [ -123.31218, 44.54748 ], [ -123.31218, 44.54736 ] ] } },
{ "type": "Feature", "properties": { "component": 0, "name": "Unnamed street", "highway": [ "cycleway" ] }, "geometry": { "type": "LineString", "coordinates": [ [ -123.31218, 44.54736 ], [ -123.31218, 44.54748 ] ] } },
{ "type": "Feature", "properties": { "component": 0, "name": "Unnamed street", "highway": [ "cycleway" ] }, "geometry": { "type": "LineString", "coordinates": [ [ -123.31218, 44.54736 ], [ -123.31218, 44.54726 ] ] } },
{ "type": "Feature", "properties": { "component": 0, "name": "Unnamed street", "highway": [ "cycleway" ] }, "geometry": { "type": "LineString", "coordinates": [ [ -123.31218, 44.54726 ], [ -123.31218, 44.54736 ] ] } },
{ "type": "Feature", "properties": { "component": 0, "name": "Unnamed street", "highway": [ "cycleway" ] }, "geometry": { "type": "LineString", "coordinates": [ [ -123.31218, 44.54726 ], [ -123.31218, 44.54714 ] ] } },
{ "type": "Feature", "properties": { "component": 0, "name": "Unnamed street", "highway": [ "cycleway" ] }, "geometry": { "type": "LineString", "coordinates": [ [ -123.31218, 44.54714 ], [ -123.31218, 44.54726 ] ] } },
{ "type": "Feature", "properties": { "component": 0, "name": "Unnamed street", "highway": [ "cycleway" ] }, "geometry": { "type": "LineString", "coordinates": [ [ -123.31218, 44.54714 ], [ -123.31218, 44.54704 ] ] } },
{ "type": "Feature", "properties": { "component": 0, "name": "Unnamed street", "highway": [ "cycleway" ] }, "geometry": { "type": "LineString", "coordinates": [ [ -123.31218, 44.54704 ], [ -123.31218, 44.54714 ] ] } },
{ "type": "Feature", "properties": { "component": 0, "name": "Unnamed street", "highway": [ "cycleway" ] }, "geometry": { "type": "LineString", "coordinates": [ [ -123.31218, 44.54704 ], [ -123.31218, 44.547 ] ] } },
{ "type": "Feature", "properties": { "component": 0, "name": "Unnamed street", "highway": [ "cycleway" ] }, "geometry": { "type": "LineString", "coordinates": [ [ -123.31218, 44.54668 ], [ -123.31218, 44.54678 ] ] } },
{ "type": "Feature", "properties": { "component": 0, "name": "Unnamed street", "highway": [ "cycleway" ] }, "geometry": { "type": "LineString", "coordinates": [ ] } },
{ "type": "Feature", "properties": { "component": 0, "name": "Unnamed street", "highway": [ "cycleway" ] }, "geometry": { "type": "LineString", "coordinates": [ [ -123.31218, 44.54678 ], [ -123.31218, 44.54684 ] ] } },
{ "type": "Feature", "properties": { "component": 0, "name": "Unnamed street", "highway": [ "cycleway" ] }, "geometry": { "type": "LineString", "coordinates": [ [ -123.31218, 44.54678 ], [ -123.31218, 44.54668 ] ] } },
{ "type": "Feature", "properties": { "component": 0, "name": "Unnamed street", "highway": [ "cycleway" ] }, "geometry": { "type": "LineString", "coordinates": [ ] } },
{ "type": "Feature", "properties": { "component": 0, "name": "Unnamed street", "highway": [ "cycleway" ] }, "geometry": { "type": "LineString", "coordinates": [ [ -123.31218, 44.54668 ], [ -123.31218, 44.54642 ] ] } },
{ "type": "Feature", "properties": { "component": 0, "name": "Unnamed street", "highway": [ "cycleway" ] }, "geometry": { "type": "LineString", "coordinates": [ [ -123.31212, 44.5462 ], [ -123.31212, 44.54594 ] ] } },
{ "type": "Feature", "properties": { "component": 0, "name": "Unnamed street", "highway": [ "cycleway" ] }, "geometry": { "type": "LineString", "coordinates": [ [ -123.31212, 44.5462 ], [ -123.31214, 44.54638 ] ] } },
{ "type": "Feature", "properties": { "component": 0, "name": [ "Corvallis-Philomath Multi-use Path" ], "highway": [ "cycleway" ] }, "geometry": { "type": "LineString", "coordinates": [ [ -123.3131, 44.5458 ], [ -123.31298, 44.5458 ] ] } },
{ "type": "Feature", "properties": { "component": 0, "name": [ "Corvallis-Philomath Multi-use Path" ], "highway": [ "cycleway" ] }, "geometry": { "type": "LineString", "coordinates": [ [ -123.3131, 44.5458 ], [ -123.31382, 44.5458 ] ] } },
{ "type": "Feature", "properties": { "component": 0, "name": "Unnamed street", "highway": [ "cycleway" ] }, "geometry": { "type": "LineString", "coordinates": [ [ -123.31214, 44.54638 ], [ -123.31218, 44.54642 ] ] } },
{ "type": "Feature", "properties": { "component": 0, "name": "Unnamed street", "highway": [ "cycleway" ] }, "geometry": { "type": "LineString", "coordinates": [ [ -123.31214, 44.54638 ], [ -123.31212, 44.5462 ] ] } },
{ "type": "Feature", "properties": { "component": 0, "name": "Unnamed street", "highway": [ "cycleway" ] }, "geometry": { "type": "LineString", "coordinates": [ [ -123.31218, 44.54642 ], [ -123.31218, 44.54668 ] ] } },
{ "type": "Feature", "properties": { "component": 0, "name": "Unnamed street", "highway": [ "cycleway" ] }, "geometry": { "type": "LineString", "coordinates": [ [ -123.31218, 44.54642 ], [ -123.31214, 44.54638 ] ] } },
{ "type": "Feature", "properties": { "component": 0, "name": "Unnamed street", "highway": [ "cycleway" ] }, "geometry": { "type": "LineString", "coordinates": [ [ -123.31218, 44.54806 ], [ -123.31218, 44.54802 ] ] } },
{ "type": "Feature", "properties": { "component": 0, "name": "Unnamed street", "highway": [ "cycleway" ] }, "geometry": { "type": "LineString", "coordinates": [ [ -123.31218, 44.54806 ], [ -123.31212, 44.54834 ] ] } },
{ "type": "Feature", "properties": { "component": 0, "name": "Unnamed street", "highway": [ "cycleway" ] }, "geometry": { "type": "LineString", "coordinates": [ [ -123.31212, 44.54834 ], [ -123.31212, 44.5484 ] ] } },
{ "type": "Feature", "properties": { "component": 0, "name": "Unnamed street", "highway": [ "cycleway" ] }, "geometry": { "type": "LineString", "coordinates": [ [ -123.31212, 44.54834 ], [ -123.31218, 44.54806 ] ] } },
{ "type": "Feature", "properties": { "component": 0, "name": "Unnamed street", "highway": [ "cycleway" ] }, "geometry": { "type": "LineString", "coordinates": [ [ -123.31212, 44.5487 ], [ -123.31212, 44.54874 ] ] } },
{ "type": "Feature", "properties": { "component": 0, "name": "Unnamed street", "highway": [ "cycleway" ] }, "geometry": { "type": "LineString", "coordinates": [ [ -123.31212, 44.5487 ], [ -123.31212, 44.5486 ] ] } },
{ "type": "Feature", "properties": { "component": 0, "name": "Unnamed street", "highway": [ "cycleway" ] }, "geometry": { "type": "LineString", "coordinates": [ [ -123.31212, 44.54874 ], [ -123.31212, 44.54898 ] ] } },
{ "type": "Feature", "properties": { "component": 0, "name": "Unnamed street", "highway": [ "cycleway" ] }, "geometry": { "type": "LineString", "coordinates": [ [ -123.31212, 44.54874 ], [ -123.31212, 44.5487 ] ] } },
{ "type": "Feature", "properties": { "component": 0, "name": "Unnamed street", "highway": [ "cycleway" ] }, "geometry": { "type": "LineString", "coordinates": [ [ -123.31212, 44.5486 ], [ -123.31212, 44.5487 ] ] } },
{ "type": "Feature", "properties": { "component": 0, "name": "Unnamed street", "highway": [ "cycleway" ] }, "geometry": { "type": "LineString", "coordinates": [ [ -123.31212, 44.5486 ], [ -123.31212, 44.54856 ] ] } },
{ "type": "Feature", "properties": { "component": 0, "name": "Unnamed street", "highway": [ "cycleway" ] }, "geometry": { "type": "LineString", "coordinates": [ [ -123.31212, 44.54856 ], [ -123.31212, 44.5486 ] ] } },
{ "type": "Feature", "properties": { "component": 0, "name": "Unnamed street", "highway": [ "cycleway" ] }, "geometry": { "type": "LineString", "coordinates": [ [ -123.31212, 44.54856 ], [ -123.31212, 44.5485 ] ] } },
{ "type": "Feature", "properties": { "component": 0, "name": "Unnamed street", "highway": [ "cycleway" ] }, "geometry": { "type": "LineString", "coordinates": [ [ -123.31212, 44.5485 ], [ -123.31212, 44.54856 ] ] } },
{ "type": "Feature", "properties": { "component": 0, "name": "Unnamed street", "highway": [ "cycleway" ] }, "geometry": { "type": "LineString", "coordinates": [ [ -123.31212, 44.5485 ], [ -123.31212, 44.5484 ] ] } },
{ "type": "Feature", "properties": { "component": 0, "name": "Unnamed street", "highway": [ "cycleway" ] }, "geometry": { "type": "LineString", "coordinates": [ [ -123.31212, 44.5484 ], [ -123.31212, 44.5485 ] ] } },
{ "type": "Feature", "properties": { "component": 0, "name": "Unnamed street", "highway": [ "cycleway" ] }, "geometry": { "type": "LineString", "coordinates": [ [ -123.31212, 44.5484 ], [ -123.31212, 44.54834 ] ] } }
]
}
